receipt_no,person_id,confidence,dep_gap_s,n_candidates,has_features,workstation
20,b4c3c7ab-adea-48cc-9527-ba664620c572,0.000,954.2,3,1,2
21,647327d6-5840-48ae-8221-a49718950c2c,0.975,5.9,3,0,2
25,00432294-2be8-4d30-89ee-10eba9bd91ec,0.182,9.8,7,0,2
27,b48093e3-4ae4-41ab-aeef-8b0aaab2e02f,0.325,12.3,4,1,2
30,cee8b3c5-af6f-4442-9373-1d36b0d45763,0.335,14.5,5,1,2
31,74cb9ca8-34a5-488e-9f5c-659964b5d8ea,0.566,3.0,3,1,2
35,fca127c6-fcba-464b-9fc4-9506ce0e21dd,0.173,194.0,4,0,2
36,8774e993-4ff2-44ea-985d-c7f5a4c1052b,0.328,5.9,5,0,2
37,4ce9c285-92b2-487e-8133-73a07c47e393,0.276,1.7,4,1,2
38,b31dbb40-02b6-4c72-b2c1-725bee18c49a,0.824,10.2,2,1,2
39,7cb5c5aa-344d-4259-a8e6-312d1e2925e8,0.312,17.7,5,0,2
40,d5cf4580-6408-48ce-9ac6-7b0c93c387ff,0.379,4.2,3,0,2
43,b9c6b236-102c-4bf1-a35c-ab176b529040,0.202,6.7,7,1,2
44,946a2515-4e4a-480c-b669-2cfe5bd609c8,0.262,1.6,7,1,2
45,60155bab-ecc4-4cbe-a45e-d5caa0f148ce,0.223,59.6,4,0,2
46,491f5920-9f5c-4816-a829-8d44a1f40786,0.279,11.9,4,0,2
51,b8eb076f-5351-4765-9944-7bd45108f515,0.374,100.2,3,1,2
52,504558bc-367d-4e0f-abbb-88df8ae000f8,0.402,9.0,4,1,2
53,9be63da2-3518-4cd7-b436-eb4a1ba570f7,0.315,2.4,4,1,2
54,77a0bea1-0705-4a14-98f6-d0b7668774f2,0.519,18.3,2,1,2
57,28fd78e2-be51-4181-879a-1222e4204504,0.522,55.8,3,1,2
58,43db3ff9-40e5-4155-8fae-cdad764a3b7f,0.155,1.4,7,0,2
59,2f06c1e2-f955-488d-9f98-6197db99e7f5,0.821,28.8,3,0,2
62,5f324879-c5b3-42bf-a544-55ef85b999df,0.164,183.7,4,0,2
63,adc7c847-69de-4d35-a226-ff54c2480793,0.473,6.0,5,1,2
64,85321c11-cb3c-4b03-b177-9d9bb0853de8,0.182,3.9,6,1,2
67,d2f91884-c44b-483c-8342-7ca43e2ece9e,0.693,3.4,2,0,2
70,ffcd3842-6017-4cc5-b987-d28bd9c05d30,0.503,8.7,2,0,2
71,bdd4de78-779a-4811-b26c-6e58c5d21c34,0.310,5.2,5,1,2
72,06ffec48-d07f-48cf-bbd6-807e3c295e61,0.426,9.5,4,1,2
73,c721dcea-2023-4e63-a076-ab990ff5a52a,0.249,42.0,4,1,2
74,7578b305-ab90-4d32-b4a3-3f40a2e29ab9,0.515,7.0,2,1,2
75,805e82f0-3835-41d1-b890-cecc1a6ba2f8,0.360,6.5,7,1,2
76,b169aab4-8d69-43db-90d7-2e3025b0085c,0.335,3.0,3,1,2
77,2ab29e1c-e094-457f-8e77-e8a9e6a64dd5,0.763,19.4,2,0,2
79,47c9619e-faaf-4a83-8e43-d670a0c86f04,0.322,19.5,4,1,2
80,dccbcea0-4c08-4420-ad7d-1dff2deec806,0.240,10.1,5,1,2
81,ab5a2d25-9cc5-4a53-9386-ff91d8186e08,0.296,0.5,4,0,2
82,dc1dfb69-fb29-4ded-b859-6ce06816ebb0,1.000,127.8,1,1,2
84,d1e63911-a407-4387-ae36-9936dc001933,0.795,17.7,2,0,2
85,30c1cd33-c129-4a78-8a7e-ef420fefae4b,0.516,7.5,2,1,2
86,e7df6d6c-4218-49a1-b882-b655f048d5c4,0.516,1.7,2,1,2
87,1c954cab-15a1-4a0a-a325-6a31518760b7,0.948,6.9,2,1,2
88,2dc09262-5851-448d-a6f5-a4f89edd549d,0.400,22.4,5,0,2
89,dcf40888-68db-4cf2-9d93-2cc3c4fb7df9,0.205,11.0,7,0,2
90,21b769e9-6d13-43ba-a8ce-cf53b44fdbdf,0.500,4.7,3,1,2
91,41ea6412-8efa-4220-a27e-fc8cf7200b78,0.449,29.6,5,0,2
96,f1c38080-c5c3-4025-91ce-5cdbf171e1a5,0.466,18.2,4,1,2
97,2e349f55-54ba-4d8c-adb0-22baece67c75,0.861,7.2,4,0,2
99,873312ae-8abc-4c4a-8a7a-e132a1be24df,1.000,120.0,2,1,2
100,499d5947-0303-4c4d-a3ce-a5f4be4bf3fd,0.321,16.9,9,0,2
101,72de27e1-e95b-40fe-aa27-ecab86ac79f9,0.270,0.4,8,1,2
102,5c7da10f-a81b-4343-9395-b091d972c348,0.249,4.7,6,1,2
103,66368be3-2336-4e04-b7f7-3dc82bf70563,0.966,81.5,2,1,2
104,25446875-0d80-4f2d-87a7-d26856d901e3,0.046,302.3,3,1,2
106,bf4649ca-1211-4fd5-9c8b-98b291f6a001,0.660,10.6,3,1,2
119,220ccc4c-8bd9-478f-b809-8668698db479,0.642,3.6,3,1,2
122,0f9abc4a-38da-4f21-b2a3-96b59083facc,0.258,1.4,4,1,2
127,2da35d93-bf0d-4e22-a683-6078d8498c55,0.352,82.0,3,1,2
128,4b16fbfb-e9f5-47e7-96ac-34cb39507d83,0.473,25.5,3,1,2
129,dbdb7694-df09-4c6c-a9ba-4a95262ae6e0,0.568,1.5,2,0,2
132,3cb31966-e9ee-4578-bb3a-f31f3e8ea469,0.462,11.8,3,0,2
135,0a66583e-c843-49ac-b1ef-f0876c84859c,1.000,92.8,1,1,2
138,b8e62b24-9e0b-4253-a7fd-d8ab3a655a56,0.351,7.0,5,1,2
141,262978ba-14e1-4d10-8b2f-d93e20283e00,0.524,33.7,2,1,2
142,179312ee-4471-4e22-833f-dc46a71bd9b1,1.000,28.6,1,0,2
145,de79810c-929f-4a29-b509-db371c664bfe,0.228,2.0,5,0,2
149,bf515b7b-5836-475d-9bcd-90f9e771688a,0.861,36.5,3,1,2
150,d5117c11-375b-4701-bcc3-3c03cd90f580,0.495,191.0,2,1,2
153,3a16ab96-4a44-4822-8be4-2fe4eb60d49e,0.956,7.8,3,1,2
154,8e9ff14a-8c71-45d1-b293-fc5333ec646c,0.919,22.9,3,0,2
155,e32b86ab-346a-4956-add1-6707ec4a7231,0.455,15.7,4,1,2
158,9ff58286-bbdf-4743-9603-f258fc523f4b,0.220,25.1,7,1,2
164,b4ed0304-24d8-4691-9ef1-904aba71e983,0.362,2.3,3,1,2
168,5cd3f207-8586-48a7-81bc-dc5201cebccc,0.534,8.5,2,0,2
169,e2c57153-a968-445a-b019-8daf32710474,1.000,39.4,1,1,2
172,ec1177bd-06f1-444b-be57-95334b790c0b,0.906,9.4,2,1,2
173,22e619a3-07e5-4796-bff5-dcdfb2d65605,1.000,13.7,1,1,2
176,a7b3cca6-003d-4e60-9006-b25572239770,0.342,11.6,3,1,2
179,cebb6fab-61f9-41f7-a67c-a48119cf6690,0.355,11.1,3,1,2
182,781b6882-2dec-4c37-853d-7697ef0e3aab,1.000,23.8,1,1,2
188,4bef7bf5-e368-45f5-bb37-eb06d28b7fef,1.000,39.8,1,0,2
192,598f722b-95b9-4c37-ba77-9ab85c10987a,1.000,1.7,1,1,2
195,c4d3d05e-f2ce-4ef2-a3d6-d553a7e518bf,0.251,93.9,3,1,2
196,4a285f50-e009-4998-887d-b8267e57c6d0,0.492,2.3,3,1,2
197,02790134-2fff-4a41-97db-84f1566b89e9,0.506,9.6,2,1,2
200,c156d523-5bab-4e6f-9ab4-830b3ad82baa,1.000,188.5,1,1,2
201,2e91d1d9-ddc4-4da4-bf1a-bd903e484bf5,0.363,4.2,3,1,2
204,1e370c56-4131-4182-8ece-4e10a2c143c6,0.329,21.3,3,1,2
205,e2bb04c7-47ff-4d81-88d1-8c586bb59a25,0.521,0.8,2,1,2
208,1c8be1ca-9292-4886-85fb-e032f29e2fc6,1.000,5.3,1,1,2
211,6e4f6e36-1440-4405-9ac1-9d8590fd778f,0.302,4.6,4,1,2
214,29be9717-d9fd-4df3-9607-cd3809e60c2c,0.503,4.0,2,0,2
215,441669b8-9bcc-495b-aa0e-70cb8a9e3080,0.482,5.3,3,1,2
217,04c926cb-75a7-4479-88bd-bcef5f74dfa9,0.318,4.7,4,1,2
218,56479381-5f7d-42cd-9a88-d7337a13daba,1.000,24.8,1,1,2
221,58a71c32-6e93-4018-a72a-e0dc0fc775c5,0.506,21.2,2,1,2
228,180ae4a1-170d-409e-9595-3b090d22daf9,0.509,24.3,2,1,2
231,f02aae0c-3ea4-4277-8823-9cd9056d09d5,1.000,10.2,1,1,2
234,4fb8bba3-a268-46a6-a8ec-725f52d8d23b,0.339,12.4,4,0,2
245,5377244b-9f50-42b3-85b7-8ca9991e6fa4,1.000,26.3,1,1,2
248,1d137dbc-a9ed-4127-94f1-229299c362de,0.340,15.8,3,1,2
251,b85c0c55-7cd1-43c3-b119-431548288c94,0.506,19.3,2,1,2
254,2ae68119-bd34-45ca-9d0a-02ba6c6bce41,0.504,10.0,2,1,2
256,bf9a5806-939f-4f16-a582-2d3a02105f90,1.000,11.6,1,1,2
259,13e81e32-0e7b-45c5-962d-d5d2be95ccc7,0.510,34.2,2,1,2
262,8bdf02cb-64a9-443b-8829-7e27e57a1ce4,0.453,3.3,5,0,2
263,808fb6c6-9370-49c7-a3d0-79728456ff84,0.431,44.4,3,1,2
266,5ed51b72-4c62-4924-9549-b331baa1ef62,0.502,18.5,2,1,2
269,fe3b0d88-746c-478c-99e7-e84eb81d5313,0.353,2.8,3,1,2
272,b2580a33-8932-406e-be13-9da8a8e1e595,0.485,8.4,5,0,2
273,3d84af42-0635-47e3-a7e2-241c53977f05,0.342,26.4,5,0,2
274,be1e3eff-2174-44a3-b9c1-ab2a948b9202,0.359,16.2,4,1,2
277,9178bd4b-d687-4cfe-924a-aba77dca500f,0.560,6.2,2,1,2
278,37daf1cd-336d-4aa8-932d-7bf965a8505d,0.784,10.0,2,1,2
279,f38f8ee3-7f43-4ba2-a8af-dc399d504dff,0.761,3.9,2,1,2
280,646e4967-77a1-4e9a-857c-27068e7e46c4,0.645,4.5,2,1,2
281,02936e25-7cb3-4c66-9444-db79d522ed7f,1.000,9.7,1,1,2
282,c38a36eb-902f-4e91-846d-3f99b7754025,0.501,10.7,2,1,2
285,615a21ea-7db1-43cb-b1ed-0138bb1e3d4f,0.317,10.3,5,1,2
289,4c340eda-56c8-4b8e-8b62-b8da743f9a20,0.440,12.5,3,1,2
290,b11b7cc8-23f0-45f5-b3e1-c1ee09079702,1.000,54.2,1,1,2
293,3cce540f-2dae-4659-aac7-181ce3834202,0.568,12.9,4,1,2
296,f5578bf9-91da-420d-a397-f03da38dce85,0.641,6.0,3,1,2
297,8c1c8b91-cd8d-47fa-b30f-c44625ef4e10,0.966,7.4,2,1,2
300,6cd32726-609b-4a63-b410-1991b7782575,0.214,3.9,5,0,2
303,f8673e7b-05f1-4578-849d-cf0ad2c79a64,0.314,4.7,5,1,2
306,0e857c84-ed79-4b81-880b-a01aaf707df0,0.499,12.3,3,1,2
307,d28e0f30-54cf-4fbb-863b-9c2db2fa4508,0.418,8.3,3,1,2
308,85f9c447-13df-4747-a9cb-be2689f40d11,0.367,1.8,3,0,2
312,ae0e5567-6b2f-4213-aab0-e21af43c53a7,0.638,3.0,5,0,2
313,9f10bfbf-ec5b-4c86-9aef-9e379f111d16,0.385,18.2,5,1,2
314,5c1f63a4-97b7-4477-a901-e42e9a715e23,0.776,7.8,4,1,2
315,20e39623-b0b8-4433-bd26-7e607545a8e5,0.521,22.0,4,0,2
316,85ca6a31-6c1e-4d47-99c2-b85e4fcb57b8,0.344,55.1,5,1,2
317,9f90f614-72f6-47de-88d3-3c4122baadae,0.418,4.4,4,1,2
318,acfec850-e032-443a-98e7-9592276a3d30,0.317,34.4,4,1,2
321,9348814c-acb4-4f64-8b6d-13bf73c62039,0.588,9.3,2,1,2
322,d6a7852c-cbea-4461-af64-284e7c305c1c,0.359,10.3,3,1,2
323,12a312c8-d4be-4084-b899-1dc996a0f22d,1.000,5.9,1,1,2
326,7e369fe2-f3ab-477f-a7f4-95052f7eb6d8,0.460,8.2,4,1,2
329,f3ce4a4c-6f14-4965-8074-f8e12c836c08,0.205,2.7,5,0,2
333,3f22df82-994c-49bf-80fb-0ba5a747958c,0.318,65.8,3,1,2
334,211370e8-9dd9-413b-8d08-72ca589e484e,0.253,5.7,4,1,2
337,d2891b34-f238-455e-8443-a8105254b960,0.345,1.5,3,1,2
341,2747812c-cac2-458e-85bf-784c209aa524,0.290,6.8,4,1,2
342,6038c51a-02cd-4a5d-b52d-80b5952f3a2e,0.208,3.9,7,1,2
345,f73c8517-a2ce-42dd-9129-2f93ca8f50a7,0.696,8.5,2,1,2
346,4a919873-9ddb-458e-9e0d-19aa4dca0de6,0.348,4.9,3,1,2
352,afe3f3b3-6203-436e-95e1-f38aafc7d07d,0.503,17.4,2,1,2
355,5993e2d0-d45c-44a8-98d3-1e09bf54b3b2,0.340,14.5,3,1,2
358,5fd6baee-acf4-41fa-a304-b35e92caf79a,0.384,13.4,3,1,2
359,d7a727ac-349b-4de2-a75f-aedba21e1b81,0.355,1.0,3,1,2
362,f8bff7b4-a9f6-4e94-b2c6-ad2624fd6942,0.346,8.7,3,1,2
365,d7a78bad-cd6a-49a5-98d2-daa4ade35783,0.512,13.8,3,1,2
366,d6fcbb0d-f599-411a-9be8-1dc521c9a697,0.487,3.1,3,1,2
369,61d0bf79-b6b5-48f8-a272-730ddd3049bc,0.356,5.2,3,1,2
372,59013c49-0e6e-4d0a-87a1-d83e64a1ec51,0.519,14.6,3,1,2
378,a543dc31-92b9-405e-a4f0-8046ee74a856,0.407,26.5,4,1,2
379,2459bcf4-577b-4514-9652-9238fdbe4b84,0.270,7.1,5,0,2
380,d1ec769a-b620-4bb5-9186-dbe5c2e55a7b,0.212,28.0,5,0,2
383,15448f91-451d-417e-ab52-8e82de7e7ec7,0.166,210.1,2,1,2
384,964d8b9b-d330-40ce-81a2-877c07df6773,0.834,25.6,2,1,2
387,71809abc-e0e3-42df-bc13-476bb4f39f5f,1.000,24.0,1,1,2
391,a0ae343c-4c41-4c2d-9c44-609b4691c1c2,0.391,20.8,3,1,2
392,bed852c0-7dd7-4f5f-b44e-746a18d26639,0.538,6.9,2,1,2
395,85c47c29-e861-4c91-9eb0-4ff6107647c4,0.451,63.3,2,1,2
396,ce8134ed-7a29-4625-86c7-482799311f35,0.524,4.5,2,1,2
399,2891d4b6-c4a2-44c2-84f8-dc4069e8cd95,0.478,17.8,3,1,2
400,3d960131-886f-4d45-b776-75ee28f225a7,0.254,25.9,4,0,2
404,1122a75f-e1b5-403e-89a4-9b347869d6eb,1.000,1.0,1,1,2
407,8df955d8-de81-46bf-9094-5d14ee02aada,0.464,16.7,4,1,2
408,ba9e519e-69a8-417a-8e96-ce2b302a9b22,0.248,39.7,5,0,2
409,826b98de-80fb-475f-8bfd-04b0848c094c,0.501,23.5,2,0,2
415,349a0438-6788-4f7a-8856-826c7e9090e8,0.339,43.2,3,0,2
418,9d84c786-46d5-4c71-80f7-17f9d1b71a7c,1.000,6.6,1,1,2
421,79756b60-4256-489c-a435-94d72d8a6a4b,0.461,10.2,4,0,2
422,f2631edd-b1bd-4a4a-9ab3-91583b3cff29,0.513,81.3,3,1,2
425,3601eff4-9f5f-4050-ae6a-32f072a4ba07,0.322,233.4,3,1,2
428,7924b656-4290-4892-a998-d7288b332dd0,0.354,14.8,3,1,2
431,82c4dc55-51f1-4711-b25c-5d5e3b355adc,0.352,9.0,3,1,2
434,71094234-7079-4681-a589-01c816dab6e7,0.546,0.3,2,1,2
437,1931d8d0-8265-4a80-8341-b8d97f88cfec,1.000,4.7,1,1,2
440,c0b9037f-0655-4406-8ccf-f930d689c627,1.000,3.9,1,0,2
443,76a2db23-f772-4add-9142-cb999b3d413b,0.903,13.4,3,1,2
445,58224048-5ac3-46f3-94fb-827abfe379e7,0.431,162.7,2,1,2
447,04f90ce6-f93f-4cbd-b2bf-283af2c8c335,0.397,5.1,3,1,2
456,0eab2bd0-e5b4-4719-bebe-c4d09bb4bb78,0.632,9.1,3,0,2
457,cb0578bb-33cc-4540-91a4-14f6e8eda402,0.360,7.8,3,0,2
461,a512e434-87df-470a-950e-b94dff79361b,0.221,26.1,5,1,2
462,24bc0f56-aa46-4bcb-b228-592f5e7d4fe4,1.000,11.8,1,1,2
464,eabcc059-59ae-4163-9c2c-f0624ded0759,1.000,75.7,1,1,2
465,6dbdfb5d-d627-4605-8fb2-f6a47e7f7fc9,0.504,1.3,2,1,2
472,b0dacc4a-26ad-4019-99c0-7174e092ae27,0.268,9.3,4,1,2
475,fa325404-ccce-4c6f-88b5-17690d16645a,1.000,14.8,1,1,2
476,b29503f6-c38f-40c0-ac9d-e68d800c1df1,0.581,2.4,3,1,2
477,1ff3f70d-9a2f-4fd3-8479-f02db2f1d040,0.686,7.6,2,1,2
478,b684edcc-be72-4af8-a738-dbc1610ede82,1.000,5.0,1,1,2
481,cbe196f8-9e7a-47d6-9196-a7fdb8111efd,1.000,121.4,1,1,2
485,22e30348-9414-4edc-8dc7-16ec0a4a20c5,0.330,33.6,3,1,2
488,41b5d56a-0c53-4e20-8448-139d83f66ae2,0.504,2.6,4,1,2
491,cb622151-545d-4008-8676-7e5688d7182b,0.431,2.3,3,1,2
493,378edd40-9519-4e5d-91df-06b5f0d4cda7,0.388,25.5,3,1,2
494,25d6c668-1f4a-4f12-b864-b48f1a65d846,0.502,0.3,2,1,2
497,407bfcf0-6a88-45cb-8e8a-97b8f2d0afaa,0.348,1.3,4,0,2
499,91885532-27c7-453b-9548-02c0c809c8e2,0.242,217.4,2,1,2
500,3f355f69-3192-4889-9e9b-42c001de5842,0.516,21.7,2,1,2
504,6b50e02d-1914-4010-8866-84f542c6d7e1,0.353,13.4,4,1,2
507,98d4ac6e-57e2-417e-8e37-822fea91b00b,0.338,16.1,4,0,2
514,a5cd0075-8c40-4e75-93b7-35695cefe4e0,0.264,16.1,4,1,2
517,f73e2d89-813c-497a-9e95-c8e62337e644,0.339,11.5,3,0,2
518,4e7d2e79-3fad-4af3-9d87-fede95e49f52,0.624,1.9,2,1,2
521,3bfbd7da-3a27-4fba-b7b1-381eae0918dc,0.430,10.3,3,0,2
526,a2280873-4764-43ee-af3b-fa3fb7ea0749,0.500,74.6,4,0,2
527,d6011526-b3f5-41e6-923f-4c180e4cfc40,0.349,5.6,6,1,2
530,dd14cebf-dc8e-4013-8fbd-b28942c3f571,0.736,15.4,2,0,2
531,e123f578-128b-49a6-bd11-3ca5accaad2b,0.290,3.7,5,0,2
532,98b4f9b3-da57-4f65-a5ae-7c68e916af2f,0.335,4.8,3,1,2
535,ddf17063-e085-45f4-a468-f1107345257d,0.181,0.3,6,0,2
538,04b26459-b653-4b75-9d2d-b5cca7f674aa,0.322,0.7,6,1,2
541,69839637-fe50-403f-b40e-c109167bd2f0,0.261,0.6,5,0,2
544,daba39b7-23fd-41a1-b97d-1066e79279ac,1.000,97.3,1,1,2
547,3515e0f1-71ba-4d9b-a358-241eb0254726,0.983,25.5,2,1,2
548,20080f11-7ecf-4279-973d-f34d7ae85ef6,0.950,1.2,2,1,2
553,494029f9-9f6c-464f-b774-57d8a89fd83c,0.248,75.1,5,0,2
554,3d87f00c-2267-4318-9bd5-75a6b56f4492,0.378,41.0,3,1,2
555,f94378c7-7aa9-487b-8a12-16bdc6848e82,0.359,4.2,5,1,2
559,5bacc208-dc43-457e-a13c-6465e9a8725c,0.559,51.9,2,1,2
560,0692bf30-236d-4c2f-988e-a50c29567d95,0.520,7.0,2,1,2
561,729da036-d522-4787-8a78-1fd7a0088c87,0.342,25.9,4,1,2
562,222eef38-3ef4-4d9e-9365-f5a324f85beb,0.330,0.5,4,0,2
563,dac9273f-8091-4985-8200-27d12bdf3809,1.000,117.2,1,1,2
565,8226d2e0-d35d-4d35-a282-174f3d543d40,0.508,1.2,2,1,2
568,fd4c83dc-5b05-4dbd-84b3-0b4b91c20be1,0.341,1.3,3,0,2
572,bb7d1274-9f9a-4c60-988f-33fed42d220d,0.348,1.7,3,1,2
574,0f5caf30-bbf5-4432-b0a2-4232e2199870,0.509,6.6,2,1,2
575,1bedc1e3-8105-4760-bd7c-73050d85e001,0.496,136.0,2,1,2
577,b0ea76fc-3c22-4d8f-9716-dc18f9e6a319,0.287,1.4,5,1,2
578,bf86e4e7-09cd-4bba-93d5-b93d862c7a4c,0.404,3.3,3,1,2
579,448ab41f-aefb-4910-b6e4-f94d889515c3,1.000,11.7,1,1,2
590,553f16a0-8501-4dec-8c91-280501741ba3,0.569,1.9,3,0,2
591,5beacfc4-8a56-4b5c-9d63-690c79a7c0ac,0.844,10.1,2,1,2
592,8e075ba9-59c1-4a1e-84ba-6734c5547baa,0.838,14.7,2,1,2
593,7520264b-ce48-4365-b1b3-8172d22e374d,0.507,10.3,2,1,2
596,6d50c326-ee76-4b11-921b-5a7d75a6085c,0.185,3.8,6,0,2
599,e76e3670-5fb9-472e-ab36-5d7b059415d1,0.274,2.1,5,1,2
602,891d4072-2805-4b8d-8745-17e0bc43c42c,0.525,5.2,2,1,2
605,f411be57-cf9f-430a-b183-b09a05182f83,0.223,111.4,5,1,2
606,65bf51ea-e4e6-462e-812c-27ebdc7fa68f,0.776,2.2,2,1,2
607,16428594-c175-4d72-8a89-c28b19843e28,1.000,5.3,1,1,2
610,18ba5b87-4307-49c2-988c-7087408613b8,0.930,0.5,3,1,2
612,cd594d80-0507-4da0-9ef4-1f4c01102203,0.386,22.4,6,0,2
613,f11bca41-83e1-4f10-a753-ef05f7b26ff9,0.641,1.2,3,1,2
614,35de5fc6-ad93-4e78-ae5d-e71905132f18,0.386,5.4,3,1,2
616,d7daa58d-c490-4d11-a7b0-5f02e7796ed9,1.000,11.4,1,1,2
620,2fe29065-ca12-40ea-ac9d-cfc6268e8b5b,1.000,11.9,1,1,2
623,5e7126f3-9f72-4ad8-8097-3cc36ef6ffa7,1.000,253.9,1,1,2
624,1aafac53-96b0-4233-a52a-d23897cc59c2,0.476,13.2,3,0,2
625,08a6a216-34be-463e-84f6-890a372f3699,0.287,8.7,4,1,2
628,4d6c3d6c-a75d-48bf-b006-694c432c37c1,0.709,31.7,2,1,2
629,d880ddb7-5078-477f-bc86-92f51c5b6854,0.440,50.6,2,1,2
630,f909516e-8e84-45e8-b091-b1db7103974e,0.692,17.1,3,0,2
631,35be47f5-9845-445a-bedb-29a1aa494594,0.773,27.7,3,1,2
632,cd039925-ddfd-4e0f-b614-e44d7e4c8921,0.528,64.0,3,1,2
634,95b476f3-532d-4770-9093-650a681740b2,1.000,39.2,1,1,2
635,f2532e26-27f7-4283-9d67-bb1f65c85791,0.192,1.8,6,1,2
636,0d2db451-d714-4e23-954d-00ab1ce44ad5,0.225,8.1,5,0,2
637,44ada82e-38ef-4a24-8696-e79478019d02,0.441,14.5,3,1,2
638,c2f5deb2-1850-4d00-90da-a6d28be31621,0.542,78.6,4,0,2
639,6c7d6f35-405d-4410-a2b7-f56a2ffb3996,0.563,5.4,3,1,2
640,cd7efba5-79fe-49aa-85ce-b885d68d4d37,0.695,4.8,2,1,2
641,0a9e535e-d3c4-4b50-ae24-36d426ae7ec5,0.405,115.5,4,0,2
642,84a65b3f-7807-4286-826c-959b0905490a,0.288,72.5,5,0,2
643,1e98958f-05bf-448c-8628-40c0f1ea9c7c,0.233,8.4,6,1,2
644,e4dc3722-2963-4ade-84d3-52645cfcd67a,0.366,12.7,5,1,2
645,787caba4-3e58-4574-be61-74640f157dab,0.226,1.2,5,0,2
646,d17cf5d0-6f31-4b8c-9ac2-e27ad91e3fa3,0.763,16.1,3,0,2
647,f2883df4-fde0-4cc0-92a3-133c17ce7d0f,0.198,9.2,6,0,2
648,5c58afc7-38d7-484d-b71f-49acd72f203c,0.347,4.6,4,1,2
649,99d15616-6e72-4671-8506-a74ebe854bdc,0.258,11.5,4,1,2
650,c2cf0747-9510-48f0-9767-2f6e13a0664d,0.153,309.4,2,1,2
651,5578a12e-8e16-42dd-b2af-369cbe3c96b4,0.283,0.6,5,0,2
652,94a28fd1-ba4e-444a-8ce0-880a310ecdae,0.502,5.7,2,1,2
653,f7a17430-e6c6-4655-8031-f2995c26b645,1.000,8.3,1,1,2
655,12d5cd62-53fc-49d0-8e20-7677db57c490,0.306,3.3,4,1,2
656,71e93043-9b84-40cd-a06a-d9f0fcc4ed35,0.295,2.1,6,1,2
657,5136c17e-93e7-4a14-b9c7-f5791a4a583b,0.233,19.0,6,1,2
658,7f1e3c49-0450-4c43-ab77-fa93ad5c4870,0.493,38.5,2,1,2
659,a3b47e06-ef02-45cc-be54-e88135e9cef9,0.508,2.8,2,1,2
660,4b9a704f-e7fe-41ba-87af-90a7184300f1,0.302,7.5,4,0,2
661,d4be9b57-db64-4712-9506-33678c3eb8a2,0.074,406.9,3,0,2
663,84c610bc-e28a-4214-8009-5a7a5193fe62,1.000,1.0,1,1,2
664,7b3e40a9-f919-43eb-9abf-19dbc1d70af6,0.969,2.4,3,1,2
665,52696f07-4478-4e73-82bb-690a8ad52390,0.412,17.6,5,0,2
666,27491553-0c94-4299-a537-fc62bf706027,0.398,27.0,5,1,2
667,12408b29-c7a4-4f81-9a59-1be4254bdee9,0.296,5.9,5,1,2
668,b02815cc-3b8b-4b64-9053-aabc75507f96,0.253,7.5,5,1,2
669,48329961-b319-4be7-a694-4c721ff248c6,0.264,6.6,4,1,2
670,f2f83998-98a6-4512-a0a9-a0e041e1438c,1.000,36.5,1,1,2
671,8e17928d-6de9-44b9-88bd-b411730e9337,0.976,7.2,2,1,2
673,3dc51467-6e98-40d7-a5e5-1f4a4c1d0766,0.055,270.4,5,1,2
674,02bec242-122d-47bc-9eda-b2c8ac3bb57f,0.410,31.8,5,0,2
675,df379f40-98f1-4920-a823-ba2a8313c24d,0.424,5.0,5,1,2
676,27aa139e-93b9-43fb-a9aa-8ee2242d0061,0.336,20.4,3,1,2
677,4c3f1c18-963b-4aaa-a9a0-ec2ec9de836a,0.370,12.1,3,1,2
678,f8fd85c2-2835-4309-adba-f71a0f374d8c,0.503,2.5,3,1,2
679,8e40694e-7ee3-4c91-953c-b3c7cb28a8a9,0.447,21.4,3,0,2
680,fec63c4c-8eb1-4acf-92f4-13148c00af1d,0.269,8.0,4,1,2
681,a5935a59-576f-4fdc-9ffd-22fc5faac6ef,1.000,6.5,1,1,2
682,a101e11e-9600-46c3-9dae-144fc90419b5,1.000,7.5,1,1,2
683,60f8d628-cf83-4c04-9e53-8cdcbe21c27d,0.296,4.6,7,0,2
684,adb32290-5ccc-43f9-8140-0af5242c7d15,0.140,60.5,7,0,2
685,b16dc95c-82b2-48b5-be55-ebbe07678ec5,0.258,9.4,6,0,2
686,06a019b2-0fb3-4c83-b249-b4919cf66403,0.183,0.5,7,0,2
688,cab46206-a0a3-4416-a608-bd20eb2c63d0,0.409,6.7,5,0,2
689,74e4af84-0d7b-4c04-b6ba-8e275cc82e7b,0.302,40.7,4,1,2
691,121772e8-a707-4e01-82be-9b72e37b4633,0.505,19.5,2,1,2
692,4fe2a2ae-1033-4bd4-8fd9-b976918eeb79,0.508,63.9,2,1,2
693,ad02da65-0a7f-4e7b-bcb7-cdffb056168f,0.375,4.6,3,1,2
694,58e6c1e4-f970-47c9-a232-cabfd0d58ca6,0.409,24.7,5,1,2
697,ad8f6c49-21b8-469b-a521-0b132441695e,0.325,77.8,3,1,2
698,c294e5a9-9057-4e1d-bb5c-94f443551900,0.288,0.8,4,0,2
700,6dea29d1-15b8-49df-b5c1-0267e949ef95,0.703,6.2,3,1,2
701,713536f3-fbaa-4e3c-a0a3-a1e57ebae084,0.206,34.7,5,1,2
702,decfb96a-5c17-4e26-971d-6dcb6293c323,0.219,7.8,5,0,2
703,c6ce8259-ea48-480e-96d4-f02749cd1979,0.900,4.5,2,1,2
704,e0dcbcfa-6221-45fd-886b-80ece6dee423,0.274,3.5,4,1,2
705,5c14cf0d-9952-4d95-877f-424d7abad9af,0.516,8.4,2,1,2
706,a7270bdf-6dcb-43d5-b886-cb47985afbf0,0.451,29.2,4,0,2
707,cc23e24d-b14f-4bcb-b884-1d10f707a4b7,0.364,4.7,4,1,2
709,fe7b745b-efed-4c8d-a0b7-f79a52b7991a,0.320,27.6,6,1,2
710,74fff0b8-5044-4d21-9761-c3de79d4ba93,0.190,0.3,8,0,2
711,adb3254d-3c21-41e2-a0ae-c732b7b02cf8,0.485,6.5,3,1,2
712,73f82ef1-f904-45c0-bee2-c9aac3c711d4,0.219,3.4,7,1,2
713,79a011f2-769a-44ff-98fc-e48e7af78a8c,1.000,10.1,1,1,2
714,fc9c2628-8c3c-490b-9a77-48a057f93ece,0.524,13.0,5,1,2
716,961e7241-1866-421a-9eef-3bdb3294ef83,0.502,2.2,3,0,2
717,85af2d61-3e47-4663-9104-3bfb705a2813,0.412,4.3,4,1,2
718,146d13b6-adb5-45dd-ba84-7d88e8ef4afe,0.237,1.7,5,1,2
720,2ed4e1f6-8195-4418-879c-b2fdb97c489c,0.329,10.5,7,1,2
721,939b3bfa-bd89-4cf2-84e2-693faeaa9abf,0.266,4.9,4,1,2
722,055aac60-d5f2-4603-ad81-c08b7188c7e1,0.222,9.5,5,1,2
729,5983868e-9c9c-4c10-a2f2-1f6a02ff0f12,0.339,2.7,3,1,2
730,4e754153-0ce3-43b3-afa7-e77a71dca87f,1.000,54.0,1,1,2
733,f7e27f93-7dfb-4c83-ab5e-23abd4d10daf,0.262,7.9,4,1,2
736,00e71f30-cdc0-4c5d-9773-6c64d12d4ec2,0.591,9.8,3,0,2
737,d03d2a5e-f172-42d5-9e18-216c58df7d61,0.359,0.8,4,1,2
741,34f4d23d-c28a-4689-99de-f0f51c4e6632,1.000,6.4,1,1,2
744,4d85979a-4fb2-4566-9e85-008d6d7e1ab2,0.622,5.9,4,0,2
745,f487cf56-8401-4bc6-a445-c50381864108,0.339,61.8,3,1,2
748,282fc72a-5c79-401c-ab5d-3237b23f3164,0.238,24.0,6,1,2
749,850eb02c-d2ba-46f6-8bc6-5ccfde694a86,0.612,16.8,4,0,2
752,5ebd5cb4-6879-4021-a622-9d5437e819f4,0.497,139.9,2,1,2
753,58bf7155-ad97-4d43-a999-5a0a3fde5ee3,0.266,8.8,4,1,2
756,b6167861-0830-4fda-b608-6341ce92199c,1.000,12.9,1,1,2
762,63f504d6-bd5e-4e86-9dc5-3dd1f76e0e7a,0.517,6.5,3,1,2
763,a12fa9dd-3d5c-4918-a4cb-5b57f8aae346,0.503,113.2,2,1,2
766,58e284c2-9f29-4a3d-8191-10eea39190bb,0.337,2.3,3,1,2
772,001da67c-45e3-40c5-ab04-6045d41e7294,0.322,3.6,4,1,2
773,2928bf75-08aa-4821-803b-1065b90f59bf,0.349,1.4,4,0,2
776,17064b24-e544-462d-9d2c-21082de08344,0.336,1.5,4,1,2
777,1a8a3ec7-01b6-4a13-bc4f-3dab96ebcef5,0.580,14.8,2,0,2
778,9d004367-caa0-4084-9e09-7f9bff12ff55,0.526,6.0,2,1,2
779,d0c9614d-dbc3-4250-8b07-6bb60cf03807,0.560,1.9,2,0,2
780,fa715ffd-8c38-43e3-ad4f-d51028fb70c2,0.551,3.4,2,0,2
781,2cd8abf0-0f95-4ae9-86a2-3ba9f4c7621c,0.505,13.0,2,0,2
784,f8bdbb74-18d1-4235-85ba-c5a4676b402e,1.000,0.8,1,1,2
787,16496367-9afd-4fb6-b0f0-cfd05d452929,0.279,116.9,3,1,2
788,b4160627-db47-4ffd-89a4-7fb980d9203c,0.361,10.8,5,0,2
791,cfb83638-4a56-4a57-b8f7-ddeb508c63fd,0.181,3.8,6,1,2
792,f95ef71e-24d7-41e0-8f6d-abfc428acf27,0.660,2.5,2,1,2
793,7461649b-2e35-455e-8d68-a8033585e8ec,0.349,50.0,4,1,2
794,2c598aaa-9144-4926-881d-814553e05dc2,0.337,4.7,3,1,2
797,56fed9df-5b90-48b7-9363-79732242868c,0.253,1.8,4,0,2
800,bb636620-4b61-4fde-b0df-e40410239ea4,0.942,0.7,2,1,2
803,3fe39874-d7b8-418f-bddc-d1e197ad840a,0.930,5.9,2,1,2
804,4c57defb-537d-412f-be43-d6e08879c80b,0.249,94.7,3,1,2
808,59c41c0f-3c48-400b-8fd6-d35afdecd806,0.713,28.5,2,1,2
811,437f04bf-c78c-4dbf-8d1d-454610c6cb16,1.000,8.7,1,1,2
812,d1f280d0-017d-4fa9-9bea-ab1e191c250f,0.413,16.6,3,1,2
815,259b888e-23fc-454b-b92b-d9e6e9c057d8,0.334,72.2,5,0,2
816,0d5f0f45-c99f-4e00-a133-f618917672b6,0.299,5.9,7,0,2
819,ea4a6a40-752e-4252-8075-c0ee3d7c2761,0.157,6.0,7,0,2
822,20d33af6-e8db-408c-8757-cbadb4e1ed71,0.374,13.2,4,0,2
823,5aca4dca-d286-4d92-afbe-4305d2ed5e9d,1.000,102.1,1,1,2
827,2aaea270-0b63-4190-b56d-821e7ff243b9,0.255,7.9,4,0,2
830,8b18b6c0-e842-461f-b6a1-8205bb38525b,0.532,4.7,2,1,2
833,f50a900b-ae7c-4b5a-b250-74015b0217c1,0.257,10.8,4,1,2
836,7b101ef4-20c0-4ef5-a411-eb70d7a70bd7,1.000,46.0,1,1,2
841,8f13d0fb-32cd-43e2-8a03-2e5bfafd12a5,0.212,3.5,6,1,2
842,fb61a795-faca-49c1-9591-dc8f3720c45d,0.360,12.0,3,1,2
845,7baf3c6e-8eb1-468c-806a-7856abb831e2,0.286,5.1,4,1,2
848,e492f2a7-3062-4bfa-a5c0-d5c16344fdb3,0.502,31.8,2,1,2
851,756ed63a-3f61-4989-ab83-5ae894e687ec,0.117,191.1,4,1,2
853,d59714b9-2b1b-482b-a0e0-41e3ee77df99,0.447,1.0,4,0,2
854,c8e80880-07a5-4f90-a55d-3b7638ac7a45,1.000,32.4,1,1,2
857,3fd89c59-9e23-4137-8972-1fdb891adf2c,1.000,32.1,1,1,2
860,cdf49a0e-46ce-4ec5-be23-fec0121a100d,0.501,4.2,2,1,2
863,51c8ccbc-c3c3-4ef8-9786-067b3ad34d93,0.449,7.9,4,0,2
865,0acdd7a4-1e03-40b3-b156-22bf6d83fac1,0.353,27.7,5,0,2
877,d8466419-9bb7-4935-9407-09462a396728,0.347,2.9,3,1,2
880,545a4465-0be5-4633-8aa2-874ee23b59c2,0.482,206.6,2,1,2
886,212b5bba-ebf8-4cd4-a9bb-04ee790b66dc,0.958,2.2,2,0,2
890,a6645dd8-ba65-4ae5-a611-86aa9ef52db6,0.473,15.9,3,1,2
893,3e6352c3-092e-4523-9aaf-997b2a491cb8,0.373,18.2,4,1,2
896,16794108-448c-4423-807b-a0b082d00218,0.371,6.6,4,0,2
897,f7fb0c67-0b18-44a6-8869-ccdf55321f26,0.526,4.0,2,1,2
900,b785840f-1b2e-4d95-bb3e-75d9fd328133,0.237,5.6,5,0,2
901,6671f16b-4173-49cb-b812-9a26c23c99cd,0.508,11.6,2,0,2
904,74aa3110-5baf-4500-b3b2-7de5ac6a8d9c,0.865,8.4,2,1,2
905,2f41eb82-ae38-4147-931e-1dabce0ea459,0.613,11.1,2,0,2
908,bb0757dc-4673-4f91-82a4-f2484b132e2f,0.505,151.6,2,1,2
909,470e8932-de99-4eea-a131-429b41424884,0.503,0.3,2,1,2
912,8380f827-1743-4a6f-959e-ba9de051228f,0.505,19.3,2,1,2
915,4ae720b2-0347-4a9e-bb9d-d5b70161c4d5,0.351,6.5,3,1,2
916,fa9fcda6-0111-49a8-9c05-ab8ec8c12685,0.535,323.7,2,1,2
919,5da13ee2-2bab-4db8-8933-ec0c4d92fcd5,0.521,11.1,3,1,2
923,c88151dc-8ff1-418a-bed0-cb99b3b09b47,0.942,5.1,2,1,2
930,a790b7c4-ad70-4a6c-bd56-e2539c017bfb,0.634,22.2,3,1,2
933,70b3df6c-6a07-4953-9e8e-55fafe9d89b0,1.000,11.3,1,1,2
936,d728dccf-f9ce-4ac7-9bc2-bb11d749aeea,0.367,36.5,5,0,2
937,d33872fe-1a9f-4e4a-81f1-1befba06a38e,0.275,0.9,6,1,2
941,74129568-ae06-4290-84d5-30898cfd59c2,0.530,3.9,2,1,2
944,739275ac-1472-476d-aa58-fd619f0dbc2a,0.237,2.4,5,1,2
945,043ef581-7158-425a-9db5-928102daeee6,1.000,25.0,1,1,2
948,522c31ca-8797-403b-845c-4ccc193081fa,0.747,65.8,2,1,2
949,05271a08-963c-4973-ac95-35f3e35bd76a,0.301,12.6,4,0,2
952,b7a00338-677f-46da-abb2-99786470873c,1.000,29.6,1,1,2
955,672dda81-c71b-462d-8ca0-8f2fc0af134f,0.287,47.2,4,0,2
956,043b5144-25f7-4e49-ab6e-d075cbf99264,0.185,4.9,6,1,2
957,c0e0b3b1-0089-4c2a-b358-67da234e368f,1.000,7.5,1,1,2
960,e3242f99-437c-4c10-ab28-5779dd7a998e,0.501,10.5,2,0,2
963,806494bb-b435-49f7-a349-aaa330182efb,0.433,13.1,4,0,2
966,c730baa8-33a5-4158-81d1-e700fd8e937f,0.691,29.7,2,1,2
967,a2c0d155-2249-4157-8f4e-c82cbd30130d,1.000,1.1,1,1,2
970,5ff9baf7-e94f-4f13-9d83-0a8bffb2bd84,1.000,4.9,1,1,2
971,325bddc5-81fa-49af-a4a5-0e4bdc121544,0.412,44.3,3,1,2
972,59c1760a-86ad-426a-b71c-9cf264ab0583,0.217,28.3,5,1,2
975,71e93602-a251-4498-9193-13297d035410,0.492,159.2,2,1,2
976,3ab00689-46c5-4167-bc90-2c3e09b21f27,0.378,41.3,3,1,2
979,5e34e7f3-fcad-45dc-ae2c-5d212319009d,0.402,0.4,4,1,2
982,d87d772c-b7bb-4369-bc1a-74ebb4fe35f3,0.506,30.5,4,1,2
983,8b865436-033c-4829-b209-0b7079280530,0.597,7.3,3,1,2
984,6241ce0b-1bae-4178-b231-6b55cb4a10b5,0.681,13.3,2,1,2
985,a6dcbd01-22a2-470e-9dae-7ca620b07cd9,0.273,3.8,5,0,2
987,70119d5b-eaf3-40aa-898f-5a87c1a8a3fe,0.420,3.4,5,1,2
993,161fe32d-75a0-4b95-b358-0535e56d4b25,0.634,3.3,4,1,2
994,5ddc9332-45cd-4165-9b5a-2b848bde112b,0.295,2.1,4,0,2
995,df86c8fb-e5af-441a-b2ae-711f8939546b,0.216,1.5,5,1,2
998,74cb4de5-36df-42e1-a623-6574fdc00358,0.534,10.3,3,1,2
1001,e9a81fbd-e318-4d2a-97a3-8aee0e2d0038,0.564,21.5,4,0,2
1002,d9851167-d29f-4151-8320-70157e6c5a91,0.346,0.9,5,1,2
1003,d7429a39-aa0a-4455-8d36-ca6c11ab2c81,0.345,22.9,4,0,2
1006,01bef585-bf27-44f7-bbeb-4b1d53571bd7,0.978,10.5,2,0,2
1010,70edc683-6ef6-4402-a72e-41043672f5e6,0.568,5.0,2,1,2
1013,2a0d8b40-bd6e-4d2b-83a0-d9ac74729e89,0.274,11.0,4,1,2
1014,5214426d-b88e-470b-8742-0250580b9349,0.520,4.8,2,1,2
1024,abdd142c-5f63-4bb1-b0b1-8bd3635e849e,0.504,2.3,2,0,2
1025,11bd544d-e856-4d38-8637-5d1ee5a194a4,0.370,3.9,3,1,2
1028,85767ec2-a0fb-4f1e-a96d-c2a75ebbc3af,0.887,21.1,2,1,2
1029,9254f1a2-5a0a-4dc5-ab8a-f734d50f45fb,1.000,16.7,1,1,2
1032,a4ec9e88-918d-46d3-a70c-13c2030d587a,1.000,13.3,1,1,2
1035,8a9d4e20-f869-4b95-b11d-14a78b1db19e,0.508,0.1,2,1,2
1039,f99248e8-83be-4c90-9c69-af7a338196ce,0.390,21.4,3,1,2
1040,6c008423-e66d-4d90-92f5-fa54b7d75dc9,1.000,9.9,1,1,2
1043,7399a7c3-fab2-4288-93c9-b1797357ce4f,0.506,12.9,2,1,2
1046,ce1c0758-3be9-4179-87ac-06bcb879c504,1.000,51.1,1,1,2
1047,0c151dd2-82c2-456b-b408-3f32f78e3688,0.502,26.3,2,1,2
1050,2fde3577-e862-4c3d-bb37-ab2e59069c85,0.152,176.4,4,1,2
1051,efa631fa-bab6-4bfb-8af8-6bf27f24fc05,0.267,2.0,6,1,2
1052,f796bbc6-7335-4e81-a6bc-b33455ad751a,0.224,7.9,7,0,2
1053,a1faf030-3a20-4ba7-af15-728d9ee4630f,0.206,7.3,5,1,2
1056,8e6289a6-5b0c-4b62-9f7b-bf1602052296,0.990,13.2,2,1,2
1057,6d1668b8-6b31-4c5d-ac59-45f466b4c4ec,0.020,635.4,2,1,2
1058,ad089952-921b-4061-8063-49cf9bc18fdb,0.479,190.1,3,1,2
1059,e6233995-95eb-40ab-a8ed-026f70ed692a,0.451,18.3,4,1,2
1060,3d4f86f9-f732-4949-8ce5-10fccbca3916,0.794,3.5,3,1,2
1061,d1e1bd8b-c887-496a-af16-fb1b0dbc36f6,0.725,24.1,2,1,2
1064,8d3ed21c-c6f8-4475-af4f-44aa1838b445,0.262,6.9,6,0,2
1065,7c4ed2ac-2943-464c-b67e-b371728e924f,0.506,27.2,2,1,2
1071,f1760f0e-bd46-450c-81b4-b8df5d5a38f8,0.279,4.8,4,1,2
1072,37232ae0-753c-4d60-91b0-20198db9c363,0.667,4.3,2,1,2
1075,bfa4837a-8ef0-4ad7-a51d-ef5f05fea8ae,0.490,120.0,2,1,2
1076,f030ea0e-37d1-4d77-bf1b-fea430f20fa6,0.470,19.3,3,0,2
1084,21ec3aa1-a9f3-424e-8fa0-0c0eeb551651,1.000,4.1,1,1,2
1087,5ee25e10-7dd7-4d61-b05f-fc33eb07644f,0.396,10.1,4,1,2
1090,e5a71fa2-426c-44c9-b5fb-67d01ccb7885,1.000,47.9,1,1,2
1091,9f6bf424-9f28-4cd5-ba3e-b5be72bca322,0.452,12.4,4,1,2
1094,e3857a9d-ae94-4742-bdb5-05d9bddf8d74,0.344,3.4,3,1,2
1097,ff717508-24e1-4884-804a-af35d2fc291f,0.638,9.8,3,1,2
1100,c75627de-b6e5-45c4-9066-bcbae7ea3bfd,0.641,39.4,3,1,2
1101,7e97efaf-d68f-4ac5-a3c7-ab8c3eaaa0e0,1.000,9.5,1,1,2
1102,3affa006-8eff-41d0-a7cf-f0b3ed11c527,0.503,2.6,2,1,2
1105,7acc420d-0931-49ee-8abb-a555ffc9740b,0.570,27.0,4,0,2
1109,890896de-1c24-4762-a4c8-bbedb3cf6109,0.416,119.1,2,0,2
1110,41f0ea97-7608-4292-9948-eb0f099d4bc3,0.575,10.3,3,1,2
1112,f9128e5d-8210-4e7e-8bea-b8de7f03407a,0.460,192.0,2,1,2
1113,77df75fd-367c-4078-870f-592bba911723,0.540,123.4,2,1,2
1116,a5f5ca4e-82c2-49f3-bdb2-151710cdf951,0.259,2.4,6,0,2
1117,24e07c2a-2efc-49d4-9931-6c6e225ba8b3,0.345,212.5,2,1,2
1118,10d263e0-fa22-4330-b3ce-9554de41fbde,0.505,7.8,2,1,2
1121,61d93d78-ec66-4e53-8a83-3c81bd8e5aec,0.495,122.1,2,1,2
1124,7b1e5c1d-5a38-402b-a732-46ff349ae014,0.263,0.2,4,1,2
1127,0e6cfc32-5109-4513-a414-e732571814b9,0.273,5.0,4,0,2
1130,37e33ab8-2c85-4d00-8c7e-59ee13d8f2a7,1.000,20.6,1,1,2
1133,0b9f322c-d9d5-4bbd-90fc-646065716a78,0.503,18.7,2,1,2
1140,ed701cde-aa61-4999-8894-f783dd7abac3,0.467,4.2,3,1,2
1141,12418b45-db3e-4dec-b3b3-60b2073c5072,0.288,2.4,4,0,2
1142,aa5c41cf-558a-49b8-b253-2aebcea038b2,1.000,11.8,2,0,2
1147,c7b00a90-f035-4e82-9a1c-90f18052c860,0.859,10.9,3,0,2
1148,765f7882-6ced-407e-a22c-07abcade6de2,0.412,35.1,4,1,2
1157,b355ef15-b27f-4f09-b9ca-8a30b16f2dc1,0.571,25.1,2,1,2
1160,cf38d95d-2285-4ae8-8de1-5b8e192d14b9,0.975,1.2,2,1,2
1163,7cd22c51-051f-4b3c-a96f-6f730759e7b9,0.409,12.5,3,1,2
1171,d5c309e1-f1e3-4fe3-b763-1c0e09fb95f7,0.364,29.4,3,1,2
1172,535b090a-a936-494c-b53f-b6db58e23f9d,0.337,4.9,3,1,2
1175,c7285064-fee7-475c-b5a0-3bf8affea785,1.000,14.5,1,1,2
1178,f688af10-63aa-45db-8de7-3ebc6f0815b0,0.614,0.1,2,1,2
1181,08a2eca3-f9f2-41ce-9091-c7773a86ede4,0.490,10.0,3,1,2
1184,260ae8cb-011b-4057-8593-5875e2415348,0.535,5.2,2,1,2
1187,cfa3f329-1775-49af-8589-435d25e09d33,0.481,12.5,3,1,2
1188,3a05d560-dbaa-44ac-bfce-515c98654e31,1.000,20.2,1,1,2
1191,0b29b0b3-2e2c-4922-a217-00a35b7916be,0.828,20.1,3,1,2
1192,486b35a0-2b92-421c-9ac9-549e6035cd27,0.350,53.9,3,1,2
1195,4be3048d-47f2-471a-8c5f-19ad858083bc,0.462,1.5,3,1,2
1198,c3d43e20-2e4f-48f8-ba7a-e76b19433239,0.389,5.1,3,0,2
1199,92f9de81-2848-44b7-b7d8-26b66539f2b3,0.515,5.6,2,0,2
1202,0f236ea7-79fe-42d7-928f-28e8ca364379,1.000,127.6,1,1,2
1203,c2699885-2daa-47d1-8410-dc48974d619e,0.262,1.8,4,1,2
1206,22aad193-e76b-43f6-ab01-3ee9b81a0474,1.000,15.6,1,1,2
1209,abdbe222-30ec-4d66-a440-887631da9288,1.000,7.7,1,1,2
1212,56696399-b388-4484-83bf-a4d83cfd4100,1.000,8.3,1,1,2
1213,f54f0341-541e-4d68-aa2e-5d67050daee4,0.502,23.0,2,1,2
1214,5352ab93-98be-4a21-bdef-8d77668bb965,0.403,24.4,3,1,2
1217,ef81b262-00e7-4154-834c-bce95fd977cd,0.206,3.6,5,1,2
1218,325945bb-eaeb-4264-a3b8-ff5dcd16c492,1.000,84.3,1,1,2
1222,85db7019-6f8f-4141-a2b9-95cd90f5abf5,0.507,20.5,2,1,2
1225,c037ee0c-3140-44a2-a21e-ed64a698d75c,0.597,19.8,3,1,2
1227,96d33639-2e09-44da-8925-a87460a77888,0.589,20.2,2,0,2
1228,95c4c5fa-81e8-43bc-b60d-55f3127805e2,0.504,11.6,2,1,2
1231,902f743b-20d1-4960-a416-b3fcfe91e964,0.314,1.3,4,1,2
1232,a2989f04-7592-466e-a7f4-6367391efff9,0.375,4.9,3,1,2
1235,a96aba41-49e0-4950-be2d-c4062bb24032,0.524,22.3,3,0,2
1236,4d060b95-0f13-4886-8c54-7b59468fd9bf,0.502,6.0,2,1,2
1239,60251b9b-541d-4f13-a158-42666b9eea52,1.000,14.8,1,1,2
1240,bcdafd67-56f2-4c71-a77a-e44f66f980f4,1.000,6.7,1,1,2
1243,c503a18d-81d9-4017-bfce-f0aa7e956d44,0.364,0.6,3,1,2
1246,7571b3c0-4a57-480c-9066-14d21bd04ef9,0.557,6.8,2,0,2
1249,0dd9109d-caae-4d2a-bb4f-adbe1175bd63,0.527,25.8,3,0,2
1250,f961819e-f1f1-4d52-aff5-fc388e7a29a8,0.504,26.3,2,1,2
1256,bcd31ecc-4d10-4e1d-aabe-e5006fbe2c90,1.000,138.1,1,1,2
1257,41e19ed7-c10d-4906-80ea-9d7412af0cbd,0.504,1.6,2,0,2
1260,05e7a586-c0e9-4b61-8ab9-e383feaac6ed,0.452,11.1,6,0,2
1263,6d897876-8776-4640-b8fa-4c29463dda1d,0.464,18.0,3,1,2
1264,81507c69-f368-4939-bf8d-e8bf9368182b,1.000,21.4,1,1,2
1267,bfc55ede-c7d8-4975-880f-ec6984306243,0.337,13.2,3,0,2
1268,21df162a-0571-4c2f-a8a9-fe53366a05eb,0.505,7.3,2,1,2
1269,5f6bfda7-3106-4728-9338-38614cb06fef,0.248,92.0,4,1,2
1270,3c194aed-f0e4-4291-ae4b-5c1ab2a35f55,0.325,10.8,5,0,2
1271,a0b504cb-2b5a-4bdf-b22e-74c9d1f00c1c,0.510,4.0,3,0,2
1275,bb277cdb-c656-4c3c-b41d-10022af4d688,0.509,3.7,2,0,2
1278,1047c72e-58f7-48ce-9eea-edaa149f2940,1.000,23.9,1,1,2
1281,0faa689d-29d1-4422-9cca-975c3eee1dd4,0.494,15.4,6,0,2
1282,2f58875b-38df-4ae2-8ecd-1c0c64b94f4e,0.473,3.1,4,1,2
1285,a07264aa-2f63-422e-bd8f-3837f0d5749b,0.240,1.9,5,0,2
1286,9ac1ce9a-9848-4224-85ef-503e37f06c3d,0.230,5.9,5,1,2
1289,506ae9d9-ee50-4c5c-9cc8-5c98927dc424,0.338,16.6,3,1,2
1294,def9ecc1-6e93-4839-8592-42f2c993ed34,0.584,8.9,2,1,2
1297,5a804d2c-64d0-4ab6-99d3-9b90ebe6cf53,0.512,36.5,2,1,2
1300,e72dedeb-8c86-4c74-9997-e0462edd65a3,0.482,10.8,3,1,2
1301,f175f1a3-b66c-4764-b7da-27235a5490ce,0.342,26.2,4,1,2
1302,19c7a8b3-0d84-4a79-8cea-64e701f2bfee,0.838,28.2,2,1,2
1303,2603d3a8-b7f4-4082-9f7e-e218e92d4588,0.519,6.9,2,1,2
1306,7f5461d4-4615-470d-8993-faa82490f871,0.477,14.7,3,1,2
1309,a554f255-a997-4993-91f9-b3bb75bc17af,0.217,7.8,5,1,2
1313,c313c4c9-7efb-4b00-a8cb-cca917709061,0.483,25.4,2,1,2
1314,fc861771-5c1e-4b3c-801f-ffde90864f82,0.339,1.6,3,1,2
1315,c257bf05-6d93-43f6-8fcc-c12e69173555,1.000,485.8,1,1,2
1317,7e87dd0a-acf6-40f8-8826-fe248a136fe4,0.386,8.5,4,1,2
1318,7725fcc7-c61f-4e31-a083-c87bd32750bc,0.313,8.8,4,0,2
1319,518fdc58-a10a-49cd-8987-10b808969fa1,0.870,11.6,2,1,2
1320,e53a875a-4c97-4a99-bcfd-9b9958363b84,1.000,21.7,1,1,2
1321,53f6de29-52fb-45bc-8519-bfb12d047c2c,0.394,3.7,4,1,2
1322,32ad17e9-300e-4df1-9fa2-9b8ffdb5039c,0.618,3.3,2,1,2
1323,a25dbc36-7c5c-4548-bdd4-7d4d061743b8,0.509,3.3,2,1,2
1324,1534a2eb-1d36-42fb-a1d7-742aae442774,0.444,10.6,5,1,2
1325,2e810bce-3549-4ab9-8e76-34e8d4396d0c,0.299,11.7,4,1,2
1326,2542f2f4-4861-4743-bfdd-2c827731a7ad,0.366,1.0,3,1,2
1327,3ef43da9-5993-4bcd-a22c-958ff1ebf01d,0.360,6.6,4,1,2
1328,961f18b4-b206-4bbc-b1c8-0b020d9b8a18,0.501,49.7,2,1,2
1329,02201fcc-faec-495f-a8a7-a09ef88374f9,0.587,8.4,4,1,2
1330,e82629e5-a64a-44e9-a948-c4de064a262e,0.518,26.1,3,1,2
1331,2a4d720a-53b1-4a8a-972a-4fe1090295f8,0.686,9.0,3,1,2
1332,fd8d92a6-e0e6-424f-af77-50832b5bb5d9,0.995,138.8,2,1,2
1333,32a6f420-a479-4f86-8762-fbd468e06968,0.772,19.2,3,1,2
1334,aedd7727-c34f-4a55-8697-41cb074685ec,0.348,10.4,3,0,2
1343,ec2cbdbe-4205-4de4-9622-951eac735b97,1.000,13.1,1,1,2
1346,c7c2f3d4-26c4-4796-807e-88ff75bbca12,0.377,16.2,5,1,2
1347,462b384c-c8e6-4e74-8f06-5f101cb1d943,0.516,4.4,3,0,2
1348,7a151cb3-de6b-4f5c-851a-9ff73c21083a,0.342,12.8,3,1,2
1349,3855fb7e-f2e2-4aee-964b-35d94526688b,0.293,31.5,4,1,2
1350,37256e53-7987-4f29-9f32-1559a3b51d35,0.304,2.2,4,1,2
1351,28fc5580-f7fe-45d3-b889-13b1729bff0e,0.501,3.1,2,1,2
1352,79192346-c350-4213-a771-2fcdae93bc8a,0.503,12.6,2,1,2
1353,8362166f-4475-487d-9c8f-6b989015dc14,1.000,94.4,1,0,2
1354,fbb83e2e-e498-4fe9-9b34-a91c6ed02101,0.293,0.8,6,1,2
1355,a042a272-da82-4248-b06b-d0772fef84a9,0.208,9.2,5,1,2
1356,3a298d81-e459-4def-9ce3-c27bebbffda8,0.705,14.7,2,1,2
1357,762c2b31-d9bf-4d8c-b41f-d6afd13dfe37,0.205,38.9,6,1,2
1358,2f66bb23-6991-4aba-8d5a-7c5c54c99b65,0.220,8.5,6,1,2
1359,d085cec5-1e7e-410c-b80d-90923caf8c1f,0.940,25.2,2,0,2
1360,64936e09-7185-4aa9-8981-ccbd55bddf35,0.598,179.1,2,1,2
1361,47f96d89-7b22-45da-8d75-f37f6509ea01,0.539,10.7,2,1,2
1362,0f920913-89d8-4ca1-993d-863d9eaa416a,1.000,33.3,1,1,2
1363,5bc22459-1f99-4b36-90b3-185655e3fe96,0.256,1.2,4,1,2
1364,1aef98bd-5b46-4705-862f-53cf5e396001,0.583,10.6,2,1,2
1365,dc26a5bf-8e75-4973-a48b-7a7c3afa8f48,1.000,26.9,1,1,2
1368,1dc79891-8292-462c-b88d-451e91be61ec,0.506,6.7,2,1,2
1369,cad390e7-213f-4b98-8d92-9373aa567a56,0.340,13.8,3,1,2
1370,ce3547cb-55cf-449f-9f34-98473693ef12,1.000,144.5,1,1,2
1371,4a882271-30b0-402b-8adb-206d7daa8028,0.544,2.6,3,0,2
1372,862d6ee5-13ae-43fc-992f-1b93e190d818,0.366,3.6,3,1,2
1373,04f9e3e8-c994-4c02-96f1-667c2726b516,0.251,105.5,2,1,2
1374,566c31f1-456a-4eea-b24e-0c6300bc902b,0.296,2.7,4,1,2
1375,88aa9d01-6d17-490d-b080-80a606b492b6,0.356,2.4,4,1,2
1377,1b9e4497-e506-46ed-89bd-d5e309addc8c,0.300,46.8,6,1,2
1379,419ae89f-fcc1-4a1b-8613-c46f546f2735,0.279,84.2,4,1,2
1380,f9d02606-d31f-47b6-a292-bc7b8d457274,0.063,366.0,2,1,2
1381,1baf7868-4332-4400-9c26-d5132adaf2ab,0.881,1.5,3,1,2
1382,a697fbd6-83cd-4763-ac6f-d0d38b9dec65,0.340,5.4,3,1,2
1384,88b4b1ce-bcf7-4feb-8b0e-1108a84ad6de,0.948,4.5,3,1,2
1386,7f75e781-9421-4d8e-8ac7-8903ba92e07f,0.398,16.8,5,1,2
1387,f0e420e3-155e-422c-9adb-635f8d4d07bb,0.459,3.5,3,1,2
1388,f671f5dd-c634-4664-8717-d525c78eb706,0.234,11.5,5,1,2
1389,ed15080c-76e5-43b6-a76b-e853e0cae178,0.847,9.8,2,1,2
1390,ed96ff64-9a81-4ce3-92db-039d6167f4ff,0.305,0.7,6,0,2
1391,3e45d30b-7e0e-4049-9aa2-c635419e355c,0.296,2.0,4,1,2
1392,2b040d5f-112f-4891-9f3b-0c3c84d3f4a4,0.892,9.4,2,1,2
1393,23b3e7e1-4cec-4e4b-a3bd-eee06047937b,0.422,5.5,4,1,2
1394,771b1436-99a5-4acb-becb-ba06d6fc4b8b,0.362,0.4,3,1,2
1395,e30d0a5d-ba60-4f67-adcc-8d0dad81633e,0.350,4.2,3,1,2
1396,bc40e342-0651-4534-9f3a-376853ed4d0b,0.873,21.0,2,1,2
1397,cc23117b-3002-4cdd-ae7c-1d1bbaca2a37,0.758,5.8,2,1,2
1398,47a7daac-9f16-458c-8355-5c7bb301fad3,0.277,72.5,3,1,2
1399,992d3360-34e5-427a-bc2a-6dcfdffc855d,0.340,27.7,3,1,2
1401,8acd6174-8467-4f3a-b7f8-1f88febf7eb5,0.443,4.1,3,1,2
1402,4c7cb537-6a40-4549-915d-1fdbd946a554,0.530,7.1,2,1,2
1403,feaf7b22-8d42-40e2-8e12-f44af0e26850,0.530,8.2,2,1,2
1404,7ac46c9b-5358-430d-8e2b-d62772843493,0.505,11.1,2,1,2
1405,e9e2abc5-b842-4caf-bf9e-5fc4eb107baa,0.628,19.8,2,0,2
1406,9b26182d-69d3-4340-bf75-0404bc666a73,0.502,19.3,2,1,2
1408,b4bfef29-dd29-4b1b-b1c6-36f0b54adfd5,0.860,5.3,3,1,2
1409,6267031c-1e58-4d2b-80a6-cda695972d08,0.184,2.9,6,0,2
1410,970cc813-8389-4d60-b8df-4a0afaace60a,0.391,19.7,3,0,2
1411,9bd9039c-97a9-433a-81e8-3476ae8b88ec,0.891,31.9,2,0,2
1413,580c9b28-51c8-4ad7-8b30-1633f125bfea,0.361,7.5,5,0,2
1414,d75fae3f-61a2-43df-9679-f9f2c8d9920f,0.968,87.4,2,1,2
1415,fb22e695-c506-4317-9ca7-1f9a32002b5e,0.397,8.4,4,1,2
1416,d43cac28-5a11-4948-b5d8-20ae65164620,0.283,7.9,5,0,2
1418,595a1a1e-ac5f-4192-94c3-40b3c1a06737,0.930,25.7,2,1,2
1419,cbceb973-67b8-45b0-9334-2a7489d2396b,0.448,46.8,3,0,2
1420,2add41e5-2f42-4e87-a0bf-008159933a32,1.000,66.9,1,1,2
1423,3906d36f-856c-4e74-a053-330de1962c94,0.388,6.0,4,1,2
1424,aa99cd40-c981-4a1d-9978-5e7722fa9d2d,0.227,11.1,6,1,2
1425,768cb700-8164-43b6-abf6-00866c6dfe15,0.257,11.1,5,1,2
1426,72fc7234-e98b-4e35-a060-4822b75d1da8,0.301,104.7,4,1,2
1427,aa5c033d-a84f-4dfa-a6bf-c3cf06fa3077,0.412,6.0,5,0,2
1428,b105fb78-fcdf-46be-8789-bc083cf613e5,0.282,5.3,4,1,2
1429,b733fda0-d832-4a03-bf3b-0b34450a22f5,0.309,90.5,2,1,2
1430,e75856f6-3f75-4e99-873a-181ed9ddf6f9,0.413,1.3,3,1,2
1431,1681bd29-e3a0-45f7-a32f-1d66c4fd9e90,0.349,17.4,3,1,2
1433,11942a27-9e66-41f8-808f-78d73ce24619,0.871,22.2,2,0,2
1434,af3122f7-9200-46f3-a677-cd558ec04b13,0.820,11.2,2,1,2
1435,f358845a-1212-424a-a8a8-f2998e45d886,0.420,123.5,2,1,2
1436,3a6a8270-0d87-4506-ab65-cef268b0127e,0.227,19.4,6,1,2
1437,aa32378a-c8ef-4cf6-88df-a658435fc963,0.155,4.5,7,1,2
1438,fa530eb7-a883-4039-82ec-49f69f821d19,0.415,85.6,3,1,2
1439,13c4060a-2178-46dd-bafd-0ab696ef7b26,0.258,5.1,4,0,2
1441,100a6fd9-4e0d-42f2-b3b7-28794de22f82,0.602,0.8,3,1,2
1442,4372c486-e229-41e9-b229-410e72225b03,0.268,46.7,4,1,2
1443,e84ca9b2-348c-4816-8ee7-ab509e5e49f3,0.362,2.3,4,1,2
1444,9606436e-6a34-42a6-ac41-6aeb0d2629ef,1.000,168.2,1,1,2
1446,8d4fde3f-1b5c-47e2-b59b-0d393e17c58e,0.292,12.9,4,1,2
1450,48674d81-6e37-4eca-a0da-c01d0119918b,0.171,88.0,4,1,2
1451,43995a64-16fc-4462-839f-b509e98a27eb,0.359,1.6,4,1,2
1452,93f24ce7-62d5-4f2c-b51e-2f61879c5b10,0.365,5.0,3,1,2
1453,1de92ed1-5609-4c33-8524-b5231fd464f9,0.279,8.3,4,1,2
1459,54f99311-2a6c-41b0-ab32-76379f9582c3,0.385,21.0,3,0,2
1460,2d06cb61-65b9-4b9f-805d-7d54a0c3cd1b,0.335,8.2,3,1,2
1463,b395e8f6-8d9b-4f8e-a1c8-ca50e9de8617,0.776,29.7,3,1,2
1466,2d5c2ed7-2a44-4440-8d48-dd9aec67f471,0.774,30.7,2,1,2
1467,8004584d-dfed-4268-b254-3c1afd643b08,0.374,4.3,3,1,2
1470,edc725e2-75c8-4815-8e5b-ce7fe365fc3b,0.492,68.2,2,1,2
1471,6ce18b88-7602-4c3a-8dde-cccd3dc1d13e,0.508,23.2,3,1,2
1472,810fde61-e6e7-4ea5-bb76-be6aaa54a420,0.348,9.2,4,1,2
1475,0d509c91-2b58-449f-bd8d-92082d964fe9,0.510,1.2,2,1,2
1478,bfae30c8-949f-4977-99c5-9865094e0e1c,0.347,20.0,3,1,2
1481,1a7c6930-1f19-4b9b-8b4d-495a54bdade7,0.357,5.4,3,1,2
1484,59f34714-f9e7-4a40-8c25-738935bece59,0.505,22.7,2,1,2
1487,8616644e-7ebe-44c0-8ad3-2ed85cc890ac,0.245,23.6,5,0,2
1488,17476b1d-0ad1-4b5a-a374-e60510a9485a,0.236,9.3,5,0,2
1489,c69d90a6-61b5-4677-bc71-670937c39e73,0.490,19.5,2,1,2
1492,29d885e4-f120-4c6d-9160-3659d47bb41f,0.344,10.4,3,0,2
1493,a4486da6-41e6-4a03-b2dd-6956c3107c4b,0.510,12.0,2,1,2
1495,cd34d5be-7520-4cae-8484-0b45400b77ca,0.502,8.6,2,1,2
1499,ac21238e-75ea-4be1-92f7-82d754aa7921,0.323,15.4,4,1,2
1502,aef9ae50-9808-42eb-889f-8d723db50531,1.000,10.7,1,1,2
1505,f1607b2b-f76c-40a2-8523-53768c8bf796,0.510,46.3,2,1,2
1508,422ae748-8444-4373-9d72-c75514d5c088,0.561,21.9,2,0,2
1514,ee41bc3d-df83-46d9-be9d-e67cef94b5e4,0.187,28.2,7,0,2
1517,00e29c63-ae7b-4fd9-a1b7-591dc50ee49b,0.320,4.1,4,0,2
1518,2155a4ac-8d7e-41bd-9f6b-b9b58546b4fa,0.508,22.1,2,1,2
1521,f657927d-0635-47fb-ae86-94819a570ad9,0.352,9.0,3,1,2
1522,dec2e9e4-c744-40b4-87a0-bde20d30a018,0.706,19.6,3,0,2
1525,f9fa6f0c-54c3-4694-8410-f08dfa8cf039,0.338,11.2,3,1,2
1528,00aeae19-e1ec-4ec2-b2c8-94db6f031f17,1.000,24.7,1,1,2
1529,4db01bd3-e58b-4588-9730-2be3c29c2af3,1.000,33.0,1,1,2
1533,a5284b5f-f20a-4129-ad25-57751843d6c2,0.444,6.7,4,1,2
1536,ede16fe8-9c74-48ab-a2cd-3f7829736976,0.507,5.8,2,1,2
1539,e5671bf3-7036-4811-b067-c0de47d26d43,0.485,16.5,4,1,2
1540,da2548f8-a2d0-4728-86c3-407a33fdd3af,0.406,8.2,3,1,2
1541,c154948a-0364-432b-abe9-e29fed922a62,1.000,4.8,1,1,2
1544,b0827c89-6576-4452-8254-151bdfee1941,0.636,10.2,3,0,2
1545,a9775906-c156-4666-9e7f-f3f6d5e86cdc,0.839,161.2,2,0,2
1548,9137cc8f-a48a-4705-b4a3-66d9b092129f,0.200,198.0,2,1,2
1550,5a0cd679-13c5-4fd2-bbba-dd7481945f1a,0.345,6.2,5,1,2
1551,2806eb95-1fd2-4614-9ffd-74610dd85482,0.150,94.0,5,1,2
1552,fad920a2-c21b-45c0-9e04-b0851ff778a3,0.317,0.0,5,1,2
1553,be334a33-4c29-4374-b8f2-fd10af25c450,0.216,4.5,6,0,2
1554,7dc5dce8-60de-480e-9e23-dbfacca45bee,0.216,10.9,5,0,2
1557,908a4107-dfaf-4a96-b707-562db2507f9e,0.224,3.8,6,1,2
1558,9a6e8dbd-c93a-44c0-959d-a06a9cfc6a17,0.501,14.8,2,1,2
1561,72567fbb-18d9-47da-9ed1-63b123cd6fae,0.282,2.2,6,0,2
1564,83ae44fb-75c7-4444-85a8-903a01b794c7,0.250,3.1,5,1,2
1567,099ed110-91f7-45fe-a46a-7c99fa3827a3,0.554,3.1,2,1,2
1570,4253f7e5-1065-472b-8c3f-dc940b96228c,0.501,27.0,2,1,2
1573,4b005728-9667-42d3-93f4-b0b5102e7438,0.322,15.2,5,0,2
1574,1958f2bb-beab-4c57-bd89-9e412f559b4e,0.270,10.1,4,1,2
1575,3c964dc3-b936-44e5-b83e-283c0e6d1283,0.600,24.9,3,1,2
1576,2fb2fb4b-bd3b-4814-a075-2a8cff4894e0,0.691,0.7,3,1,2
1577,29a25291-085c-47df-9285-b32acd5adf79,0.457,5.5,3,1,2
1580,620d4477-1b73-4e57-8ebb-e52d059ddad7,0.347,8.1,3,0,2
1583,87dfcf17-d464-4b4c-a92c-ce4e6ee9d565,1.000,38.4,1,1,2
1584,8728038c-6138-47e0-976f-bdccbc3c74c3,0.334,24.2,4,0,2
1587,aa815103-f83e-4af9-8ad2-2ad4a1f28a93,0.251,40.8,5,1,2
1588,182904b9-623d-4683-bdf3-819ca5d47a71,0.255,12.4,5,1,2
1589,8cfb3a6d-e4f2-414b-9a0a-b8081dabef47,0.338,5.2,3,1,2
1593,a96eb566-a5a4-40e0-893a-f4eb0d168502,0.506,15.0,2,1,2
1596,303e8bd2-bed1-444e-85d3-039521b88e17,0.362,6.2,3,0,2
1600,c086baf9-d1c8-49df-9938-360c05e66f5b,0.349,196.1,3,1,2
1603,6c19a951-f9b1-45b6-a2ca-91279cc725bf,0.273,125.7,2,0,2
1604,22854ec8-c423-4244-9266-73d2dcd5ddd5,0.513,10.3,3,1,2
1605,7d0ad8ce-91eb-48ee-8853-83cae795c1de,0.502,14.1,2,1,2
1613,a3940f54-339c-4e00-aab2-56ceb4bec230,0.388,12.8,5,1,2
1614,d8325629-eda1-4efe-bf23-e69a99306121,0.444,77.0,4,1,2
1615,cfd3118d-0a0a-415c-b7e0-a68fb35a2375,0.497,61.8,2,1,2
1616,29cfb15e-dba8-4f54-b2e1-f0acc2c7f4aa,0.503,10.9,2,1,2
1623,11d6b9a3-4470-4a88-ab0a-a50efc14d03d,0.255,30.0,5,1,2
1624,93bfc718-042e-4b73-829c-cddee1226fc6,0.282,3.0,5,1,2
1628,6328fd6b-4856-4ea1-ade6-20a6b7b620f4,0.341,15.2,3,1,2
1629,44beb948-6019-47c0-965f-be1aba87177d,0.344,8.0,3,1,2
1630,cb549d9a-8333-451a-89f7-f1e1d611c7cd,1.000,51.3,1,0,2
1633,fd6cdc31-2c7f-485e-90b5-83c3c9b4c0e1,0.245,2.4,5,1,2
1636,ab9a6dc1-7e0b-418a-aa70-54591d5a1ed5,0.365,13.0,3,0,2
1639,9dad23d2-bd3b-4e36-be1e-4a60947e0f9a,0.473,5.3,3,1,2
1640,31f8684a-3944-4c45-995c-623febb3b94c,0.208,6.1,6,1,2
1641,34d43b22-335d-493c-b908-b6464c501f0d,0.461,23.0,3,0,2
1642,15d140a5-0586-4c43-9d6f-41323e23aa36,0.275,1.2,5,1,2
1644,f047c421-e8c4-4ead-b09f-a6c3ca104e2c,0.352,24.8,5,1,2
1646,7e5a3704-a265-4c75-9ce3-628eedc966ee,0.812,7.4,3,1,2
1647,c9c953d4-e7b8-4b0f-a79e-460c1fd277c1,0.334,148.1,3,1,2
1648,c3937f69-17c7-4486-be10-46c6be3b6627,0.215,16.1,6,1,2
1649,a6ee348a-9598-4fcd-b6be-9a2b6e9a25e5,0.341,13.2,3,0,2
1651,73cbab31-51a8-4b55-9190-b928b22eebdc,0.171,1.5,8,0,2
1652,06e5e127-ec19-4268-9507-0e3b35b3d634,0.275,6.3,4,1,2
1654,2ef5bc35-f91d-4003-b467-7e15f89f8c52,1.000,271.2,1,1,2
1655,aaebbdfc-d852-4268-b395-7f59e2a1a6de,0.273,28.2,5,1,2
1656,e929c08a-5c1a-4c9d-b02e-10184108e682,0.625,81.2,2,1,2
1658,4f8e0261-8eb2-4052-acf6-f7d62534a015,0.320,50.3,4,1,2
1659,cafeadfe-b366-4705-9ee5-eef8aa69f537,0.332,10.9,4,1,2
1660,1f597cc2-ff7f-445c-8265-3a6062eb1f59,0.502,4.6,2,1,2
1661,654ab692-08f5-440b-b952-65bde8ca645d,0.841,5.9,2,1,2
1662,35f2da17-b07e-4e72-bfc8-158dad1f9542,1.000,19.0,1,1,2
1663,98c198f1-3050-4640-b668-8b43ac6b9768,0.507,13.1,2,0,2
1665,0308dbda-e5d1-4e0c-a65f-cab2b185c8fc,1.000,113.1,1,1,2
1666,5213292f-9711-4b35-a6bf-5ee807f446cd,0.640,105.5,3,1,2
1667,2de49ac2-003a-427e-b43c-0566374e1f88,0.377,19.5,5,1,2
1668,5ba78cf0-e3cf-4ef2-96f9-c01de2d1891c,0.337,8.3,3,0,2
1670,5b8808a5-7eff-4db1-9b41-5830aa54a060,0.504,16.2,2,1,2
1672,eda86b47-412a-43be-8bdc-2434d14b5fee,0.351,11.4,4,1,2
1674,d9642925-f2e2-4ed1-b5a1-9ae9d227dd21,0.354,5.0,3,1,2
1675,18f62566-3a74-4d84-8638-923776236202,0.301,8.0,6,0,2
1676,e7b329ff-2708-4dbf-9647-409c6c2346d8,0.256,0.4,5,1,2
1680,5fdb3af0-ed8e-4663-90a0-075799f32f61,0.280,0.8,5,1,2
1683,528ffb13-eccf-4240-892c-8b281b350595,0.337,24.1,4,0,2
1684,57f1cea2-389e-4db2-9f4e-ecbfea558e35,0.228,1.9,5,1,2
1687,8436eba9-73df-4a60-a211-e02b5c814e5f,0.212,0.1,7,1,2
1690,f333b873-d2dc-43e5-b316-8985afe78cc6,0.271,10.7,5,0,2
1693,05a26657-4777-4fb7-8f18-be82d1e7e541,0.223,46.4,8,1,2
1696,7e0e14c2-7e20-44d6-a39b-db012497d865,0.263,117.9,4,1,2
1697,800588d7-0be0-4a9b-a364-73c5dffa285a,0.430,5.5,5,1,2
1698,7bd59d70-53ca-4fc5-a00d-5407c817a50a,0.502,5.1,4,1,2
1701,98de37c9-591e-4f58-8868-8c5dc939c762,1.000,110.0,1,1,2
1704,36c8ab94-88bd-44a5-b2cd-f106c0b709d0,0.593,21.8,2,1,2
1705,ab2e9f7b-9b0a-4562-968f-0f58f2ba4319,0.459,14.6,3,1,2
1706,f9441bbc-372d-43bf-9534-e3723e744ed9,0.535,8.0,3,1,2
1707,7f182249-8e5f-4cf6-9d18-bbcd472cb5ba,0.554,25.6,3,1,2
1708,9e7b66dc-94dd-4686-87d0-c7854ab9aa4b,0.341,3.6,3,1,2
1714,438ce6b3-85c0-484c-860e-a08f4388225b,0.285,0.0,5,1,2
1717,557015a7-2706-46d3-9fc6-b9811bce201b,0.203,34.8,6,1,2
1718,705c5b9c-9e09-4470-a631-24fa663a1cd2,0.178,7.3,7,1,2
1719,efc5574c-e34a-4a86-b5a0-4559a6db714e,0.190,14.2,6,0,2
1720,ad54090f-f21e-47c2-99cf-ad387ad01536,0.226,0.5,5,1,2
1726,e27db818-d9dc-49cd-a3c4-7297f303aa62,0.607,35.9,2,1,2
1732,96e40247-0c30-41aa-aa0b-29f6366d0f0e,1.000,20.4,1,1,2
1735,e57f84f6-2e79-4935-846d-ba900ce9c1b0,0.337,1.0,3,1,2
1742,bcff49c8-bec1-4bb7-9beb-88a76dd15499,0.919,4.8,2,0,2
1746,9c85201d-b698-4bdd-9460-f2c25fbf2732,0.348,5.6,5,0,2
1747,254b38df-7f4f-4e94-8dfc-c32d2dadf913,0.333,2.7,5,1,2
1748,2009a08b-e14b-4fe2-b459-79c6a1dbb065,0.471,2.0,4,1,2
1749,4f90fe85-3769-4b2e-8a71-52c994223247,0.244,8.0,5,1,2
1750,ec231c1a-d1b0-479a-93e9-f9c497180a7d,0.358,8.4,3,0,2
1756,04ddf22b-5669-4dab-bccf-24d594c3c3c5,0.490,23.2,3,0,2
1763,35763037-4c38-4286-a5f2-45ff38a2566f,1.000,21.0,1,1,2
1766,dfd78121-668b-4265-bb31-7c7390eefb48,0.301,7.0,4,0,2
1769,df4d1bcb-01ee-48a0-a264-e3928960b79a,0.400,1.8,4,0,2
1772,d6601d92-6a4e-44b6-85ac-a11ee32a0335,0.349,1.5,3,1,2
1775,63ce5660-f2bd-485e-8c31-0c2663d05861,0.621,17.2,2,1,2
1781,f1adcafa-24a3-4ce7-af3f-f57b4fde7d35,0.262,13.7,5,1,2
1782,64b3d36d-fa44-4705-8320-9e7c34c31aa2,0.306,24.1,4,0,2
1783,d195c053-7d86-42df-9ba7-67d50e0e5238,0.525,3.2,4,0,2
1786,c7a07902-7460-4229-8cc7-c9939967d787,0.251,45.5,6,1,2
1787,e06ed17f-0838-426b-9e06-9ab39704587d,0.296,14.7,4,1,2
1790,06e56b26-ef7f-4637-89a4-b6335fc3654d,0.371,34.9,3,0,2
1791,64132ffe-85bf-48bd-aa05-bc9e1b5a830a,0.183,1.2,6,0,2
1792,7d0481f9-a89f-4936-b8c4-c28a273a4c3a,0.525,8.5,2,1,2
1793,5c07f787-b022-4ab0-8195-68b55d1db64f,0.505,6.9,2,1,2
1796,b93ab0b7-1734-4ca2-9f63-f719e261dc12,0.356,10.9,3,1,2
1799,25d02ba3-0ae4-41dd-9930-a8323787e868,0.525,7.0,4,1,2
1802,a92cd0e3-fb68-4778-8ae0-83c5857773de,0.551,23.2,2,0,2
1806,3581acea-70a7-45c5-9e7a-fbf4c310d27d,0.374,7.2,3,0,2
1807,e179f896-73ad-42da-b37e-1b6b4cad236e,0.386,78.5,2,1,2
1810,4bb4c283-a9b3-49c2-838f-6dde07ba9b97,0.374,1.8,3,1,2
1813,215e670f-e4c3-4be9-923b-3ce4571236f5,0.678,12.9,3,1,2
1816,f7b11c38-88e6-4c67-8ff6-d11d15a870cc,0.503,3.7,2,1,2
1819,ce2aca77-10f2-440c-9d6e-cef8a2972c0d,0.442,63.1,3,1,2
1822,ab74b468-fd8b-4f49-a5f6-7e364673add8,0.336,6.6,3,1,2
1825,dfa33155-2e33-41bd-9f45-963eab63895d,0.570,9.4,2,0,2
1826,5b021643-209f-4a69-9002-3f23f19aaa6e,0.269,1.2,4,0,2
1829,b984fdde-7f52-4bae-a1e0-80eacf38dc01,1.000,5.2,1,1,2
1835,070feaf7-aad9-4bd3-ab50-8b3be0e354a1,0.503,14.6,2,1,2
1838,4dd7c7b3-f0e6-452f-8efe-db2013e6b061,0.495,30.8,2,1,2
1839,09108b39-02a4-4a11-bd06-2d32affea625,1.000,7.8,1,1,2
1842,1d981d1b-b45a-489f-a9e0-3a0aa04c22b6,0.432,2.4,3,1,2
1844,06256c6e-6b0a-4602-a862-a2e7b648845c,0.344,0.8,3,0,2
1847,21e062e3-08f0-47b0-b8da-9871e34c780e,0.185,17.2,7,1,2
1848,bbd75a51-6014-4222-ac9a-169ffd23d8ae,0.212,1.5,6,1,2
1849,d45a0f44-523a-4845-8929-c030cfcfc03a,0.324,6.1,5,1,2
1850,978074ad-4da8-4db9-979b-7a54ba0c75ad,0.326,12.8,5,1,2
1851,f9397d70-7511-4dcb-bae9-b488a5a93a2c,0.286,15.3,5,1,2
1854,09192eae-4c91-47f3-a8e6-a3f9397b2bb3,1.000,22.6,1,1,2
1857,06a8c0fe-5c56-4041-9f87-edeede08733c,1.000,11.4,1,1,2
1860,7c34efdd-3785-4f23-b437-e41fd30d4ee1,0.289,22.5,5,1,2
1861,86ce793f-d35d-467e-86bf-9bcb9d044609,0.348,9.8,4,1,2
1864,db8475b9-4fe4-4e5a-9432-31fa22d0c009,0.365,16.3,3,1,2
1867,643549a3-b110-4c51-98b6-4f45a2dd1582,0.263,15.8,5,1,2
1869,d7d19132-a3fa-4319-9e37-578af4abe6dc,0.437,7.8,3,1,2
1870,445ef304-2d6a-4e1d-bddb-f78a2e927f0a,0.503,9.3,2,1,2
1874,d3be54fb-d39b-40d8-9a0a-544cd98054f1,0.506,13.4,2,1,2
1875,cdc2bcd2-040c-44fa-a0ff-5df69fee4b9b,0.459,26.5,3,0,2
1876,375a717d-fba7-414d-b9d9-e7913ed547d2,0.501,10.7,2,1,2
1879,11996a9d-f644-4f6d-aeeb-ea07b57cc74b,0.503,31.5,2,0,2
1882,95c7acf4-9237-4554-93e2-f4aa79d5683d,0.503,102.5,2,1,2
1886,520d3549-0c69-46b1-b521-5e36defa15bd,0.350,2.4,3,1,2
1889,ee9bcee7-2aa5-40d0-8026-e3147cfcab42,0.289,12.4,4,0,2
1892,32992795-97fd-4d54-a697-eb0803d6075a,0.330,11.3,3,1,2
1898,d5851c17-a6b2-46a6-bad6-202184f53dd6,0.242,6.7,6,1,2
1901,704a5fa6-cae3-446d-bc47-772c352eafef,0.617,13.7,3,1,2
1903,6c349316-add0-45b2-bc4e-5fcf7772cb53,0.625,10.1,3,1,2
1904,57206e34-9670-41a3-acdd-7448a048f218,0.291,59.8,4,1,2
1910,d1a19a74-2853-42b3-a49a-554e88fc6b61,1.000,2.6,1,1,2
1913,6547878a-7eaf-4d14-9b2a-22036830c414,1.000,393.6,1,1,2
1915,37bc8abf-0597-4019-a029-0ce9adaf5263,0.534,194.7,3,1,2
1916,8270f9f6-c47f-41bf-a2e0-2ab65d75dcf0,0.322,13.0,4,1,2
1917,38f32b04-862f-4642-be93-de03cfecb73f,0.300,3.7,4,1,2
1921,97fb94cc-784b-4cc8-83de-b5e3840de0eb,0.451,150.0,2,1,2
1924,e8d3f6c8-a369-47e0-a03d-1c93dea2bf93,1.000,87.6,1,1,2
1927,8e482ea9-d23e-4082-8c27-6c28f1067218,0.349,6.0,5,1,2
1928,c4f84c11-266d-43af-9527-30a4971b7b6e,0.314,5.4,4,1,2
1929,d486af74-6c0e-4e55-b11e-cd7629fd7394,0.258,19.9,4,1,2
1932,ce99fa6d-5661-4d6a-9dc2-fc954942d513,0.331,114.6,2,1,2
1933,14c0d616-a6ad-40af-8829-5e38f4b29b98,0.468,14.2,3,1,2
1939,5bb3b4f1-118e-4f9e-9f61-2682cec3a18b,0.601,19.6,2,1,2
1941,36bf3107-88e2-412b-83f4-1089a1c165e8,0.516,6.8,2,0,2
1944,60c2dd5f-8a33-464d-8372-e88b94955ca0,0.460,8.9,4,1,2
1945,c8e61748-5d75-4269-a1a9-e1dbe85d089c,0.547,4.7,5,1,2
1946,07ee47fb-5363-4a3a-a020-2e3740c90957,0.644,67.2,3,1,2
1947,49186d86-602d-4292-ae19-9f1741e2b0d8,0.716,13.6,2,1,2
1951,7da6ca30-09a5-4445-b684-1f98a4f2464a,0.581,5.3,2,1,2
1952,09e938d0-141a-4739-aaef-bae395438499,0.481,16.2,3,1,2
1958,d3cbbddf-90a6-4ea4-ade2-449b5544142e,0.806,1.9,2,1,2
1961,4b378182-4391-4d65-86c8-471c8f801fe6,1.000,10.8,1,1,2
42834,bd367b02-060b-4282-8469-53e488dc9785,0.858,2.6,2,1,1
42835,307a7524-5513-4625-aa4c-5543cfb5691a,0.363,17.2,4,1,1
42836,2314b4f8-8a93-4b55-81ca-70578bbcfedb,0.311,1.5,4,0,1
42839,49b50426-78f9-46b4-b4aa-4fd2714fa8d3,0.999,7.3,3,1,1
42845,9a3f96d1-027b-443b-8dcf-24e8df7193d2,0.346,34.9,4,1,1
42846,04d402ab-5d97-4dd0-9c83-a83e7460e860,0.324,5.4,4,1,1
42847,d6828b8b-c2d1-40fb-a557-9ab3ebda303e,0.551,18.0,2,0,1
42853,754f0a14-62a4-40d8-adbc-347c759e6e15,0.185,5.7,7,0,1
42856,22436c45-7af2-4c3f-9d5c-d6bf5314a1c7,0.338,2.2,4,1,1
42857,3bebd47d-e434-4086-b63a-52511729f78d,0.525,9.5,3,1,1
42860,219b6d11-0056-48db-9d2c-9b08da6dbfb5,0.336,5.8,4,1,1
42863,96d5aca2-b224-4043-a32d-dcf898f911a2,0.691,35.4,2,1,1
42868,606ef992-7be9-4037-b514-eef93f0cd749,0.267,1.0,5,1,1
42871,5791ad92-a1f2-47ab-ae03-758a954c5ad3,0.457,240.8,2,0,1
42872,c2b6bd6a-18fb-46fd-8b1d-dab4ac9c93fd,0.543,23.3,2,1,1
42873,62b1c715-e3c2-4b4e-8350-80ffb46c986f,0.606,4.7,2,1,1
42876,48aca109-21a8-4a2d-ae1a-aca94e6ae7e7,0.775,10.4,4,1,1
42877,51d9a566-7b19-42dd-b9bb-9f30ff68ecff,0.575,21.3,3,1,1
42878,13e02dcc-f1e5-41e8-91cb-d05d21599206,0.230,1.2,6,0,1
42879,89933c08-5246-4416-9732-f0c30e13b384,0.298,5.2,4,1,1
42882,4da63caa-49fa-4de5-bd3e-a328b590ca28,1.000,98.3,1,1,1
42885,011ef144-d2b1-4739-ace2-1ab1f640bf48,0.388,29.5,4,1,1
42886,4976bdaf-9bf0-4347-8cd5-af47c383f3ab,0.643,4.4,3,1,1
42887,7caf6e8b-f09e-44d5-ab90-eb96e5d7857d,0.361,24.6,4,1,1
42893,8824ec57-7038-4b13-bf27-76431b5aad87,0.263,6.5,5,0,1
42894,7263ec85-82a2-475e-99b7-1ed5b696a45c,0.282,11.9,4,1,1
42897,450583bb-aadc-44d0-8544-b87611d7efd7,0.576,9.8,2,1,1
42900,7bff676d-50ca-4c11-bc22-ebe573077ed9,0.609,87.0,4,1,1
42901,25c94b60-f787-4fb5-a44a-030e88b81376,0.520,3.1,5,1,1
42902,b1ff1fba-b82b-4559-b480-7694d61f8b21,0.532,71.7,3,1,1
42903,8ed9a817-5719-438c-9434-3efe76902d30,0.350,5.5,4,1,1
42904,38228fd3-dbab-46f6-a712-0029e20f3305,0.562,8.2,2,1,1
42907,b485ce47-f608-4969-adab-b4d5da48698d,0.542,13.0,5,1,1
42908,12dc99e6-a0aa-4217-b2ca-8b9aed91263b,0.499,8.7,5,1,1
42911,55f96254-0293-45a7-890b-02ce38adfb10,0.387,13.6,5,1,1
42915,ffa22824-990f-4029-b105-0f209d927a46,0.878,31.8,3,0,1
42916,58285d27-722e-4e9f-bd07-fecc6ef27e7e,0.396,1.8,7,1,1
42917,9b1de38f-e3f0-427a-b826-14d76f616f58,0.460,27.5,7,1,1
42918,3791de51-060c-4575-a032-846a4235d54d,0.291,3.3,7,1,1
42921,1d5aaa25-6bef-48ba-913b-458377368f99,0.141,148.9,4,1,1
42924,cba87e41-ac93-42b7-b0f2-349db1284a06,1.000,15.0,1,1,1
42927,a5f8ef21-6101-44ba-8e52-10dcca0365d2,1.000,16.4,1,1,1
42930,7c5af947-55a4-4136-a84b-430cbba5f82a,0.466,0.4,3,1,1
42933,523c946c-8dcb-4a91-ab7d-6abb95dff5a5,0.784,0.5,2,1,1
42936,ce2aced9-e651-4065-a508-bf88340c0328,1.000,22.3,1,1,1
42941,cd99ab71-d301-46ef-bba3-6c5160d56c82,0.212,15.3,5,0,1
42945,04586a35-4bb3-4326-af3f-2033275fe8cf,0.351,3.3,3,1,1
42948,4c072e34-1ef9-4392-af23-5cb25ce26bcd,0.215,8.0,6,1,1
42951,8a42b8e4-1355-4d90-b13a-ed3ee56e14db,0.275,45.1,5,1,1
42952,7c9a03e5-1b0a-4c9a-90ec-02e1abfea4bf,0.187,11.5,6,0,1
42955,51279ada-e4e2-40f9-95b4-3eeb0551d7c0,0.266,9.4,7,0,1
42956,bef17019-76d2-48bc-b0a2-36623f2db613,0.461,5.3,4,1,1
42959,ad270ce0-3f68-479b-9479-cc7b7f25c6f4,0.429,12.9,4,1,1
42960,2a200599-cb9b-4e8f-85d9-12287afbebbb,0.323,1.3,5,1,1
42969,d665455b-ae08-4ada-b313-242b0fd4a9e8,0.499,25.5,3,1,1
42972,95d9b9c0-de74-42c4-947a-516ef550fe60,0.227,1.3,8,0,1
42975,39f2f11c-a906-45e4-9723-93f06b4db630,0.491,40.1,3,1,1
42977,3b622dc6-c66a-4d0b-afd6-9a7cf1f071a0,1.000,7.0,1,1,1
42980,331bcac5-892b-4fa6-a4a7-70bc91934e52,0.519,6.8,2,0,1
42983,7b3650e8-712f-425b-a2d1-46e1f73e7ff7,0.277,6.6,6,1,1
42986,f92ed444-d3c2-48cb-8d92-0ec94893b10f,0.370,18.3,6,0,1
42992,c2916d8d-54ea-4210-a318-071831818e79,0.483,24.1,3,1,1
42995,1ceb31be-7186-41a2-87b2-9d04c430b988,0.647,0.4,2,1,1
42998,019b307f-e1c3-4fcb-859c-df3a5f5e293a,0.331,4.6,4,1,1
43001,a8c582bc-461d-47c2-9ffc-1511df6a6936,0.246,1.0,7,1,1
43002,d2083adf-fb9a-4c9f-9683-79f5f7dd0538,0.213,15.9,5,0,1
43006,3266ad9a-5852-42bc-a0fb-5aea842693b0,0.613,14.9,2,1,1
43009,e942f32b-02fd-458b-9277-ceff4dd6834f,0.281,212.2,5,1,1
43010,930cd863-61f5-436b-8929-16356852bc96,0.184,4.1,8,1,1
43014,8d581043-0c57-4787-abb3-70c2fbbe2f31,0.510,1.4,3,0,1
43017,72eca488-31df-4fc1-aff9-cd3498747e06,0.427,30.0,6,0,1
43018,4d3c927f-05a2-47ce-b610-5e5e51520767,0.294,33.7,5,1,1
43019,8e0fa5cd-09f5-46e5-9f94-94014890ca35,0.319,4.0,5,1,1
43022,22d280fa-2cc8-4c22-93d1-e5f11bd82f8f,0.769,7.4,2,1,1
43025,c264abb0-a0e9-4d4c-a50d-8eedab26c64e,0.509,6.2,3,1,1
43028,7f21ffa0-9cba-4338-b32c-d084444eb5c9,0.392,3.2,4,1,1
43032,bde5bfba-8c3f-4b39-a459-f78a219b2323,0.146,1.5,8,1,1
43035,7c2132a2-56cf-4386-86fd-76068d0ddbd4,0.550,58.5,5,1,1
43038,68298e25-16f2-4d7e-85b1-6142d8e59dbb,0.318,2.3,4,0,1
43041,e17a7fe1-559f-4d4f-954b-a56d9af2e850,0.298,95.8,4,1,1
43042,bd2fe994-51ec-4039-b675-e685858a95a6,0.404,13.4,4,1,1
43046,b1e21b9a-1db6-41c8-bfe0-1f9ece6cd6c5,0.577,11.4,3,1,1
43048,358e0213-5714-429c-97c8-d0833ebba493,0.119,214.1,3,0,1
43050,1ec7fcb8-2f73-4ff4-8828-376ab63c2633,0.718,2.0,2,1,1
43051,059f2e17-92c4-4903-af7f-aead87671ce3,0.489,150.9,3,1,1
43054,4556a58d-ac84-4108-a8f6-3d00ad28d5a7,0.579,1.9,2,1,1
43062,478eb77b-2e3f-49ef-a5ea-1900d0adc5e0,0.373,5.2,3,1,1
43065,66035fdd-c694-4e4f-9f64-c1c111ff1008,0.465,7.1,4,1,1
43066,6c8f0719-b134-4587-8842-e07cda968986,0.246,18.5,5,1,1
43067,bd84bec0-a446-4755-a8f7-8c53dc70cbe2,0.280,11.3,4,0,1
43070,d6d68cce-9ab2-4ca7-af39-34b60650df2a,0.686,14.8,3,1,1
43071,fc1db0eb-443c-409c-bdb7-8d21e65d9538,0.381,5.4,4,0,1
43074,67ef2615-d07a-4189-8ba2-1f208ad13096,0.603,4.1,6,1,1
43077,3b537971-6e48-4341-89ce-e3ce28853217,0.838,8.0,3,1,1
43078,09cf25bc-a624-445d-9223-33eca521d230,0.831,12.8,2,1,1
43082,fe953946-ff50-45ff-8882-0f5ad73d2e9c,0.351,3.1,3,1,1
43085,fdd05ea0-7538-4e11-a80b-179a4550defa,0.542,4.0,2,1,1
43086,5230be0a-56d3-4b4c-857c-130d7d613cbc,0.397,1.8,4,1,1
43087,ceb99357-9798-492a-9ce9-cbeb9ebd578b,0.357,39.5,3,1,1
43088,62970b1b-58ba-46d7-876f-3d244281634f,0.298,7.0,4,1,1
43089,8e1e9d51-7b4f-4dc2-ba90-5f501c724576,0.301,69.6,5,0,1
43090,c72c189a-886e-49b5-ac03-7ea978d83ee1,0.307,33.8,5,1,1
43091,b4a9025d-5dc8-4701-b5d5-671a2c9f6c22,0.755,18.1,2,1,1
43092,b27b4846-6137-436b-a0ac-11c704427e11,0.502,7.2,2,1,1
43095,7fb79b32-c99c-4c0c-b14b-972927df9b6b,0.710,2.7,5,0,1
43097,65c1cb29-e9f7-42ed-8499-273a6ce0a6c7,0.181,10.2,6,1,1
43098,94642a39-0471-4b44-8a7c-50c5a1657c32,0.805,9.8,4,1,1
43099,64a52c6b-2e33-48a3-96ac-5580552852fc,0.269,24.7,5,1,1
43100,30f74d2d-9eba-4191-bcd5-73b896526aa5,0.284,3.5,4,1,1
43101,44e567b4-5a33-4d1e-983e-6728c02a1d1d,0.287,11.2,5,1,1
43102,7513e262-f76d-496c-828c-b913dae74626,0.462,89.2,2,1,1
43103,d6446d81-828b-49bb-bd81-a421d9008ad8,0.462,11.5,3,1,1
43104,53b4ecdc-c9c9-4dc0-ac22-4a361e8c9b4d,1.000,60.6,1,1,1
43105,15244f2a-9dcd-4d94-b4af-26448f32efa8,0.221,2.4,5,0,1
43106,76b93ae5-a1cc-4d77-907e-4cf18f4f8ce2,0.708,51.3,3,1,1
43107,70701d97-46c6-4d28-98e2-30e9803f6a24,0.256,26.9,4,0,1
43109,704da876-9af3-41c3-abbb-443a97171a02,0.411,1.7,3,1,1
43110,0222bdeb-80ea-4eca-8c98-a876921d8c55,0.335,7.6,4,1,1
43111,164d7bba-d5c2-40f4-a70b-ae3219a1040a,0.503,55.7,2,1,1
43112,fc3f0a96-22c6-4440-a406-90c7ef916def,0.461,1.9,3,1,1
43113,9b5d3fe1-c6ba-429b-b3ab-e9c4e2a0a9c1,0.228,3.6,5,0,1
43114,6f6e61a2-33e5-41c4-8e7c-8f84b5fe0548,0.523,4.2,2,1,1
43115,90c4b229-cd09-4f13-aa58-34f7063a93b6,1.000,10.5,1,1,1
43116,7927fa9a-a28a-4ad0-816e-0997d9e9d43a,0.204,51.0,6,0,1
43118,dccb0d06-5570-4b80-a097-8934d61c3823,0.796,41.0,2,0,1
43120,698d59a8-3435-4cd7-8c65-891ecf25119b,0.451,16.2,3,1,1
43121,7bd7d3e7-a1f3-45ba-b483-13e190798dc9,0.504,19.8,2,1,1
43122,f814dffb-7772-4e8c-a0b0-379f8b202500,0.232,44.2,4,1,1
43123,fcfea2f7-4a29-40b8-96da-1d7ae33b7cc2,0.528,4.8,2,1,1
43124,59f0f8af-7ce4-40a2-8c64-6e3d7df9c3ff,0.387,5.9,4,1,1
43126,51066d4b-74b0-4356-a8ed-89edf413fea4,0.948,2.9,2,1,1
43127,9d0f1e1f-5a44-4fbf-a497-4dc011f87415,0.842,23.2,2,1,1
43128,a6c0723b-af0b-4867-b687-ea241d3a0bf1,0.372,11.1,3,1,1
43129,d6f37ee8-89c4-4112-bea4-7ee133494165,0.673,161.3,3,0,1
43130,6e007668-dd3c-4ac7-aa6a-1cebb4bff5fb,0.277,13.2,5,0,1
43131,cb32fab1-6b58-4f31-957e-b679ff163761,0.391,4.1,4,1,1
43132,34df3c4f-d5f9-4a83-b5a3-304625aca2c2,0.275,5.8,5,1,1
43133,967ec910-9d74-4cfe-a077-4be247a121cb,0.856,4.3,3,1,1
43134,68968bf9-4202-436e-815f-fbecb6790b61,0.818,32.4,3,1,1
43135,13b81a21-586a-48d4-be98-bf61c7eaa9aa,0.133,1.1,10,0,1
43136,39ac0c9f-2548-4c18-b6bb-509b8e027207,0.129,3.7,10,1,1
43137,52e80b39-3693-41cf-bfd0-46a533d30c68,0.455,47.1,4,1,1
43139,f25db02c-f257-4d6a-8b88-076e573e2cf0,0.453,8.5,5,1,1
43141,0bf405f9-03bb-4a80-b9d0-63431c6327b7,0.349,1.7,4,1,1
43143,1f329bfa-79da-4bc2-bdc4-ef5faec9fd16,0.478,19.3,3,0,1
43144,b47510db-b915-49eb-b967-3a89511c550a,0.549,1.5,2,1,1
43145,0f4e5d8d-bfa5-432f-8f5a-752ad09fbe82,0.783,5.9,4,1,1
43146,ba0705a4-b354-4a7b-967a-5131744f4f25,0.373,72.6,3,1,1
43147,290a556e-6dc0-4690-9c6f-8455160904f0,0.815,240.2,2,1,1
43153,6bcb58d6-5841-4af2-9032-4f1f5ce27750,0.500,6.6,3,1,1
43154,4da11d75-a839-4edf-b110-9b5fb4342d1a,0.636,9.5,2,1,1
43157,f8b27567-d5ec-4f66-862d-a944dd3ab84f,0.599,152.0,3,1,1
43158,6a608d5b-778c-490d-90ff-cb9fd4664379,1.000,302.4,1,1,1
43161,db47a48a-ba6e-457f-8579-19f5addf37e3,0.680,4.9,3,1,1
43166,1f272491-ada0-428e-8ca1-bcb4864b34be,0.979,13.6,4,0,1
43167,884af5cd-b2df-47b4-86a5-3e52f040767f,0.405,84.1,5,0,1
43168,ab2020ac-f035-4cb5-adb2-31e46942d9f2,0.513,3.4,5,0,1
43169,0e0e3ab5-258b-4282-a21a-6a9487ccffd3,0.191,137.2,4,1,1
43170,b9177d85-369e-4957-87f1-ec59fe372545,0.433,7.8,4,1,1
43171,6dd18461-6752-44ee-b21a-aac1e7597e02,0.327,14.0,4,1,1
43175,22204326-61ab-42ac-8971-9c06ac4fbfa6,0.712,50.4,3,1,1
43178,17fd131a-2662-44d9-a44d-32f83a79fdaa,0.780,13.7,3,1,1
43179,8dcded13-4f2e-4ca3-8a9f-0be5e1bde61c,0.323,44.2,4,1,1
43183,1c306d1d-3cae-49d2-a100-e7ab1b9c2e1b,0.497,51.1,2,1,1
43189,c72e3d2f-67c9-41e6-bb57-8b36a0b5835b,0.527,15.5,4,0,1
43190,9e442c7b-b012-4312-814d-feb3cdc30ba2,0.299,9.0,5,1,1
43193,4f24a1f2-21fd-478f-b900-d15a7f252895,0.998,3.5,2,1,1
43196,e74f46db-770b-48a8-9bfd-91cb8f409f39,0.690,2.6,4,0,1
43199,ccbfbd2e-abee-4590-9f64-43cfceee6a45,0.578,27.1,4,0,1
43202,7100cfcb-8a88-499f-b639-8dae1132ce6b,0.746,8.1,2,0,1
43203,73c0ef99-6d3e-48c5-a486-a244858d2d03,1.000,9.8,1,0,1
43206,5dcfff2b-6087-44ff-9827-a084de288734,0.359,10.8,3,0,1
43214,123a8cbf-a989-4e79-8d21-8566f2107521,0.846,23.3,3,0,1
43216,a2129549-a824-4594-90b3-ae93bc4bc799,1.000,898.7,1,1,1
43217,c0308c28-be70-45b7-a233-e3a9f62f78e8,0.740,29.8,3,1,1
43220,1516213a-079e-4fb9-a948-fd34c7b777de,0.323,0.5,5,1,1
43223,d9d3606c-f383-41ff-95c5-2816f5055bb3,0.270,26.3,7,1,1
43226,aef28fca-17e8-410b-8836-2e8413784bc6,0.551,17.1,4,0,1
43229,287b49e7-f622-45d6-9b75-76f794774e9e,0.299,32.2,6,1,1
43230,604425c2-7e2a-4995-ba76-1e25ad93a549,0.986,412.7,2,1,1
43231,7683b206-ef7a-4536-8f4c-b6572121199f,0.416,8.5,4,1,1
43232,739d615c-291e-4d0a-b4b6-b664466c6a08,0.760,8.7,3,1,1
43233,92dc2daa-91ca-4db2-a032-c5477f76ded7,0.332,6.7,5,1,1
43235,3f98ce4f-409e-4186-9d42-05c066c93d08,0.286,3.4,4,1,1
43238,b834c862-ddb3-411d-809e-c49bf6b1ab1a,0.359,3.9,3,1,1
43241,f6a6fd1b-6cb5-4608-a349-7297254735d2,0.934,2.1,4,0,1
43244,9f145ce6-9ff3-44e5-ba9c-282803eb8bc9,0.298,3.3,4,1,1
43247,5b627dbd-0f35-417c-a1ee-7ae2a7152ea9,0.257,10.9,4,0,1
43250,e34425d8-b53f-4b53-8d4f-d4fd0dde2a5d,0.514,7.3,3,1,1
43253,aa69d463-e818-4b73-8bf5-36661276e397,0.168,80.5,6,1,1
43254,6dfd47c7-7b28-4e51-bc11-441b9ee52582,0.198,2.4,8,1,1
43258,9129147f-449d-455e-bf17-d8f410f81a95,0.255,3.5,6,1,1
43259,8b80f3a6-9ea0-4c65-aecb-5e7acbe5f27f,0.238,180.6,3,1,1
43262,93d02a6c-1233-4b6c-ae94-52b780c74fac,0.360,8.8,4,1,1
43263,4ad03163-c154-4c42-874c-40ffe8778478,1.000,51.9,1,1,1
43264,b8627712-c3d2-4ebb-b8f6-9355a4d029b8,0.938,218.9,2,1,1
43267,9fb7daba-53a6-488d-b1a7-9bce70dc392c,0.443,16.1,4,1,1
43268,3d558888-d90c-4051-a8b6-62b0d5aca28f,0.226,6.3,6,1,1
43269,5a50b9c1-1061-4382-b5c2-46e52c78c209,0.909,117.3,2,1,1
43270,f204dc44-8702-4b04-855b-8ef19b1a9032,0.393,6.2,4,1,1
43273,fba54154-2e41-4944-84a3-4acfc4caca4b,0.307,20.7,4,1,1
43274,f53d8388-29f7-4505-b3ba-0d332dba1d69,0.357,13.9,3,1,1
43277,6b8622ac-b20a-4649-84e0-11334525a6cc,0.295,6.0,5,1,1
43278,64a4d29d-a25d-4a3c-a44c-0053fc58081e,0.860,4.7,2,1,1
43282,5d450cb4-4f9b-43e5-8a43-73471a77043a,0.318,2.0,4,0,1
43283,0bd6c869-6e4b-4d80-a19b-9cf09ac76e22,0.337,4.0,5,0,1
43286,b9d7e1e7-9e9c-41ec-87ab-324f793b9df2,0.365,9.4,5,1,1
43292,072ae2fe-0919-46f5-a00f-ec1784ab7f6e,0.686,18.5,2,0,1
43295,88158161-9314-41e3-bd5e-35a2ae295a8f,0.502,288.1,2,1,1
43298,8f5314ad-9696-4457-a511-ee7f72af364d,0.415,1.1,3,0,1
43302,f25b3e9a-c762-4c60-8275-f30e04badd84,0.438,53.9,3,1,1
43305,264d2b1e-d0a9-4c72-a21a-6ea80cf83555,0.952,40.7,2,1,1
43308,1e3e29c9-c4c5-4e62-bd04-7a7e7684ca5e,0.353,13.1,5,1,1
43311,f4ec8a9e-c2e0-48d1-9a7c-1aab64e7d2c1,0.352,2.9,5,0,1
43312,1e597660-c37f-454c-916e-2dc78cbac052,0.386,0.3,6,1,1
43315,ddf5cfe9-0b25-40bf-bdd2-fe4c4a4d2a77,0.287,24.4,7,0,1
43316,3161cec7-9b26-44ff-a630-324b10af4bc0,0.285,8.6,6,1,1
43317,4846b61a-78c7-48b1-84be-daedc87021bd,0.510,33.3,3,1,1
43318,8ab127b6-97a0-41b8-9b1a-5d33c1f354d4,0.088,419.2,2,1,1
43320,7944f442-d2ce-4925-8471-342fa45140b5,0.562,30.7,3,1,1
43323,163e076a-f679-42c4-bab8-deccc4fd9457,0.658,364.2,2,1,1
43326,bd7c1c37-1dcd-4943-8f86-a724b8628c44,0.200,26.5,6,0,1
43329,f6d38d32-c9e2-4300-bc93-0c56f2cb031e,1.000,1.8,1,0,1
43332,bf2959f2-9614-4c2c-ac85-f370e7ca5dba,0.215,1.3,6,1,1
43333,26c14241-8905-4712-8220-f94c7de1ca9d,0.211,2.7,6,1,1
43336,a51928fa-08e3-4e62-811c-8d95a8cdc31b,0.201,4.1,6,0,1
43342,f5285d6d-9806-44f1-8d97-ab76b63ffea8,0.197,4.9,6,1,1
43345,1a07cbc8-55ab-40a5-9e04-b081899aa4b6,0.344,2.2,4,1,1
43348,f0588679-1c52-4a2a-8367-207d8d5670a7,1.000,8.7,2,1,1
43349,de892535-c93e-47f3-b771-09448799d561,0.392,22.9,4,0,1
43350,9fd00b9b-406b-4590-b75c-40d5711d3295,0.341,3.7,4,1,1
43353,99a0251d-e1db-4051-ab52-7cf2011985d9,0.510,3.7,3,1,1
43356,30f03c4b-5542-4851-87f1-46ccc47b7c12,0.474,33.2,3,1,1
43359,ad645e3c-0c6e-4503-a6b3-af2bb2e27710,0.374,3.4,3,1,1
43367,c684f1e9-19e4-48f2-9016-71d6ab19799a,0.433,16.6,3,1,1
43368,b0669dcd-976b-409d-8178-16a9baaf335a,0.368,9.3,3,1,1
43371,1d3db8d8-390c-4b39-8c66-50e0dc3ff73f,0.418,5.5,3,1,1
43374,8dbbcb27-0124-4e7f-9f65-2cf24e8250ce,0.188,0.6,11,0,1
43375,d87f4b16-d1c8-449f-afad-0d0455ec1776,0.222,1.1,8,0,1
43376,bcef7cef-ace9-4752-8143-d12f7e6c0a25,0.488,6.3,5,1,1
43377,0609a615-3f74-41c9-9630-83cfa5ce3ac3,0.393,16.6,4,1,1
43380,f9f72cd7-faf9-4079-b9e4-4f6bed3b989f,0.412,14.1,5,0,1
43381,c636284c-5090-43c1-8422-22cc4d800c91,0.360,26.4,5,1,1
43382,039ff270-ea6d-4c17-b9fd-26e0ab680e08,0.738,0.9,6,0,1
43383,b390f552-53f4-490a-a3f3-fae5b83497d8,0.070,224.3,5,1,1
43384,1be2678a-7eed-4f0d-9904-b701c07bca16,0.429,4.1,6,1,1
43385,85cec419-8a45-465a-bcfa-baee67c75fd0,0.398,4.8,7,1,1
43388,959cb05f-91f3-4dc2-917c-81f24de3cd6c,1.000,283.1,1,1,1
43391,d5c4a6a5-ec97-4b30-b4d1-3e2cb65f48b6,0.183,154.0,4,1,1
43392,57fed9bb-b5f7-423e-bffc-9eec6ae0a862,0.246,29.6,5,1,1
43396,bd053b43-539a-4102-98a2-b97605ac101c,0.513,2.7,3,0,1
43397,978c7446-43fe-4b58-94ca-fb0d1f522b26,0.960,80.5,3,1,1
43398,7e663f1c-1582-4740-b3c1-f551f490b38b,0.415,21.2,7,0,1
43399,c0bd9eb9-6096-4f35-9006-6b9939ebeb2a,0.263,5.4,8,0,1
43403,37476cbe-7465-440f-90d4-629076e8d3c7,0.229,0.7,6,0,1
43406,5144b94b-a299-4348-adfa-6aed796f979d,0.506,5.6,2,0,1
43409,8d73b3b1-236b-4c15-9e7f-5dca7ef7403b,0.957,4.8,2,1,1
43412,0e4220b2-70e4-4b0c-b30b-4ceb768ba7ea,1.000,31.0,1,1,1
43415,e012562f-ddb5-45e4-94c6-6bc3ec5e9206,1.000,8.7,1,1,1
43418,2ed77504-9bb6-4a8e-902b-7bf7534e3955,0.226,38.5,5,0,1
43419,63003ee8-23e4-4f26-8795-1ac220ba4206,0.181,11.6,7,1,1
43422,6f9b3004-d2ce-4a0c-bf62-16aa76a5a5c3,0.332,6.4,4,1,1
43425,19afb680-414b-4665-be6c-63b298869659,0.272,3.7,7,1,1
43426,5105b307-1291-45ca-8072-02d4746a8418,0.191,4.2,6,1,1
43429,401ddde4-1f5e-4f9b-8468-3248b90b063b,0.268,3.1,8,1,1
43430,b8c35b13-7afe-4c83-820e-94d5981c64cd,0.231,20.3,11,0,1
43431,c2c78911-21cc-4aae-abd7-7c3ed3752b31,0.230,16.3,8,1,1
43434,72214fd3-c810-4ded-b51b-3ef62b045c6f,0.281,8.4,6,0,1
43435,056f9ddd-1f6b-476d-a6d9-2836da9477b0,0.446,51.2,4,1,1
43438,479feb71-38c9-40ad-b9fd-750c351a2495,0.458,109.2,4,0,1
43439,e3173f95-fa32-4521-bcc4-9497c27577ba,0.390,7.0,6,1,1
43440,c06302c5-0717-4488-b994-377af1c3be42,0.325,17.4,5,1,1
43443,f2fed4d1-e1fd-443b-9dfd-d44406bd4e9b,0.165,10.7,10,1,1
43445,d6eb8f13-aea6-422c-8629-238d0e6343fc,0.842,6.9,3,1,1
43448,d69cf006-fbc1-4cc8-9a27-fb0e23925734,0.503,97.8,2,1,1
43451,fe1c4675-1b16-4c65-9fd2-995b8a039c0a,0.273,6.9,4,0,1
43452,c0b1027b-7a41-4998-861d-6b30c32bb2d4,0.290,0.9,4,1,1
43455,54ba49ca-8d19-49a4-88ee-9dee706e89d3,0.153,7.2,8,0,1
43458,ff0f7f54-6af3-4e5e-b1a6-12167dac1d7c,0.465,1.5,3,0,1
43461,4dd1802e-25eb-4813-9a0c-860e3f3ad32e,0.559,3.7,2,1,1
43464,4212027e-d12a-4afc-8161-bcc90471b6c6,0.331,12.1,5,1,1
43465,870f76b7-564b-4824-b0b6-b9725c7c20be,0.591,3.5,2,1,1
43468,f37a5c32-2198-4d83-afa9-6abea00895c1,0.340,11.7,3,0,1
43473,8edd1f8a-9a88-4cc3-9a54-89a896df2e19,0.455,0.3,4,0,1
43476,b4cf5047-430e-4181-96a8-dbdac5ef67ca,0.455,1.7,4,1,1
43477,2cfe5c0c-81d9-4b75-a480-e043e7e98172,0.823,7.9,3,1,1
43481,8338c361-1a22-4f41-b1be-ecbe97bc983c,0.496,14.9,3,0,1
43484,09994b81-9151-4a1f-8cfa-925b269726cc,0.786,125.4,3,1,1
43489,7ebea94c-5de7-4279-9469-6363e1117007,0.559,12.1,5,1,1
43490,f231b5ec-51fa-4160-bf4b-ae6371a4dfdd,0.307,10.1,5,0,1
43493,f417174a-e986-411d-9dae-9370b255d98f,0.515,19.5,4,1,1
43497,5e0d868c-6d69-491d-8274-7b8fef6cba0c,0.526,1.2,4,1,1
43498,3614659e-2bfc-42a6-aaad-6896ad47c804,0.444,0.1,3,1,1
43504,ad4da985-ec54-4af0-bb41-e9bb9fcd68c9,0.450,7.4,3,1,1
43507,df0471d1-1f72-4e02-9e10-e1ee872052c5,0.445,14.5,4,1,1
43508,55e75394-6344-4d6d-81bb-67a01d67759c,0.507,11.2,3,1,1
43511,74b63205-f853-44cf-90cd-2b3bcf1dd133,1.000,7.9,1,1,1
43514,e8d40186-39a9-446a-ab8d-5612f191e935,0.664,6.7,4,1,1
43517,ea63c562-fe4d-4a98-adf1-50b67a9e1f67,0.043,378.9,3,0,1
43518,fb19af3a-c1a5-4925-bf1a-066abf3955b7,0.924,2.7,3,1,1
43521,bcc6944a-bbf4-4adc-ba37-32d557a4ef14,0.283,10.5,5,1,1
43524,aee4d4fb-f6fa-4023-9a68-c658e09e74d2,0.154,0.1,7,0,1
43527,4e0d557c-9522-4b3b-866b-5c13cb308f3a,0.459,7.7,4,1,1
43531,b86af961-03e2-4111-9299-f545b7fcfe26,0.302,11.7,4,0,1
43534,9cd9c7f5-6775-441a-a0ee-7002118c232d,0.184,11.1,6,1,1
43537,5577891c-aa06-4bb0-92a3-c19efe436bbb,0.342,4.1,4,1,1
43540,b5f9e1bd-a8c6-450d-8bfd-703347fbc279,0.336,29.2,4,1,1
43541,6b26ed04-c4c3-4da1-aa23-e39e459be7af,0.209,10.7,7,1,1
43564,a6fd577d-0f71-4fc8-9224-59a3136ad7eb,0.569,23.9,8,1,1
43565,9d8d3997-1b1c-4557-b51d-aa9eac783aa3,0.395,7.3,8,1,1
43566,b5e49218-d39f-4cb4-9840-4781f610da51,0.180,1.5,10,1,1
43567,b930da13-7108-4002-b9e3-9274d34d24f8,0.156,9.2,9,0,1
43571,ca34f413-5e96-4f9a-8fc5-a3007ba511cb,0.131,177.6,3,1,1
43572,fd28f7ba-333b-43ed-884e-5551a1d1542c,0.223,9.4,6,1,1
43573,73d37b98-3663-4814-9440-4116b8f640fb,0.247,0.7,5,1,1
43577,f4fe50e5-027e-4bf1-91b7-395c7c26dbaf,0.536,3.0,3,1,1
43580,4f68f078-c54a-48c8-8a81-3b481d4fa039,0.454,7.3,4,1,1
43583,b8a42d58-7e49-42fa-97ef-6aafb62570ee,0.511,7.0,3,1,1
43586,ba24e4ae-8051-496a-ada2-dd747bec995b,0.429,5.3,4,0,1
43587,58ae1540-87a1-45c2-9cf4-0c4291c9eaab,0.512,12.9,3,1,1
43590,b7460663-7025-4778-ba7d-c114393c57c0,0.350,29.7,6,0,1
43592,9eb3fa34-de85-407f-bd51-6a652d30d468,0.294,4.9,4,1,1
43595,919abc10-427d-4769-b1a8-20d9ca2d6a3e,1.000,0.9,1,0,1
43598,03b96f1f-b884-4322-97c5-29d1ab9423bc,0.120,223.5,2,1,1
43599,54d07f75-3ef4-44e0-ab01-e35c96a01f8a,0.880,4.2,2,1,1
43603,ab29a328-35c8-4630-8b17-83f91a41e7b3,0.290,9.6,4,1,1
43604,674ea294-445a-4d0c-b41f-d41fb0224bb1,0.287,2.3,4,1,1
43607,d508393b-bd23-4e38-aac2-7ef2df0d6acb,0.219,188.5,6,1,1
43610,ef938014-07eb-44cf-b49d-2240b7f9b3c4,0.393,13.7,4,1,1
43614,799359c8-09ca-4fbb-b4e4-66618af05d55,0.274,69.9,6,1,1
43615,b4a11bd3-a9c5-431f-928e-3a8f0cf8886f,0.221,6.1,7,0,1
43616,0ae46a50-d92c-43d3-9e42-683ce4fc5722,0.237,87.3,4,0,1
43617,434ef95e-77c5-4763-a53e-963b8681c501,0.456,9.7,4,1,1
43618,9a34b8f8-bc78-451f-8788-78dd61c8c735,0.400,5.9,4,1,1
43621,f8c6c03d-fb29-4a3b-9631-7c71a8bc3afd,0.269,3.1,4,0,1
43627,02303803-22b2-4302-a486-41db1fc4b6e2,1.000,10.7,1,1,1
43630,62a2b4ba-cca3-49f0-8a59-2c2985939fe8,0.026,412.3,2,1,1
43633,f551a902-d72c-430b-9247-93adbf00fb08,0.209,6.7,7,1,1
43636,d92d5363-4eec-4c23-95bc-60b05361df45,0.320,16.3,6,1,1
43639,09cab052-b49f-42df-8e7f-37ad751d37e3,0.886,11.8,4,0,1
43640,ff9626f2-6802-40c3-bd80-d9ede71e76ea,0.369,19.8,6,1,1
43643,50664cca-1e04-40d4-b2e8-a89a4e6c7094,0.506,14.5,2,0,1
43646,e63dc4d1-85ae-49cf-afa2-07051bc8360f,0.330,114.1,5,1,1
43649,b4382e4e-1ad0-456e-b95c-99032f6a21b7,0.562,4.0,4,1,1
43652,8c4baf2b-6501-4f58-9bc2-722c9c37535c,0.346,6.5,5,1,1
43655,d63d7e51-4b82-4f89-9d2d-50718aad5d08,0.922,15.8,3,1,1
43656,9e8075f2-88b3-4614-a08a-2a61a66eb412,0.503,4.6,4,1,1
43657,9af19b93-4c81-445e-915f-3c3c2ef1e0c1,0.596,4.6,4,1,1
43658,e3b35aeb-f85b-4bda-a94e-3b168de21ae4,0.506,28.1,3,0,1
43661,ae4356ff-06ce-40ef-8d1a-d4901a4dc64f,0.385,14.9,4,0,1
43664,5ee2c5ff-49c0-4403-8677-3a696405baf6,0.513,8.7,2,1,1
43668,cb40e234-8c4a-4009-98d7-e38112d25534,0.215,0.5,6,0,1
43671,dbf3494c-da9f-479b-a829-a40885856ef8,0.503,4.3,3,0,1
43674,0fd20798-b905-4631-8d0b-0f6c6b4cc9db,0.684,33.0,2,1,1
43677,6db4b39d-6dd8-43ad-b39c-b8244cc7f5d3,0.511,42.7,2,1,1
43679,5821f5bb-4fd1-419f-be82-4f800f6c7c60,0.350,6.0,5,0,1
43682,c8963d48-0cad-4eae-b1cd-d033d3ef315c,0.334,5.5,5,1,1
43683,f2e5dc5d-fa24-41ea-9594-6442ab342900,0.374,4.0,4,0,1
43686,cc43b780-a43d-460b-9ad6-5ee358ca8a7b,0.365,4.8,3,1,1
43689,3643b4d2-c0b9-4ece-9d37-c2ceb163dd73,0.380,212.8,2,1,1
43692,b85ce41b-0659-4110-8845-68cc954a8107,0.654,4.0,4,1,1
43695,d1207825-bc2d-42e0-9611-8240a699d829,0.324,202.8,5,1,1
43696,a27c88d8-e320-467d-9e2b-cfb86bd05e7b,0.393,12.3,7,1,1
43697,652c1878-fc4a-4eea-bfe0-199d8bfe2663,0.270,1.7,7,1,1
43698,b1c63b0c-955e-404e-97ac-1565e267e503,0.353,11.1,5,1,1
43699,c6269a23-422f-4709-ad6a-73461c3ae646,0.319,0.8,4,0,1
43702,aad1c2de-3319-482b-8a3f-5a7f6e77e5c1,0.239,1.8,7,1,1
43708,7c6694d9-49eb-4ec5-8f02-9d9fcf4b1759,0.298,1.1,5,0,1
43716,3c42660c-159c-41c7-a206-d7c8e75e7699,0.451,4.3,4,1,1
43717,4485697b-0ece-4258-9a85-3942b515d086,0.617,62.4,3,0,1
43718,3e76904d-45d0-41f8-a9ea-0edc08d302c9,0.398,4.9,4,1,1
43719,2b505dfc-4739-4447-917b-5350f07b289f,0.530,3.3,2,1,1
43725,8fb51f39-afea-4f94-be8d-0a6ef0631e20,1.000,15.2,2,1,1
43728,e3a8430d-adf0-4890-b0eb-040b836fb2d1,0.351,12.0,4,1,1
43731,4c953ee4-fc62-47fe-9012-9c8e425258a0,0.249,11.5,7,1,1
43732,c2d7e882-9123-4bbc-acab-f6e48e5a2b46,0.429,8.2,3,1,1
43735,85665763-061f-43c5-8767-822be0b43561,1.000,7.3,1,1,1
43741,b0c8c466-30b1-46e6-9f52-96f472f123e4,0.269,2.6,4,0,1
43742,c299dc6d-feec-450b-b37b-7f09bd301981,0.374,118.8,4,1,1
43743,453d7501-e7b4-4fd5-853d-624d58e2a539,0.254,12.5,5,1,1
43746,26977e86-ac2c-49fd-916e-af896a70f226,0.318,1.5,5,0,1
43747,4a4e555e-39ec-4366-9f9b-923bc582e87f,0.278,0.9,5,1,1
43753,e8d53517-594f-4e1d-aa87-df402adff73e,0.346,13.2,3,1,1
43756,ef318c42-319a-4cd1-9772-5f9b1fef5da0,0.454,145.0,3,1,1
43762,9fc086cd-6882-4fa4-9be3-150dc907fb4a,0.239,10.1,8,1,1
43765,df56ba1c-85e8-45d6-867e-1c34d5350c17,0.796,3.0,2,1,1
43768,3ec0cf21-23bb-4ff9-bfd1-f1efa6685d53,0.249,7.6,5,0,1
43769,88117ef8-0495-43e1-81af-c15508d030c3,0.216,7.6,5,0,1
43772,23033806-6cf5-4580-82ff-0d48c1c5038e,0.339,14.9,3,1,1
43775,1d3d8237-50eb-44ea-8053-79b17824f2df,1.000,3.4,1,1,1
43778,9acb4abf-23af-4e86-8764-5cf2212735c3,0.720,11.8,3,1,1
43779,67c956d3-0fdf-4224-b6b1-d29927d47b86,0.393,62.2,3,1,1
43781,b3c486d4-90a9-40c7-bf2d-df7069ad7d90,0.449,19.0,4,1,1
43784,46817dc4-a14b-4889-ab72-faa74d4ceb99,0.375,6.8,3,1,1
43787,08a2935e-d52d-4fa2-baef-c051a7741a3f,0.512,26.7,4,1,1
43788,6449f114-3617-4c73-bb1d-4eba8f4308d6,0.253,0.4,4,1,1
43791,3a6582a6-a418-4daf-bd76-e8d4a9f741dc,0.289,2.0,6,1,1
43794,177c8a8e-68c9-4225-8ae4-426d2f1f2b30,0.505,11.6,3,1,1
43798,a5cd427f-02b1-4ca8-bc74-e11ebb22165a,0.478,25.3,3,1,1
43802,6b013584-829d-463e-a4fc-0ac924f9337c,0.504,14.2,2,1,1
43805,62ec9330-228d-4e34-9c79-751537407227,0.149,2.9,8,0,1
43808,be1ebc57-68ec-48fd-8189-ae91c44f4d0d,0.656,4.8,3,1,1
43815,63ad28c6-a273-49ba-86ed-70b6854a43ef,0.010,536.7,5,1,1
43816,520560b3-6dc0-4967-924c-6190cd522845,0.435,7.6,8,1,1
43819,82dbf354-0909-4ebe-9553-6db8f2088b24,0.405,25.4,5,1,1
43822,94232df8-d9d7-4e50-8b27-62bf9bba356c,0.387,15.3,4,1,1
43825,079c5a85-3f79-431c-ab7a-b88ad7439a32,0.364,7.6,7,0,1
43828,62589718-a948-45ce-9b78-881b477c63b2,0.225,14.1,6,1,1
43829,e8214427-ff62-4596-9d69-14a360a36a0b,0.380,5.7,5,1,1
43830,eb04bcbe-751e-417a-b4cb-ebc66d088bb0,0.255,2.1,6,1,1
43833,9b354163-90b6-47e6-a499-868f7509acef,0.355,0.4,3,1,1
43839,2c2c7ed1-ef53-4d48-a43c-8265e18dfb72,0.302,15.1,5,0,1
43842,e79728b5-07e7-421d-9b33-79b55afa2824,0.316,3.9,6,1,1
43845,192b656b-3f6c-463a-a37f-abf2731b349c,0.932,199.3,2,1,1
43846,fe92b95e-295f-43e7-8805-cd0bf27fa190,0.441,6.8,6,0,1
43847,205cb4ff-9b7d-405d-885f-e6ce1a41b5b0,0.273,2.5,7,1,1
43854,a2c4afe0-a6a9-48d8-a360-390bf16e4d9e,0.780,5.7,4,1,1
43857,bc61862e-e926-44ad-9e62-4daf811990e1,0.287,87.1,5,1,1
43858,0fafb8a3-e2e0-49c4-80b2-9a4a9c054f91,0.195,44.3,7,0,1
43859,a929c6ec-9d34-43d5-9a78-c337ed7fe2df,0.224,8.5,7,1,1
43860,441db4a3-eaec-4193-876c-238ccc377090,0.243,4.0,6,1,1
43863,5a6974d6-0708-44c7-bccd-a3e870ed253a,0.333,145.2,5,1,1
43864,bff1f6f4-a208-408f-990e-1d17c5dbc395,0.245,18.5,8,1,1
43865,24fc4212-ba9c-4268-8a10-6d64b06aa68b,0.348,127.9,4,1,1
43866,adef8da7-e98c-4a65-8974-713d6fe81c87,0.485,42.9,4,1,1
43867,483bd21d-0f52-43c0-a657-4b3506d0f32a,0.229,110.4,4,1,1
43868,b3e56a4f-ab33-40b2-ac17-5e9e037a0b3b,0.247,12.9,5,1,1
43869,81fa2bd2-becc-4aba-828e-585bfa975e32,0.161,3.5,7,0,1
43872,795cbbf6-fc35-435f-940e-1417bb5bb55d,0.976,27.5,2,1,1
43878,c1a7bd44-a30c-49e1-9695-33536655e673,0.357,2.1,3,1,1
43881,4825238c-4837-4760-8379-b143783ca092,0.488,48.9,4,0,1
43886,a694e91f-1bab-4723-b8a7-b6916318c9eb,0.273,0.8,4,1,1
43889,4bac5640-6661-4526-a8ac-0285dce21d1e,0.520,1.5,2,1,1
43892,be99d653-a645-4ec3-8976-e6fd1041e577,0.803,63.0,3,1,1
43895,474fa81d-fd44-43e1-aa6f-c8c5dd69b18d,0.079,237.2,8,1,1
43896,2099b014-1ac9-4c0a-add2-c2c372415853,0.298,11.5,9,0,1
43897,ab5c440f-b2c5-4de5-b716-0052be00f3f3,0.138,99.7,7,1,1
43900,defe6fe4-a423-48d5-b600-3887dffb1e6e,0.314,21.8,6,0,1
43901,ff6811a8-503b-4b82-adf0-4b54613dc38a,0.450,7.3,5,1,1
43906,77a60c34-ab83-4ec5-89b1-8b0d389f8f25,0.497,77.5,2,1,1
43907,7d13dd46-c1be-49ec-a6ea-f583aae9ef5a,0.503,10.5,2,1,1
43910,04ddd6bc-b828-445d-bcdb-8e28b440a7ae,1.000,18.3,1,1,1
43914,5e34723b-69ff-4581-856f-4fc3f43294cf,0.965,16.2,2,1,1
43915,d249b021-dbf0-4700-a503-c60fb1301cab,0.606,8.6,3,0,1
43916,0bbe9a26-5f22-4011-accf-68408aba8f18,0.510,5.3,2,1,1
43919,ec32aaa5-9e53-4a6b-a212-876c191607d7,0.204,14.0,7,0,1
43924,94237319-5d2c-4856-bd70-8337783669b5,0.301,17.8,6,0,1
43927,1c6dc60c-7986-44e6-828d-0f21572314c6,0.772,14.9,4,1,1
43928,b0bd2858-e86f-4830-a5f2-4f65c50f6866,0.676,8.3,4,0,1
43931,95cc2fd3-5afc-4cd8-8716-147c2667fc17,0.289,21.6,4,0,1
43934,71632fba-e01d-4c86-a47f-bbc7127585af,0.585,19.7,3,1,1
43937,e0680bd7-cef5-4ba5-a79f-9f4854331010,0.250,9.7,5,1,1
43940,1cfe624c-957b-49eb-902f-f2b63d830485,0.253,15.2,4,1,1
43943,b5c12690-4def-4dd0-8e8b-a4cb7b2adf96,0.740,3.5,2,1,1
43944,615e89e2-419a-4e5b-ba10-8548b02397d7,0.295,15.0,4,1,1
43949,4556aa08-7f7c-4c31-8b5f-1ef18815c58e,0.482,2.5,4,0,1
43950,7aa07c91-0d74-479a-a7dd-d9c4e5f6f8cf,0.311,3.6,5,1,1
43953,1fabcafa-6a08-40aa-a164-cb35b7650602,0.316,10.9,6,1,1
43955,b8d4ff3e-54d3-4794-acd6-ccbb77ef0e4f,0.310,7.6,6,0,1
43956,dd049808-8be4-48d1-b463-d69db175b1a9,0.146,0.3,11,0,1
43959,594e3afd-d52b-4b20-b3cc-9a79704fd908,0.361,5.3,5,1,1
43960,ba8bbf8d-72a1-4f96-9f2a-f17834ec11eb,0.352,5.1,4,1,1
43961,816fdbdd-74dc-4c6b-9e5b-34f55a41c2e9,0.288,3.1,5,1,1
43962,8d74598a-856f-43df-b668-ab92221b6959,0.274,8.9,4,1,1
43967,1a5d3b0e-e056-4166-b69b-b68c856c8b8a,0.752,9.0,3,0,1
43970,d130a40d-3a4e-4e2f-a568-15d8912f623d,0.553,21.0,2,1,1
43973,0461c161-22b9-4b73-acee-948ae9802238,0.372,17.2,3,0,1
43976,4d057e26-5499-4296-a882-5ba12b0210c8,0.374,7.6,3,1,1
43977,476ac4ca-882a-4c76-9138-f27539e1cb06,0.431,3.4,4,1,1
43978,32e2a5e3-8db7-4dae-9520-6f68a9117970,0.240,0.0,5,0,1
43979,3d33883c-9291-404b-b5c6-86f35fab2e0a,0.712,40.2,2,1,1
43980,6d49fd2f-457d-48dd-bab5-a2f7dbed362a,0.504,0.4,2,1,1
43984,80401291-2749-43cd-8dd5-942530e4d740,0.999,1.5,2,1,1
43987,6f09922e-e624-485d-9afc-73b799cab4e5,0.364,2.7,3,0,1
43990,66fa3586-36f4-453e-a5a0-6b041235380f,0.649,12.4,6,1,1
43991,d2a6ecf2-d6d0-4666-9b4d-5f63e620b04b,0.295,4.9,8,1,1
43992,bf9ab15d-eed4-4319-9b90-9dad13a6d118,0.323,12.8,7,1,1
43993,312eea91-d37c-44b6-97b9-4b2eaefad65c,0.262,0.2,8,0,1
43994,fe199324-ae41-423f-9113-b63acadb9d6b,0.283,1.3,8,1,1
43995,ff7295de-6ce4-443e-a3dd-8c0ac0ce3e89,0.181,110.0,5,0,1
43996,d854ce93-d724-40b5-9f83-5f6bdffbef1e,0.225,0.8,7,1,1
43997,f0404fc6-07d1-455f-b0c1-e9ecbcc9bc08,0.901,3.7,2,1,1
44000,6593ca0e-03a9-4f09-89c9-20dc9bb18040,0.411,57.5,3,1,1
44001,c4a4c3d3-fc07-4441-bf2e-fcfe95e6ef7b,0.268,23.2,4,1,1
44005,fba35534-ef25-4ad4-af6f-070c63abf1ac,0.545,11.5,2,1,1
44008,55d53920-02a6-4b1d-8a52-708e9211b27f,0.421,1.9,4,1,1
44009,72427c33-8dee-48bb-8270-bf0383a9d2f7,0.216,106.9,3,1,1
44010,65b20113-83f3-4576-b771-b94e93f2f0d2,0.196,12.2,8,1,1
44011,b65ddeac-cdf4-4c9a-b2f2-d1dc460ed7c9,0.351,9.5,3,0,1
44014,b7f0fe86-1c9f-4f39-9a90-e76b029c20f7,0.272,6.2,6,1,1
44015,af6cda13-3fb2-4791-a664-edd2fb53dfb3,0.254,1.8,4,0,1
44018,ce56b04f-8332-4d9f-ba31-dc13da2afe40,0.662,141.3,3,1,1
44019,239a9055-fb3f-4035-817b-f3e36b08da2f,0.404,29.4,4,1,1
44022,2149a7b2-52c2-4365-9d52-b417fea95453,0.816,25.0,3,0,1
44023,92e28715-8dc0-462c-b41e-9940276b040e,0.370,5.6,3,1,1
44026,56709995-a07a-47d0-9f01-57e38570a7a8,0.800,0.3,2,0,1
44027,593fc862-94af-4484-a1d5-ad728ab4307f,1.000,7.1,1,1,1
44028,92e700cf-40b0-4d1d-b89b-14709081eb99,0.500,22.7,3,1,1
44032,470436b1-0c29-4af4-9e2d-4205ae448735,1.000,346.5,1,1,1
44035,e045d3c4-7e84-4fb2-bb6d-a4f92c4de94c,0.415,11.7,4,1,1
44040,bdccbabe-c9bb-4c7d-8151-de98672cb7b4,0.720,22.2,4,1,1
44041,4042f89e-d6e4-4bda-9464-cbb93332bee7,0.515,0.6,4,1,1
44044,f2a82432-a175-4646-8d15-a60efcc25ca7,0.218,7.3,5,1,1
44051,6da99586-83af-4a9d-a9ec-c6a040b1ecb8,0.360,0.9,3,1,1
44054,ca2a90be-cea3-4ba1-ab14-a57149cc352d,0.356,8.7,3,0,1
44057,ff7b0642-0305-4ba1-804f-b36e8d568ef3,0.330,11.9,5,1,1
44058,ac988514-f696-4f81-b040-8c6198178423,0.444,7.9,4,1,1
44062,abb19e94-e8cf-41f9-a925-6ed43bdbb3c1,0.587,16.5,3,1,1
44063,a152bb9d-bd3c-40db-935f-04a28b5bf92b,0.999,54.7,2,1,1
44065,87c2f434-9683-4120-b9ba-222f8367c3ab,0.545,7.4,3,1,1
44069,b8d90ee0-33e5-4bbd-87c9-8a6f9c84e171,0.586,1.8,3,1,1
44070,72cee7e8-3caf-4a60-b4a2-fcc3394c438a,0.507,16.8,2,0,1
44075,931a73e8-2638-42a6-b568-22008577548d,0.901,147.5,2,1,1
44078,6235f787-ff9b-4696-acae-d953742334b4,0.255,19.1,4,1,1
44083,424acef2-38c5-4f8d-b8a7-461d69b07205,0.281,73.8,7,1,1
44084,95e657a3-0c8d-473a-8881-f6123e6bfdca,0.316,4.6,9,1,1
44085,0fc5b9f8-fbce-400e-b0f8-2ef29246efc6,0.283,3.8,9,0,1
44086,f3434bcc-963f-49e3-9dd2-1c1588992296,0.171,101.2,8,1,1
44087,be924469-ef0a-4691-b443-d5ca4be27468,0.194,6.3,9,1,1
44088,b7ca2bea-7154-4801-ac94-771f1ce9a489,0.159,3.1,9,0,1
44094,72462373-e582-4b1b-8e53-4dad1a18dec8,0.732,0.4,3,1,1
44098,2f840bdb-89cf-419f-8ead-7a24841923a4,0.632,8.9,2,0,1
44101,c46bceea-4e0f-4637-886c-eb8dd7657a9a,0.538,21.3,3,0,1
44105,1fd732da-2887-4c72-a3ab-24b34325de9b,0.661,1.1,4,1,1
44110,7516886a-9b06-4727-b7c1-5ee7608b47be,0.325,29.3,6,1,1
44113,57127604-d71a-41a7-ba3b-0623fcb90873,0.446,0.8,6,0,1
44116,b438061a-4c6c-4769-890a-994f3e0246c0,0.188,6.5,11,1,1
44117,9c379f9d-e765-42e9-b76c-ee83e3f3c824,0.423,77.0,6,1,1
44118,c43d5fa4-8989-4dbb-8c39-9cba84a6eba7,0.334,4.4,7,0,1
44119,2f968723-ce4f-42ed-bcb4-f45b01e3a7aa,0.234,1.1,8,0,1
44120,e7325191-ff52-4fdc-ba41-3800f6bcf397,0.314,1.2,7,0,1
44121,f631b02c-c84b-4f03-92be-c974a61bbe77,0.301,19.6,5,1,1
44124,7bc8d3b0-3d1a-49cf-b91a-80501d9f732c,0.873,16.2,2,1,1
44125,10e82f44-ec9c-41c0-9f1c-591646172959,0.253,5.0,6,1,1
44126,b65ad510-7fe1-4b12-89f3-66b152d8bce5,0.259,13.1,5,1,1
44129,17f855d6-0e44-4823-8cb9-c8133af8b77c,0.192,7.8,8,0,1
44130,df948574-20bd-4fc9-903f-6ab3648f643f,0.332,1.9,5,0,1
44131,3788433d-64d5-4f9b-9bf9-54e17999142d,0.432,2.8,6,1,1
44132,4964a73c-5d16-45b0-a537-44bfa21d4009,0.076,197.4,6,0,1
44133,f47c49da-aafc-4b4f-938e-f2e39126d38e,0.227,18.7,8,0,1
44137,054ab480-d323-441d-a7c6-a87bbe7b3208,0.608,13.6,3,1,1
44142,52ec8f63-20c9-484a-88a0-f7537583db87,0.217,15.1,7,0,1
44145,2bfcb02a-2901-408b-8cdb-f8eac059ce62,0.509,51.3,5,0,1
44146,a81da121-3b17-4d4d-b05e-9019b204f7d2,0.465,9.6,4,0,1
44147,59b7ed19-9180-4b2f-bf35-2e26c814e1d8,0.217,64.5,4,0,1
44150,c380364f-db29-4f70-a002-24eb4402d891,0.313,4.6,5,1,1
44153,1c8fc7b3-14f3-43af-844b-9ecaf8bbb6ed,0.503,24.9,2,1,1
44156,cfc2672e-1f51-441f-91a3-53dcae6038a6,0.337,13.4,4,1,1
44159,f9692e9b-2267-450d-89cd-4a52eb68d7a4,0.337,9.7,3,1,1
44162,d645b328-7d65-459b-9244-1283b3e43780,0.439,10.2,3,1,1
44165,c775e5c4-0f13-490e-890b-2cd3875706fd,0.273,2.7,5,1,1
44166,fc148929-c0a0-43d8-b910-8cfec6cacb9d,0.256,6.4,6,1,1
44167,afc27753-bad4-48c2-8013-13a8aa056f9a,0.570,2.8,3,1,1
44168,1f5a1f74-c0a3-4fad-86f0-6f4266224eb8,0.168,5.7,8,0,1
44169,e108cc19-3fb3-4499-85df-f6893ff17e57,0.121,2.6,11,1,1
44172,1949617e-9300-433a-91c2-ae0fd7dc4793,0.474,25.0,3,1,1
44175,ddc2c6a2-34ef-4c03-a989-bb1f6b62d914,0.608,25.2,3,0,1
44177,5de19dac-9fc1-4bb0-9652-fdfa80468b94,0.245,7.7,5,0,1
44178,e3e2cd25-38c6-4663-b818-6625a447f68e,0.266,4.0,4,1,1
44181,4533cf77-22ce-4d8f-a1ce-01c6bf87c98e,1.000,110.0,1,1,1
44184,1f19ea52-3952-4d97-a4a4-3abd2295c3d8,1.000,18.3,1,1,1
44185,f14a5926-581d-4d31-9060-f2b014b679fe,0.316,2.9,6,1,1
44186,103abf65-3894-4392-bf34-3f6080fe084c,0.252,8.8,6,1,1
44187,f2ce7103-e3f4-480e-8ddb-27c840617522,0.242,3.9,6,1,1
44188,4c2f5ac3-6461-4936-b41e-2e7a40c06a12,0.450,5.6,3,1,1
44190,489c201d-be79-4448-94bc-be94bdb14b0a,0.551,4.2,4,0,1
44191,8ee982da-71db-41c0-8151-42a710173bf9,0.342,5.8,4,1,1
44192,ce57a3e9-7ddc-4561-8a96-5616e2acf661,0.240,3.0,5,0,1
44193,1ad0f14d-360f-424e-8940-b89e133aa772,0.179,0.5,6,0,1
44196,7c8eebc7-6c5c-4df1-842e-5936ce3c3070,0.336,8.2,3,0,1
44199,0419f7b9-01b5-4fb1-8b18-cdcd887297a7,0.495,23.0,4,1,1
44200,8bd53026-4b2b-403d-9814-7bc004b90591,0.698,2.9,3,1,1
44204,a5b59d63-7f35-4405-896a-a940f23719d9,0.517,83.0,3,1,1
44205,7255d7ae-703c-40d9-b18f-8b578b07bc32,0.611,164.6,3,1,1
44208,46161041-9692-4880-aa12-f375e32fd571,0.382,21.9,3,1,1
44211,c028b5a3-883b-4e39-abdc-2b85022af22f,0.559,2.5,3,0,1
44214,0a4383a0-1ac9-4bf2-899b-3de7783fb1ba,0.198,80.4,7,0,1
44221,79f874ce-ed04-40da-beb8-6dbe8042ef22,1.000,5.9,1,1,1
44224,2c40f543-0ab9-4f33-9e19-40cebf7636bf,0.853,71.2,6,0,1
44225,3836765f-d982-449f-9176-494cb8c318ed,0.420,28.9,6,1,1
44226,22cb2a58-b0c5-47ae-9a19-7d2bbf0dbffc,0.251,1.5,5,0,1
44234,9d4ddc9f-7380-4fb1-90fc-71d1d92e4287,0.471,3.4,3,1,1
44237,07cecd86-6ba7-41c7-abdf-d3161d15d38b,1.000,117.6,1,1,1
44240,d5429161-9341-479a-bc07-79b8ba3d3445,0.408,10.0,4,1,1
44243,3c70fb49-22df-4d7c-b164-94c1c13b7ca4,0.340,58.6,5,0,1
44246,54e78e32-1a18-49d3-add5-1dd96839f23a,0.407,48.2,3,1,1
44247,2793476a-cb33-4853-913e-98626c1b9e9d,0.465,1.6,3,1,1
44249,b02f7811-0d73-45f2-9b57-d41e7929b987,1.000,9.5,1,1,1
44253,c49e91f9-98ad-400f-8b18-4dba23379072,0.550,10.4,2,1,1
44254,4c568bd2-829e-4c86-85b6-94b773c88424,0.526,4.4,2,1,1
44257,d060adaf-bf0c-4096-949f-1e296e0c8211,0.338,32.7,3,1,1
44260,0527fcb4-46ed-41d5-aee2-f8fbb405ddeb,0.992,23.4,2,0,1
44263,74c8ab9d-9bc9-4e94-9dfa-f41bd618df97,0.464,4.4,3,0,1
44266,e9329227-f553-4551-bc2d-9f25a5d64860,0.204,5.7,8,0,1
44269,60065452-f8aa-4457-bb17-5a61a2ec1603,1.000,21.3,1,1,1
44273,30253ebc-57ec-4a0e-a625-e1da0a994470,0.244,4.2,5,0,1
44277,975764af-4e3a-4ac2-af24-110a28331b30,0.987,88.5,2,1,1
44278,a7c35d5c-a7b4-4883-b750-e7ebca50a69a,1.000,338.7,1,1,1
44281,51371c6a-396a-4c68-b53b-c6b1fb238399,0.353,1.2,4,1,1
44282,10bc589a-70a9-4c67-8f19-df23b9a2264c,0.385,11.8,3,1,1
44285,5ebf81ae-b874-461f-94dc-c8a9f6afac93,0.640,21.2,2,1,1
44286,134a018e-81f9-4366-8a57-229d37b6f1c0,0.541,4.5,2,1,1
44289,211bee0e-734d-4dc1-ba03-20c7f8fdc56b,0.280,25.8,5,1,1
44292,e6c8a6d2-d4d0-4863-b6ba-39b5e8e7b5bf,1.000,223.7,1,1,1
44293,60fdee07-3b23-4857-bd24-3753b640d169,0.279,15.7,8,0,1
44294,bdc61244-6e8e-469c-8a7a-826aaf2223b1,0.287,7.4,6,1,1
44295,cfd6ad93-b337-48dc-8e0c-0dcc06e53d7e,0.569,2.4,3,1,1
44296,942db917-3623-40ba-b83c-9809475858eb,0.739,16.7,3,1,1
44299,8b6b466d-096d-4a4e-a2d1-6c066968813a,0.872,6.8,3,1,1
44302,e505d9ec-979a-432e-bd44-96c457347a6b,0.410,5.4,3,1,1
44305,c84b54a3-fb9b-44f4-b775-5de0edb5ce96,0.261,41.4,4,1,1
44308,a6f99a0f-7a43-48b1-9044-da24f124c0ae,0.999,8.8,2,1,1
44309,fe7d1e6f-d9d4-498c-9d19-56a654db1a04,0.549,389.9,2,1,1
44310,71b1b119-fe5d-41dc-92cf-03068b71bd3a,0.367,9.9,5,0,1
44311,36bc3d60-76bf-4a43-aad7-b79cc55ffb04,0.244,6.8,9,1,1
44312,7a1b8d5b-4bc5-4ac8-afff-5fe19f23effc,0.126,177.9,5,1,1
44313,d4201bed-872f-4ddb-8429-0048d66fc6b6,0.542,5.5,5,0,1
44314,5c72dde9-049d-43bf-aeaa-4fedaf64418b,0.224,12.6,5,0,1
44318,bef51978-5aad-4c85-97ec-b94d049acdf4,0.246,64.5,7,1,1
44319,210ff7da-641e-428a-a147-3a9424d14124,0.310,10.9,7,1,1
44320,b01836d1-aed4-476e-91fd-3888ce73ebfd,0.219,9.1,10,1,1
44321,25fc81f3-77cd-4980-85d2-0418cf4cde3f,0.179,10.7,8,1,1
44324,9e8df79d-3feb-4c61-b06b-0c1a0d48a605,1.000,5.8,1,1,1
44326,741354d9-e299-4e33-8a38-78fde4e09dcb,1.000,460.1,1,1,1
44327,6262f0f7-4c8d-4346-8d29-fc918f9ba03a,0.339,7.5,4,1,1
44328,1e4aa326-f6c3-44df-b92b-356d9ded7439,0.313,9.6,5,1,1
44329,9a7d7983-9d4a-4d59-b1a2-54665c1397b6,0.226,2.6,5,0,1
44330,2adb1b66-f3cf-4132-863b-ea9ae8f5a039,0.501,5.3,3,1,1
44333,9438089b-98d2-4334-a8f0-78d5c2f0928b,0.399,6.9,5,1,1
44334,ba162ee3-6ff9-4f92-aa89-cafbefa0ebdf,0.819,10.0,3,1,1
44337,e5d9b7e9-2f0d-45c6-be87-cbc216cc3d18,0.191,35.2,7,1,1
44338,15bcc836-78bb-4495-8634-12a3a07ddc6d,0.202,1.6,7,0,1
44341,b33855b3-f373-47be-9398-257387abc2bb,0.551,12.9,4,0,1
44342,ca0aaf2a-515f-4c2d-958c-b53408677bf5,0.319,3.7,4,0,1
44343,eaa7f317-f051-48d9-9e20-727bca980a3a,0.196,8.1,7,1,1
44346,6e6ef798-2816-4458-b886-4f6e087da734,0.750,4.7,3,0,1
44347,240d1d2d-91be-4dc2-93ee-376532de566f,0.683,2.5,3,1,1
44350,d03f5d80-9192-4eff-be22-7f2faaed8ca3,0.225,13.0,7,0,1
44351,75c9ac71-ea28-467f-83df-825c8ffac2f6,0.208,11.4,7,1,1
44352,c1f80c0c-0fd6-4d81-bff8-f04dfa105959,0.997,3.5,2,1,1
44355,e4e5e534-ce18-4357-abee-c2c65ca9af2b,0.623,50.9,5,0,1
44356,4dbe1e02-a1ad-48b1-a341-5a5a3c5f7ef1,0.167,114.4,4,1,1
44357,dd353d72-3f53-4b9d-ab4a-a8e5994871cf,0.325,12.8,5,0,1
44358,8bfdc27f-0680-44e1-b3cb-8344492701cb,0.253,1.6,5,1,1
44360,8f63617c-9121-4dd4-83bd-50a46c22c84a,0.490,5.7,3,0,1
44363,a97f53ee-bbe9-42d4-a376-4684d3671dd4,1.000,99.2,1,1,1
44366,4b925d02-fd6c-43e0-a00b-2768928b218e,0.459,6.8,4,0,1
44367,224e579d-ef64-44f9-a577-dfe4531c5427,1.000,18.3,1,1,1
44370,639eadc6-a78c-4560-bcbf-7d692f9839cd,1.000,14.4,1,1,1
44371,b24c4633-4ce6-4965-b42f-7c608e899daf,0.528,5.7,2,1,1
44374,f39a362f-baa7-4d51-a8e0-cadc146c3d76,0.208,22.2,7,1,1
44375,89f0af9d-ffb5-4591-8f8f-0d7d84ddd0c8,0.221,3.1,6,1,1
44376,bb3f3f5d-a76e-4357-9f81-96d18ff092a4,0.327,43.5,4,1,1
44377,932c43c3-32d9-45db-a165-c429a9ae2c6e,0.276,0.7,4,0,1
44380,755198f6-3b95-4c57-a604-c91a5aaa5e5e,0.350,8.0,3,1,1
44383,4154c06d-13a6-422c-bb63-ff4455828887,0.999,11.8,3,0,1
44384,3ae48810-7903-481c-ad4f-f97210683151,0.303,2.2,8,1,1
44387,16743f3f-4f9d-4352-8104-57f9e181f7d8,0.098,173.8,6,1,1
44388,f67f61e5-7297-489a-abbe-57ce47e1b25a,0.405,2.5,6,1,1
44390,f907e255-6b8a-4aae-88e0-ebf4e2c4e7d7,0.213,5.5,6,1,1
44393,836f16a2-77f9-418d-b89d-c43d763d9be1,0.468,128.3,2,1,1
44394,2e2bd582-f9f2-4d19-beed-11886576990f,0.360,6.8,3,1,1
44397,6a34d210-e23c-415b-ac76-e784efc45249,0.746,19.6,2,1,1
44400,bcc7b519-61aa-4d2e-940d-2a232becd3a4,1.000,0.1,1,1,1
44403,f8736a1f-1401-4806-bda2-7fb1071e5365,0.217,49.0,8,1,1
44404,35bb2f91-c07b-46c1-9266-5472d5720f70,0.392,19.0,3,1,1
44407,5cea0489-4c15-4d1d-85d7-7826d85e6c1e,0.475,18.6,5,1,1
44410,73a5eabc-b8b1-4978-a597-dbf596a1ec37,0.377,7.6,4,1,1
44411,28f2beeb-566d-4156-99bb-c0675394a6fe,0.550,15.5,5,1,1
44414,92ccbef0-d1cf-49b4-acc1-0f99a8b8db86,0.182,107.2,6,1,1
44415,bd0a9edc-cbfb-461f-93f0-bb7a7ecaf54c,0.210,6.4,6,1,1
44416,58cd2ee7-84cc-4067-a73b-6e9cc158a0ed,0.755,8.0,2,0,1
44419,086b52d2-37a3-4b8d-9d61-d2eecc246158,0.275,12.4,5,0,1
44420,f0967e1b-de3c-4d94-80b5-0ce8ed61b346,0.444,12.9,3,1,1
44421,666b0c53-f8b1-4daf-9581-c36a1025ac8d,0.625,9.6,2,1,1
44424,e0e3594e-3a96-4fe2-92ef-c9dc7e2866a8,0.507,9.1,2,0,1
44430,0f2f9f50-872c-4759-b23d-52c3379b4f39,0.336,5.4,4,1,1
44431,acc0add2-7f1f-4bf1-9754-13f26333540f,0.763,2.9,3,1,1
44439,a6710c39-9049-40b3-a489-9a5b5cdb8369,0.402,47.4,3,1,1
44440,0cc03710-ee27-4195-b53e-562eaefee1ea,0.383,1.8,3,1,1
44443,b523064e-fd79-47dc-9a49-c61527227d2c,0.391,5.4,4,1,1
44446,95b3c863-730b-40f9-9c34-402d305aaf25,0.369,4.6,3,1,1
44449,3a3f2a0e-963d-4816-b9e0-45756f7b92d8,0.262,5.0,4,0,1
44452,2a42c92f-bdfc-4fa8-bc5b-8a76c3e13a1d,0.711,12.9,3,1,1
44453,e2062123-1a9d-46eb-8f33-0c88b063d7f1,0.341,2.3,3,0,1
44456,df30dfc1-f252-4123-8203-61fd9b0d1bfb,0.255,3.4,5,1,1
44459,aec90090-2133-4071-b360-6edf0ea31c7a,0.016,449.6,4,1,1
44462,c25489cd-fafc-48d9-be92-9552408f2e80,0.589,14.0,4,0,1
44463,5deeb244-f3a9-455c-acf2-774f7cfb2309,0.529,0.6,4,1,1
44466,2e7778e0-f851-4c6e-9c5f-5c74fdedcbb8,0.347,8.5,3,1,1
44470,5a968dc0-ddaf-40b3-a16e-4f10c8dc7ae6,0.503,3.0,2,1,1
44473,70cac985-78b8-409e-be37-db3f8e95cca4,0.348,5.8,3,1,1
44476,89622d1c-e700-42f7-a416-8efb9c4b3841,0.384,13.3,6,0,1
44477,3786bd9d-7cf2-4eba-ad25-4b7cb374f6b8,0.615,0.1,4,1,1
44478,e2120c5a-e4c1-4877-845d-e8e5b831de3f,0.399,18.5,4,1,1
44479,9e2459d5-5610-4a78-9c3e-26b1a4d4327e,0.407,32.5,4,0,1
44482,86317374-26fc-49c0-8caa-47d53bf7720f,0.365,4.2,9,1,1
44483,340dbe42-ad0b-48a4-a2b4-4d4eb50a3451,0.282,0.9,9,0,1
44484,88ec1ff7-a207-4204-88b2-b46f8a595cf8,0.224,2.2,9,1,1
44485,c3ace819-5487-4da7-aa78-2a98e45603e1,0.440,80.9,4,1,1
44486,112ef707-c22d-481b-9851-1129134c0b2d,0.258,1.3,5,1,1
44489,bd6fc00c-2859-4404-aefb-faf521914f74,0.013,470.1,3,1,1
44490,749b9379-d0ac-4161-841e-49fde1d133f3,0.467,6.8,6,1,1
44491,4ecca5f1-3286-457e-8789-6aadefa38951,0.163,213.6,4,1,1
44492,92ae1489-cbf4-4766-b564-1134bb9ab9a5,0.779,19.9,4,1,1
44495,89809983-223b-4c31-b559-606fa03858b6,0.416,12.5,5,0,1
44498,625f6779-ad07-4f43-a312-9221003dfa76,0.543,1.6,3,0,1
44499,eaf69319-caf8-4e44-bcb0-8d1252a0abda,0.980,315.6,2,1,1
44503,87a0011e-bc86-43b7-87de-5ad6407499ce,0.999,3.0,2,1,1
44506,02af5d6a-48a3-4897-bf01-d6f9a38e9a4d,0.253,5.9,7,1,1
44507,b8362b53-2c80-421a-9589-1d77b3740fab,0.186,7.3,8,1,1
44508,ff0831e1-0514-4274-aa0f-b9e850520371,0.164,1.6,7,0,1
44511,2d6bf189-f279-464e-af26-084b1d9ecd9a,0.264,48.4,8,1,1
44512,ab563d56-8723-4dde-80c2-c561501cb618,0.204,5.1,9,1,1
44513,7d67363c-b268-4466-8eb4-0ae340ccbb8c,0.235,1.9,8,1,1
44516,bc9077b0-675a-4d5a-b1a3-b2722587adbc,0.265,1.2,6,0,1
44519,0ff6d7da-388f-43a6-8bba-b1b1509da75e,0.251,9.8,5,0,1
44520,5fdfc5c9-38b1-416d-a472-4313635d17db,0.265,1.1,4,1,1
44523,080b8709-b26e-420f-981b-272d7501ea40,0.325,349.8,2,1,1
44524,27c8d589-ced7-4710-a2f7-b15ddb1a4f8f,0.816,27.8,3,1,1
44525,e799847b-c136-401a-a32d-ae7f68795de8,0.675,52.0,2,1,1
44526,8d988b1b-cbdd-4f7f-b5c8-ab6d64b877fc,0.217,3.1,5,1,1
44529,2e731f9e-dbb1-4acb-b9ca-82daf9622e66,0.528,17.7,2,1,1
44532,ad4b7976-2be7-441b-9885-f22e4f229aab,0.637,2.4,3,0,1
44533,348b68ea-7c35-43fb-8c34-fb9eab5a8e3b,0.999,4.9,2,1,1
44534,2372c8f7-5fc4-4fe3-a150-314b2f808837,0.460,61.8,5,0,1
44537,14ae80e4-ccdd-4ed9-acc3-1c3acd817d31,0.342,9.1,8,0,1
44538,2443e89e-42c6-4962-bc24-8b2cfc031455,0.196,7.9,10,1,1
44539,087716f1-4425-4e72-8216-52f75e88fcab,0.305,13.2,6,1,1
44542,03e42df8-1283-41c6-a67b-3bb1759abad7,0.327,14.3,6,0,1
44543,a9c6152d-0155-4c50-a310-6f5f080e9aa5,0.275,5.3,6,0,1
44546,b47f364a-c55c-43bd-86d7-1541e540b9b4,0.240,4.3,6,1,1
44549,2b5df8dc-88d7-47ff-a916-aa98e987564b,0.117,162.1,5,1,1
44550,61ed2658-a188-4b25-9b4d-1ca8fbd12eb2,0.305,0.1,6,1,1
44554,313d250a-b800-408b-af9e-e86f5abda80f,0.538,26.8,4,1,1
44557,1d0d7ac3-b92f-488b-a06c-b602145f47a5,0.923,14.4,2,1,1
44560,8643397e-9f69-4781-9bf5-9144fbcd4784,0.562,22.5,2,1,1
44561,41e3098e-0c58-4813-a896-3e8d6f0fdb01,0.010,404.8,5,1,1
44562,dd7337ef-ffe2-438c-9282-4cd8c52c26da,0.387,33.3,5,0,1
44563,b3bb0a26-bccd-4b6f-a7a5-a94a84e4668b,0.409,2.4,5,0,1
44564,0fa75373-ba61-4044-a9f2-9337a5aa593a,0.347,6.2,5,1,1
44565,896d52d6-0bc6-4f30-9441-10641ecf0cee,0.409,121.7,3,1,1
44567,799f93a8-d775-4b80-ae5e-ccd73f4fb20f,0.230,36.2,6,1,1
44570,81dc3986-0da6-4088-a090-162a01504bb2,0.413,91.5,6,0,1
44571,68c6b4eb-a5cf-435d-9087-30685fb953b2,0.450,62.4,4,0,1
44572,a58860af-1d4b-4598-9da3-68055b620cc0,0.528,1.0,3,1,1
44575,bcaed9ce-1e56-4c4c-9f2c-ef40303f2915,0.074,299.1,5,0,1
44576,9a41e96c-6a26-41e9-9412-52296954da58,0.638,8.4,7,1,1
44577,7a84b1f6-b6c7-4ea8-abe8-d4f403096def,0.228,55.7,7,1,1
44578,0ffd5bca-32cd-46a6-88a5-057771edf6f7,0.156,0.2,9,1,1
44579,532721aa-c262-49e8-8e87-3cdebe48e8c9,0.277,1.1,4,1,1
44582,6b8ed620-98ce-4e58-b5eb-283866979a00,0.338,4.7,5,1,1
44583,1c40fcea-e590-4a3d-8f3c-1ec4ef6fb568,0.722,5.9,3,1,1
44586,113099ad-f0cb-4c33-a11e-ef8946105495,0.280,225.9,2,1,1
44587,ccf17e8e-7395-4da2-9371-91a8594ae926,0.427,23.7,4,1,1
44601,387d3947-5427-440c-95d6-914cd1608425,0.620,18.4,5,0,1
44604,800367bc-cb74-4e7a-92f4-8b6dec1ce113,0.310,11.8,4,0,1
44605,3ffb2b58-fa80-4b6c-a28c-77669f3b097c,0.207,14.6,6,0,1
44607,458a9492-626b-44f1-a275-b1eb0662920c,0.658,18.8,4,1,1
44610,30f07b48-85d6-4265-ac50-55352031a0d9,0.447,5.9,4,0,1
44613,8bc61b8f-6f0c-4152-9cfd-7ac08b144512,0.288,12.3,6,0,1
44614,a1ea053f-96e0-400f-87eb-6d0c47b6a6d7,0.211,1.9,5,0,1
44618,0ee2c063-af32-4413-93c3-3fc845ed73d4,0.256,2.3,7,0,1
44619,66598b49-6b69-4adb-8e7d-6177e956610a,0.329,3.7,5,0,1
44620,b9b38d27-0833-4028-8b72-ff139afeb365,0.636,156.5,2,0,1
44622,bd6ef747-089a-44e1-b422-7c86228018c1,1.000,12.7,1,1,1
44625,6abe2dd2-a29f-4a2d-beed-fe9581b64091,0.928,10.7,2,1,1
44631,f5a6ff86-1ca2-43aa-afb2-d587fb2533ae,0.243,0.3,5,1,1
44632,aacf9162-352d-4449-a15e-a21ba4c8a039,0.183,6.1,6,1,1
44635,3e44c574-507e-4c98-92f5-8ebdb12b3681,0.274,2.7,6,1,1
44636,1068c3ee-1c16-424b-9137-a1c9def43ec8,0.354,2.7,3,0,1
44637,77fbb5fb-3fb3-4b09-80cb-c7adcc50e872,0.509,4.9,3,0,1
44638,6b6c8594-e6e9-45d7-985c-c5be1dbe649b,0.988,28.4,2,1,1
44641,6da43d9c-ee52-4a52-820b-fac6fa1e6cc4,0.358,19.9,4,1,1
44644,d6b54d5c-447f-4e8e-b79f-47a7bab5e1b6,0.338,6.9,4,1,1
44645,8ac4b717-00c1-42bd-8c27-fd8220ce17fb,0.285,16.6,5,0,1
44646,521b5088-c9b4-4978-bf1d-8cd06920905f,0.500,7.8,3,1,1
44649,5ef77a1e-2f9a-403b-a973-87ad9823429b,1.000,33.7,1,1,1
44651,f5f79696-7412-452e-896c-6de959dd3763,0.222,73.8,6,1,1
44652,6b1f7c3e-eec2-41a9-980a-a14ac1584050,0.417,16.9,6,0,1
44653,5153b9f9-5b6e-435b-a2d7-d3fc5e5cea26,0.290,4.0,9,0,1
44654,35171b40-25a9-408e-8c61-bec7c8414577,0.370,4.6,7,1,1
44655,0faa49a6-f7d5-4de8-94c9-7cbf1e4ef18a,0.633,1.1,5,1,1
44656,50985934-3a11-4ed8-9036-33d4586d7256,0.336,12.5,5,1,1
44657,f0458629-6275-4532-9c1a-79ab9b4ddaa9,0.194,83.8,6,0,1
44658,56b44acd-a014-4634-af51-cdf3ed07ea11,0.205,2.0,7,1,1
44660,c14c1b45-6bf7-40fb-b98a-5cc4792b5ccc,0.672,43.9,4,1,1
44661,8455a2d8-6d50-4108-926c-339ea4f42481,0.493,15.4,5,0,1
44663,9aa9dd7c-7f87-48f4-b261-32222c37bd00,0.269,288.3,5,1,1
44664,d3e5e8c6-090a-46a1-a478-8d4529c8bd46,0.274,22.9,10,0,1
44665,2cf295a9-0a89-4234-bd98-f6381b3a308a,0.299,76.1,5,0,1
44666,bd3ebe70-55b4-4726-8460-6d5edd3346e6,0.334,8.0,4,1,1
44667,733dbf4c-4a53-4cf7-9635-ba822416a83b,0.339,0.7,3,1,1
44668,341e9d7f-71d5-4062-9901-3e8ff837aeb0,0.395,3.7,4,1,1
44669,de4b18b7-9da5-4086-b3a4-1713ba5c7eb4,0.273,27.5,4,0,1
44670,25f6f4df-0c5f-414b-abda-3330ad08c922,0.350,20.0,6,1,1
44671,9f6f1af1-6fd7-49a1-b6b6-00791c0d7c82,0.991,13.8,3,0,1
44672,76fe162a-e2db-4166-977c-80be670652ae,0.200,66.6,7,1,1
44673,29322816-fb6a-4039-9962-319b3c621ed9,0.137,3.1,10,0,1
44674,42da9419-36a1-480c-929c-2ce2e564e51f,0.188,2.2,8,0,1
44675,b941d54a-2478-425b-9140-a9263debc340,0.245,5.3,8,0,1
44677,532d53f2-a6eb-4120-8b47-a09ce31fbc10,0.407,1.8,5,0,1
44678,bc7e85fc-6e40-4700-9c66-ec1d161fb06f,0.150,5.3,7,1,1
44679,71374ef3-d64c-458d-90dc-c10d2bb67457,0.514,17.1,5,0,1
44680,72c7dfc4-2055-4462-8719-eb92c4b024dc,0.266,1.9,4,1,1
44681,bd5f9408-4099-46cf-8c7a-15d012e8410c,0.298,2.1,5,0,1
44682,f9957ea4-4ef8-4758-8f07-da40f39a09ea,0.260,30.2,4,1,1
44683,12453b2f-e608-4b6b-875c-5698cfeea6f6,0.867,8.1,3,1,1
44684,63b7e699-59a4-41d9-b49d-b4d711bab451,0.203,2.4,9,0,1
44685,01d3405a-d200-4e3a-b42d-9a2a39c240d9,0.346,4.5,5,1,1
44686,5a601eeb-7c13-4f99-97f7-f555e708721a,0.423,0.4,6,1,1
44687,75f99cb1-ef5c-4afd-9a4a-3fac936be29f,0.297,3.3,4,1,1
44688,95a71dd6-2fc0-44ea-ae4b-315b66d3b98b,0.730,4.4,3,1,1
44689,195a3f1d-36d9-46d0-b959-57e98612e4dd,0.256,3.5,6,0,1
44691,bdd21f66-6f26-41ef-b086-4f092367eecc,0.524,1.7,3,1,1
44692,aa8b6393-1c52-4267-9572-f7e65723b49a,0.527,119.9,3,1,1
44693,e827743b-6361-4b37-90b7-ded47b50dcf0,0.527,0.5,3,1,1
44694,74e146a3-8890-45ed-b2d8-77933b8ce35c,0.202,8.5,7,0,1
44700,bea0f14a-f86f-4b56-96f6-d7c4c7d598f5,0.462,9.0,3,1,1
44701,6de5d1ed-d0da-41f3-ac71-3a113df3cb15,0.878,1.0,2,1,1
44702,407451bd-db2d-4ef0-9435-0e14879810d7,0.430,2.0,3,1,1
44705,f8d12a6a-0eb5-44b4-9d41-0c2c434f7f86,0.484,29.5,4,1,1
44706,3dd7797e-df00-4e23-9a69-8a219a105bc1,0.800,97.4,2,1,1
44707,d3606b4c-c2ba-4712-97cd-2d86b41e8928,0.628,71.3,2,1,1
44708,525cfdb7-333e-4aff-ab52-72591b3a7029,0.526,2.9,2,1,1
44711,868e8813-5647-40fa-93a9-3d07f2da635d,0.080,250.2,8,1,1
44712,cc950e95-6ede-4713-be04-e8a00755aaf5,0.333,1.6,9,0,1
44713,bf5542f7-6701-4bc6-88bd-1e4293196b62,0.229,4.9,10,0,1
44714,d389ba1b-b1cd-418d-9289-679dcc26ff1b,0.180,55.1,8,1,1
44715,b89958dd-886e-444c-a697-99faa138c864,0.310,7.3,5,1,1
44718,e8cb35b6-cd39-45ef-99d3-6ff3f49f681b,0.480,3.9,5,1,1
44719,091b9e2b-a6ca-42f8-a9b0-a49b23708948,0.483,2.3,3,1,1
44722,185e6f5d-a4ae-4546-94dc-453fb64ac317,0.522,20.1,2,1,1
44725,6e07ceb9-9c97-444c-b91e-390738773992,0.372,5.1,3,1,1
44734,04cd4509-5a9e-49d0-97f4-8f4517ade5f9,0.512,9.7,2,1,1
44737,8947765a-7d17-4ae0-80e9-35b98aa10e51,0.492,23.7,4,0,1
44738,74f78243-2d30-42f6-bc50-1fd2df2095b7,0.321,3.4,4,1,1
44741,93b6fb48-7929-41cb-bef3-f1af63fc3736,0.260,13.2,8,1,1
44745,baa17fb8-bfc0-4c94-ad9e-8495ee2ab18b,0.423,68.9,2,1,1
44746,ac3b58de-0712-4782-a432-cae043ab8a32,0.360,4.0,3,1,1
44749,9f5cb18c-71c2-43e2-8e76-f8924b82d586,0.333,4.7,5,1,1
44750,d223bc64-bc70-44ae-a3d7-13b0984849b6,0.512,23.7,5,0,1
44751,62ee7243-089a-4b7b-be3a-e7c662082c24,0.308,40.9,5,1,1
44753,1c2e1e78-da6b-492d-ab37-2317baee18d3,0.185,0.3,7,0,1
44754,6d9dbae8-e74f-45fc-8420-7d2deafdf84b,0.344,1.8,4,1,1
44755,ad246b54-bb38-49de-b40a-c42e40e4baed,0.504,16.9,2,0,1
44756,b0398c89-1747-4666-88e5-966512ca276a,0.501,7.1,2,1,1
44757,181973f1-00e1-43c8-97f7-230e2752f8f9,0.546,0.8,5,1,1
44758,7a946f25-853a-4f42-8cf2-54d02fbd8357,0.170,5.4,11,0,1
44759,92a52152-f88c-41af-b5e8-755f29807c1d,0.360,7.2,7,0,1
44760,8a16fe58-365f-491f-a75e-e23aa13cce14,0.106,107.4,7,1,1
44761,c73ac59c-57d0-422a-b990-289ab0003915,0.238,2.9,7,0,1
44763,676731b2-34b5-459f-b495-62699c6a7ddd,0.243,4.5,5,1,1
44765,d7d00669-6f09-480a-a46d-059704906e39,0.267,10.8,5,0,1
44766,3d7f09c4-49d5-4213-adfa-fc6751553e89,0.998,7.8,2,1,1
44767,2ebcb471-13ff-46fa-b079-fe02e6cb9cbb,0.004,597.7,3,1,1
44768,aee9cdc4-37c0-40b1-b0b1-ae35c908b0ba,0.368,3.0,7,1,1
44769,c7a89af4-9649-4ea4-a885-4d8d073b40f6,0.278,3.7,8,1,1
44770,b76aa520-63a8-486c-bc65-066235bf9360,0.308,0.2,6,1,1
44771,c61e7a4c-bb93-4fdc-b144-913e20498a21,0.352,116.2,6,1,1
44772,c36e0a3e-57a3-4ee1-99e3-2e6f99ce0c78,0.230,9.9,8,1,1
44773,becdae4d-1942-4836-8789-772f2350450e,0.375,12.3,6,1,1
44774,85c452ad-f01c-477c-8595-ff96f466c662,0.254,9.5,8,0,1
44775,2941824f-4f1a-47fa-bcc3-cf75491227bd,1.000,124.0,1,1,1
44776,83c9de9e-251c-40b4-94cd-872e19be4266,0.360,1.6,3,0,1
44778,cd1b5369-e9c8-4289-973f-fd468df43cd7,0.378,6.3,6,1,1
44779,9ae3ee4d-c37d-4ba3-8f7c-cd5797d16b04,0.551,3.6,2,1,1
44780,f3d743ad-012a-4563-9b4d-1b581713fd70,0.517,4.9,3,1,1
44781,d8b3cd03-9a89-412d-829a-5fb83837e6cb,0.969,7.4,3,1,1
44782,1451d2fc-0b3e-4d5a-b63d-e0cf8e6db4e3,0.203,1.3,7,1,1
44783,9671bc6b-7611-41be-97b3-460762bbdb97,0.290,9.7,7,0,1
44785,70fc5f35-96c0-4677-81d1-71e4b5cc2ba3,0.738,16.5,5,0,1
44787,49ad012f-9eb3-486c-9225-3efa596b2778,0.450,31.8,5,0,1
44790,e3e33945-bddb-40c7-b5a5-a070afd2ca4c,0.733,8.5,3,1,1
44791,f6ebf247-77d5-47f9-b15c-d6e53c84557a,1.000,101.5,1,1,1
44792,808e37e7-9b46-47dc-a9bb-638fafd6f58e,0.236,33.2,6,1,1
44793,4ffecb86-56c6-491b-95f6-17e122d77d27,0.398,7.9,3,1,1
44794,aa5e7680-fe9e-4058-8c46-6c07ab27f5dc,0.425,4.3,4,0,1
44795,8d76fbf5-01ba-47d7-8124-7d3ecd9e0327,0.546,0.9,3,1,1
44796,c165c2e8-4ed8-45ef-851e-e767be177d48,0.248,4.4,7,1,1
44797,33129303-c711-412a-9f59-293ae3082179,0.255,7.3,6,1,1
44798,5a944c4b-b770-4527-8b73-06190d94c1b8,0.239,7.7,5,1,1
44799,0a81dd74-0314-454d-b952-76db89ce295d,0.225,13.3,5,0,1
44803,2a3531bb-b668-429b-8313-51628b3fc0b6,0.246,52.5,4,0,1
44804,e317fc21-f03b-417c-95a2-93e6967f44ce,0.501,17.3,2,1,1
44805,1e5bf26f-762b-4377-8d6f-a7baa3c64e15,0.502,6.1,2,0,1
44806,453353da-43a4-427a-bde8-fd02bcf06cde,0.460,108.4,2,1,1
44807,fc1fa289-34bf-4fa2-8890-4058f4dc83cc,0.290,5.1,4,0,1
44808,cd27dbf0-4f5e-45cd-8190-01c0d08a77a5,0.479,6.4,3,1,1
44810,8508576f-b3f6-48fc-b0eb-ed5d56e999c7,0.232,4.8,6,1,1
44811,b8cf0898-7a66-4a04-8f0b-46c61d1a006c,0.163,5.6,8,1,1
44812,fa0ecd2d-2f31-4b18-9f76-b66a51e10126,0.314,8.8,4,0,1
44813,dd4f15eb-d7c0-415b-a8d1-09032f2a5292,0.793,2.0,3,1,1
44816,3ad2d717-c78d-4f0a-b1de-cf7d961df83e,0.795,4.9,3,0,1
44820,641abf99-ffd7-41f1-a963-46dc31425a73,0.533,6.4,3,1,1
44821,63691547-6757-4aaa-b30a-0a9919968351,1.000,206.1,1,1,1
44832,cc4ac58e-3495-4531-bc6c-5cf7cf933ffd,0.524,13.8,2,1,1
44835,2251b9bd-4374-49a7-97e0-35fc4f642fb6,0.508,10.2,3,1,1
44838,3aefa637-c04e-4d1c-89bb-3870eab6c490,0.493,88.0,3,1,1
44841,07cdbc1e-925d-41d0-8256-98b9a9c0891f,0.228,4.9,7,1,1
44844,683fd735-1132-40e6-be03-3a16bfd61501,0.326,2.7,5,1,1
44847,f685bdef-71f8-48df-bd89-a0d896214082,0.257,1.4,4,0,1
44850,1953387f-cd65-4857-92cd-8d58af47ea95,1.000,6.9,1,1,1
44853,5768e820-b89d-4aeb-a12e-1dc79dfbe4b4,0.998,61.5,2,0,1
44854,03ee2a97-8200-4359-999f-6da9d978ce6b,0.217,5.2,6,0,1
44857,73510b36-d4c0-4d7a-b4f0-c25426be8624,0.501,11.7,2,1,1
44860,2df80869-339b-46f2-8891-b92a6abbd8a3,0.447,0.8,3,1,1
44863,c9d363e2-8ce8-4813-b691-0e76d74e3ea4,0.595,90.0,3,1,1
44864,ebb4679b-4a83-44e1-9c1d-8ea2128e0853,0.314,30.8,5,0,1
44865,54de2fb3-0c3e-42a6-8f97-ec33d91b14ba,0.223,4.0,8,1,1
44866,15eb2999-f571-4cd0-afa3-39bd64acb6e9,0.212,1.1,6,1,1
44868,2660ace5-c112-4924-85ce-ab132658056c,0.514,9.7,3,1,1
44869,d732d98e-c0d9-4fd8-a291-80dcc4f003ec,0.767,17.4,2,0,1
44872,15a1c52f-8fa3-4b76-b4d1-e96e459a3294,0.568,58.4,2,1,1
44875,6d6a66e8-f10c-48d2-9244-533d03c1f295,0.601,16.6,2,0,1
44876,160b76be-db9c-4bb2-aebe-5697ca5bd8af,0.536,5.6,2,1,1
44877,fd29e1ff-55f6-4120-b7df-54be448b4873,0.926,8.6,2,0,1
44880,c87be651-a832-4899-bb50-94e2377129b6,0.426,1.8,7,0,1
44883,22606542-fc43-4142-84dd-009dc573f343,0.180,0.6,9,1,1
44886,fbf112c8-7b69-42ec-8526-1a2026c4d923,0.223,9.7,7,1,1
44887,15d9f6c2-24e3-44cd-8513-c09fe732e6e3,0.184,10.5,7,1,1
44890,018261c9-7d19-4e28-87eb-e013d080efd0,0.214,0.1,6,0,1
44896,11a5ec54-ba82-4f26-934f-6717a8ac866a,0.810,27.0,2,1,1
44897,463c718d-2d01-4369-acce-a963a678db6d,0.266,36.4,4,1,1
44900,255a6a8b-cc2a-4ff0-b95b-daa6288bd917,0.249,11.2,6,1,1
44903,c3e5f0cd-13c0-4ee9-ba3c-291f0dbfb9f3,0.229,12.4,8,0,1
44904,4ef78eb0-e184-4d96-a39a-d3de4b7905aa,0.129,6.5,10,1,1
44907,be3906e9-6528-4c96-bccd-0eec52e00f78,0.392,17.7,5,0,1
44908,7e10c920-eb1c-47b6-9842-fe53dc8a62ca,0.378,64.5,3,1,1
44909,6b46f215-2165-4c44-8665-ddd597ce181b,0.277,14.4,4,1,1
44912,f351a381-02be-434d-92f1-52adb768a6e6,0.272,142.1,5,0,1
44915,1b4cfd51-218c-48a0-8d8c-6be59ee26925,0.379,10.9,3,1,1
44918,9b712da6-2d79-4be9-9a2e-4d9ee28165a2,0.498,10.9,3,0,1
44921,942ed0bf-b446-41be-8211-f335bb986e3c,0.504,46.8,4,1,1
44924,9f3a5d0f-c0e4-442c-97c4-1be55a42dfa5,0.352,4.7,8,1,1
44927,98a4503f-5beb-4039-853b-dc84e1277835,0.346,19.0,4,1,1
44930,a0fef603-31fb-40fd-88f2-4546155474af,0.299,0.2,8,1,1
44931,6f370288-53d1-49df-bae2-a5e6a8e0e34a,0.284,2.4,7,1,1
44934,3529235f-1b3c-47b5-9972-413d8ae60042,0.722,9.8,2,1,1
44937,bca44c87-6257-4f13-b25e-5dd88e24d081,0.323,7.3,4,1,1
44940,da899d31-c7e0-4e7f-bb19-7b9bbc6c1ef2,0.457,3.4,5,0,1
44941,6edc6f00-f054-4be3-a445-f3ec771eeec4,0.514,5.2,4,1,1
44944,01978c44-4176-48e7-bf97-f2657e7ee601,0.999,9.4,2,1,1
44950,27f2c4e8-7f0e-4086-b617-f90e64f3120a,1.000,28.7,2,0,1
44953,1bfbc371-78f5-4d77-9429-4be65ca48c1d,0.977,13.3,2,1,1
44954,be81592f-9c5d-4fa7-bf2e-18923c21c020,0.205,7.8,5,1,1
44957,b12ee2de-e229-43fd-bac4-60db35b1068e,0.400,3.3,5,1,1
44958,670d40b9-407b-4cef-af04-f8a3d8f5e1c0,0.318,76.3,4,1,1
44961,96d73e2b-6bc3-4e22-a3e2-e9daab1f30f8,0.505,5.1,2,1,1
44964,4d1bc9cb-dde4-4d98-a199-b61620c2b605,0.141,6.9,9,0,1
44965,34627d95-29d3-4eb2-93d2-a075a256b9c1,0.517,24.3,2,0,1
44968,435c7dd2-4808-4cee-8875-adc412f51a48,0.418,17.8,5,1,1
44969,1bb3fa7e-30b7-4dad-845d-374597be8728,0.443,4.1,5,1,1
44970,5c231361-0a2e-4b82-bd62-4f1f7807a423,0.352,2.7,4,1,1
44971,e1441c03-9f2c-4d7e-9d39-d4f21104ef4b,1.000,33.7,1,1,1
44973,bb376b6e-8651-4e30-847b-2334465dc6f3,0.501,4.5,2,0,1
44981,5532cfcd-ad2f-4549-9592-e73ac4ff0d25,0.335,9.7,3,1,1
44984,5c7a5be3-2a47-4393-bbd5-111a5c6c1e99,1.000,14.9,1,1,1
44987,7f046194-f417-4571-bb47-30f4ab6535f0,0.535,4.7,2,0,1
44990,2343c0b2-7b1b-4c31-ba55-4f8cff59f07f,0.492,97.2,2,1,1
44993,544bf984-b0bf-4dbb-a2c7-7c12b0e130d3,0.598,0.2,2,1,1
44996,3df67c27-e5a0-46f1-9fc1-fcb7a0626808,0.999,3.4,2,1,1
44999,f8c0d017-e2d1-4deb-8254-7285f520ce63,0.578,20.0,4,1,1
45002,e849cbc5-f0ae-4186-9a41-bf7461c8c13a,0.511,22.2,3,0,1
45005,daf61503-ac84-4a99-b9c5-12480a04066c,0.523,50.1,2,0,1
45008,431f3599-6b7d-47b7-9a8b-f67b4f874d1d,0.868,21.3,2,1,1
45012,a800ace6-be3a-486a-8b5e-f2db7f051e1f,0.999,18.1,2,1,1
45015,a7b00357-4ee3-487e-addf-40eb5833a4a8,0.658,102.5,5,1,1
45016,856d8509-d715-488b-bb87-64185a6bad67,0.399,20.7,6,1,1
45017,d5887398-c245-451a-bb43-5b0772df6b83,0.413,102.9,4,1,1
45020,ba38335d-8f43-43cd-afdd-d9bea3c78a05,0.366,7.1,5,0,1
45021,d15973db-ffd4-4b74-a281-61421145bb9d,0.509,110.2,2,1,1
45026,c9f0392e-5234-4601-8959-4ac3b4f05630,0.370,18.0,4,1,1
45027,c596ac84-3f1a-4a78-a31d-282e7e56d21e,0.297,4.3,4,1,1
45030,2f869729-1ba9-47d7-bcb5-ebe439b850ca,0.922,11.7,2,1,1
45033,b462892b-9707-4d1d-a79d-d8134e0fcfea,0.334,32.6,3,1,1
45036,13553997-0aaf-4b1a-9f93-8441c11d8950,1.000,9.3,1,1,1
45040,e494b889-2c17-45e8-93cf-7da82c2e2526,0.275,2.0,5,1,1
45041,fcff0cf6-f26a-40bb-a9ec-d0118f40f671,0.995,23.7,2,1,1
45047,9ca54f56-2bef-4799-977b-232112fa6959,0.501,6.0,2,0,1
45048,757c6a18-1b26-4671-be2c-dfe0fc9abf3b,1.000,235.1,1,1,1
45051,fe666351-79db-43a1-90d5-a69ee6a6fb07,0.335,4.0,4,0,1
45054,10084f05-b503-4a9a-bcb0-9ceb91c2a8e9,0.232,2.1,6,1,1
45057,67d89541-3fa7-44cf-8da5-3e01bb988d07,0.665,47.1,7,1,1
45060,8f308d0a-bd9f-4069-b6bb-05083d545371,0.211,24.0,6,1,1
45063,7be6dcdd-775e-4cc0-979d-87c59f942116,0.444,23.3,4,1,1
45066,3577aab3-9d48-4df8-b1d4-b12776102bd7,0.252,12.9,7,1,1
45070,ab1a33c9-d296-4522-91a7-0ac2c096dfab,0.878,16.9,3,0,1
45071,de3846d4-1f11-458e-a13c-0a69878f3b39,0.464,135.7,3,0,1
45072,3d4d2292-8b32-472d-a6b6-a75098559d3f,0.397,8.1,3,1,1
45075,9819f68f-c77a-4b51-a612-b2c673878ba0,0.510,4.3,3,1,1
45078,65a3a266-2dc1-438d-8b30-ba62f46bdecd,0.281,3.0,5,1,1
45079,3e0d449b-54b8-4714-a2bb-f707c4ca6677,0.400,18.5,3,1,1
45082,1615f719-7109-427d-85ef-b58b70f645d1,0.215,1.7,5,1,1
45085,51c09c26-63b5-4767-85f1-3d5abe40cb30,0.533,14.9,3,1,1
45088,1c69d90c-0652-4f44-b01e-23459db43d53,0.560,212.7,3,1,1
45089,25193349-5998-4451-99ad-d983076eb79a,0.230,25.9,6,1,1
45090,0b0d96d8-746b-4eca-b963-055683ccc09d,0.347,1.0,4,0,1
45091,164dad80-e108-49dd-be7e-9c4d9c8d0304,0.537,5.8,2,1,1
45094,c93e0361-de5c-4734-9193-541eb52c0066,0.348,2.4,3,1,1
45097,70b9cf0a-2d40-4aee-9d77-c7c6657d6207,0.189,7.8,8,1,1
45098,69d0c7e0-6eec-4b3d-9a0e-1588e4a49d18,0.150,28.7,7,1,1
45101,6a12b72b-2fd1-4eed-a461-0b860166166a,0.480,18.6,3,1,1
45103,635c8b46-4975-4c10-9ffc-6ca6b212feaf,0.564,75.5,3,1,1
45104,741dac0b-c303-4c39-bb35-1128381cb561,0.510,9.3,4,1,1
45105,52d40b16-c7b2-4119-a23b-5a60f326e36f,0.461,3.0,4,1,1
45106,a12e6976-0777-4dd2-aa97-5a60eddacb2d,0.744,6.5,3,1,1
45107,69128f4f-4d52-41c1-b5ef-634dea697126,0.624,6.0,3,1,1
45108,7086ba3c-a667-4e2e-b9dd-a50c01710827,0.370,1.1,3,1,1
45111,25aa6bb4-0440-4b4a-bb92-dda1df5c931b,0.797,2.3,3,1,1
45112,a320f031-baea-4782-bbb3-48143e184af5,0.768,6.3,3,1,1
45113,d71b447d-01ef-434b-9730-b5bee1d21066,0.700,13.3,3,1,1
45117,e60b0558-486f-480b-883c-54e8213e624f,0.272,7.1,5,1,1
45120,21116102-82f4-496a-b257-f5e73f209718,0.173,138.5,5,1,1
45121,d068ccc8-c666-4d0c-ab3e-a6395a98040e,0.233,2.3,6,1,1
45124,535de1e2-5ff0-4f2a-a295-245aef1ed4c4,0.477,0.1,4,0,1
45125,c2fa1f4d-7f63-4411-b5f6-7d7b396d9bad,0.982,1.0,2,1,1
45128,21b64dca-5c91-4201-b9e6-3cf5c5f02c0a,0.341,22.1,4,0,1
45131,066c0520-abee-493c-9193-fdda5f5fbb4c,0.357,8.4,3,1,1
45132,68b7a8f8-db85-4a58-9f45-eaf0e3b3a1e6,0.341,26.7,3,1,1
45135,fcba089d-d6f7-4d8e-8212-ca3fc776af89,0.541,213.7,2,1,1
45140,013fe323-bf7b-4c1e-b02b-f076e7bf83d3,0.363,0.8,3,1,1
45146,e29a29e6-c70e-4e83-bf43-e32b954a2267,0.418,3.9,3,0,1
45147,8b544991-48f5-4709-b01e-8aa4811a9e83,0.183,5.4,6,0,1
45150,e060b093-147e-4e5a-9b66-e6893a3f0cfb,1.000,315.9,1,0,1
45156,454a4099-c6f2-46c2-be8b-6315d04e730e,1.000,44.1,1,1,1
45159,183a64f6-05ff-4b26-ac3a-35bbb9c45c45,0.995,14.2,2,1,1
45162,247fbbb4-a914-4831-86b7-e068e3b89fa9,0.366,5.1,3,1,1
45165,4ded4e58-7cc7-45c5-8fdd-606e98996e80,0.516,7.1,2,1,1
45168,b91294a4-951a-4a53-bbae-9e019c8621a3,0.596,31.8,2,1,1
45171,8ecd1869-02cf-4da3-8e43-67ba8f42eed4,0.387,0.4,6,1,1
45174,bcdc3f45-67fa-4f9a-b2c0-148cb487c49c,0.163,0.1,7,1,1
45178,9aa6b716-4842-4f46-8073-e8abaf917a97,0.363,1.6,3,0,1
45181,274ccf19-d7c7-4edf-89d1-75f85bfa612e,0.733,0.9,3,1,1
45184,2f6117dd-e871-4a10-af66-5174f57c4dc8,0.375,20.3,7,0,1
45185,6509a288-1beb-4997-bdaa-72de42081a80,0.281,4.3,5,1,1
45186,88797317-6958-458f-a28f-e7b11d43d4f3,0.267,0.1,5,1,1
45189,77a0e140-bb57-4954-a6ab-74a158d2c0f4,0.605,18.0,5,1,1
45190,199b0827-6c3b-49c5-9bce-c097b55dc989,0.284,29.7,4,1,1
45194,0a74ab1e-ee82-4319-8538-9f7be25e49f3,0.344,3.0,4,0,1
45199,e702c9bf-2524-4d2d-88f1-1d8a038594b4,0.587,9.7,3,1,1
45202,db07ccc7-f73e-41f2-8818-38c687cf0a2e,0.346,10.4,4,0,1
45205,f838d4ff-da1c-47ef-b795-114881110785,0.188,3.7,7,1,1
45208,15ca3d74-2b10-432c-aab5-af0d999d53bd,0.465,2.6,5,0,1
45209,6879a9ab-bb8b-47fe-8604-5ce15fa7c371,0.301,0.4,7,0,1
45210,8b73757b-c18e-48f0-a2fd-469f7cbe4457,0.336,9.0,5,1,1
45211,2642cdab-2055-4b5e-97d6-97c80be53e8b,0.512,16.8,4,1,1
45212,f3925425-34f6-4405-b544-08995278df63,0.336,1.4,6,0,1
45213,6c0af44c-6cc4-4ac9-9087-f2cbedd7b621,0.281,124.1,5,1,1
45214,0d03f249-534d-4d8e-86b9-70e03d58911a,0.374,3.6,4,0,1
45215,701c2648-df41-46e1-92d4-b37980485d6c,0.239,24.9,6,0,1
45218,16947ff5-b9d3-4bfa-ba1d-752b323353ea,0.234,4.4,8,1,1
45222,630a308b-929c-4aa2-b288-cca327a277f1,0.305,2.1,4,1,1
45225,41a74301-4d84-4434-a491-37b579e4efc8,0.182,5.3,6,0,1
45228,4fc78ccf-dd58-4dc9-aeaf-ce6f22388ec9,0.513,1.3,3,0,1
45231,113684a6-4246-404a-b7ae-da2e93632399,0.820,2.4,3,1,1
45234,acd03236-e4b3-42e2-be66-9a4c8b74f40c,0.311,56.2,4,0,1
45235,d99d3984-26a5-428b-b702-6540b4ac221c,0.265,3.4,4,1,1
45238,fe548711-334f-426a-9129-5d86df4e1e6e,0.505,2.0,2,1,1
45239,5bec25df-1a63-4b56-b619-013825539281,0.297,1.8,4,1,1
45240,608a1246-be29-45a4-ba21-bf23ceced03a,0.421,460.6,2,0,1
45241,96cba61b-2b33-4222-b3f0-dabf4df767eb,0.025,345.8,4,1,1
45242,63394498-c500-4c80-aec0-ea76ab968f5b,0.502,2.9,5,1,1
45243,e9dac339-f856-4563-b0af-87975d33fd4c,0.121,185.5,5,0,1
45244,4481b30a-ae91-443c-acc5-fb57102d8170,0.433,23.1,5,1,1
45245,96e3a8c1-7911-4456-8c61-2e29aaf7358f,0.353,18.6,5,1,1
45246,7376b96d-27b1-4f26-877d-976787e9ad31,0.269,1.7,4,1,1
45249,4091e00a-7bb5-4a83-aac0-9af22c0328c3,0.586,3.5,5,1,1
45252,3a171191-effc-4108-bc3b-1dcece8fc0e5,0.276,89.8,4,1,1
45253,dfa15802-47ac-48f9-a87e-b9e9ddf050ff,0.212,0.9,5,1,1
45256,9d5970e6-e577-4dff-b9a9-e391a777bc25,0.825,136.2,3,1,1
45259,66abb124-2e3e-44be-bf81-a84f8547ce64,1.000,3.7,1,1,1
45260,b0f31d28-736b-4d25-b1bd-7721bc1bd931,0.475,3.0,4,0,1
45261,e91a157e-4fe3-4f9e-a2ec-690cc611e85d,0.344,6.1,3,1,1
45264,0364ee30-6221-49d8-9650-b5b1752baaac,0.222,19.6,5,1,1
45267,33770bab-65cf-41a7-814f-31bbb58b0d9e,0.527,3.6,3,1,1
45268,49a8e0ad-c70e-4ee5-85a5-f81bc946d138,0.352,2.9,4,1,1
45269,7be91bd4-6e19-4563-b448-8ca86bfcbe21,0.205,3.1,5,0,1
45273,58319104-6e9b-4f77-8ac3-6655caaa300e,0.138,0.0,11,1,1
45276,a5605636-6c41-4289-a09d-465ce2139b43,0.078,253.9,5,1,1
45277,77e208cd-013f-44d4-991b-2748dd48bdad,0.521,15.0,6,1,1
45280,dc7ecb8e-3894-4e2e-a204-5d1d84804040,0.981,11.1,2,1,1
45283,24a72c5e-98f3-45af-b163-4688a291ce83,0.224,19.2,7,0,1
45284,da70123a-708a-422c-9cdb-020a333c6aa5,0.339,23.1,5,1,1
45285,bcce4426-50e8-4684-9cab-9307c41e16be,0.360,10.9,3,1,1
45288,33bcd991-cb41-49ad-9711-3bbf3365c4cd,0.404,22.9,3,1,1
45291,736bf9ec-c083-4119-af58-11f01cf8b794,0.419,139.3,2,1,1
45292,438b9e97-eb9b-4006-88b8-b2467306684f,0.500,7.3,3,0,1
45295,b53ef4a4-a906-46db-bad8-3607ec574f34,0.304,2.6,4,1,1
45298,6945a1d9-77f8-42ee-8553-e24b758cc750,0.508,1.0,2,1,1
45301,3b9f5af1-58dc-4e1a-a97c-731f6805df2c,0.256,16.3,7,1,1
45305,a626a361-cab9-4e4c-a4a8-0daec9cb9233,0.288,19.4,6,0,1
45306,1076076e-034b-4e43-b734-7338da81d2bc,0.281,7.6,6,1,1
45310,437e0115-8f1d-4d14-8b4d-ab8dad560fea,0.408,14.9,3,1,1
45311,9a3624d1-d4d5-49cb-8398-cd0ae849b19e,0.358,4.2,3,1,1
45314,93c511cf-77dc-4150-9e8b-7c8ffa2f46bb,0.531,8.7,2,1,1
45317,f54e1355-1c46-417d-a9fe-6f17dc5d843b,0.562,2.0,2,1,1
45320,27402681-d4b6-4d50-bb2a-c194f48e53e1,0.382,10.4,4,0,1
45329,86f1c3f3-b12d-4be9-a059-abff3a6ab8b3,0.315,48.9,5,1,1
45334,ffbb1849-47f8-4569-99de-73c4974f25b1,0.226,0.8,5,1,1
45338,15d6f110-68f3-40ef-92b6-7508a205f53b,1.000,9.4,2,1,1
45342,d4336b88-09a7-4acc-92f1-3931e2816436,0.893,281.1,2,1,1
45344,16cc1eaa-bc3f-4971-a73d-967ff49bc2c9,0.776,12.2,3,1,1
45345,fbde668f-2f83-42be-8ab6-911b83932e3a,0.275,4.3,5,0,1
45346,a6a6d4b6-38bd-4341-9de8-10fdf4243ad1,0.483,3.1,3,1,1
45347,e83024e1-19d0-41a2-9377-f417b7015831,1.000,29.3,1,1,1
45348,d1298643-0441-4364-abae-df6fccaa26e4,0.338,5.0,4,1,1
45349,fc8f33e6-3349-4bfe-a63f-b20c20f1c315,0.237,8.5,6,1,1
45350,8badd0b6-5811-4a72-a991-868690a4de13,0.219,4.2,6,1,1
45351,98d8a23f-7647-4591-9dfb-ae706263d23e,0.338,13.1,3,1,1
45352,bb34fbc2-ebb6-4af0-8a7f-0fff91e86109,0.614,36.3,2,1,1
45353,cebc9a66-c62c-4afa-aef0-f3592f9844b4,0.949,6.5,2,1,1
45354,e36a3e30-4531-4276-955f-fa107d89c6dc,0.322,7.2,5,1,1
45356,ee85090f-4c51-4e4d-a8ae-90f40b781fc5,0.173,84.7,6,1,1
45357,48315c7f-1a3b-4bf5-a284-68bd6f6542af,0.491,6.7,5,1,1
45358,af9fd086-1737-45fe-a811-7973dde5b75a,0.983,6.8,3,1,1
45361,ce60df2d-7ff5-48ff-a593-775f9dfba95f,0.604,3.0,5,0,1
45362,5fbd8062-b8fa-4db6-96b3-0fb637446d55,0.437,23.5,3,0,1
45363,ddfbcf99-c1ff-4dbd-8785-d7896193ac7c,0.658,16.4,3,0,1
45364,5bb47430-1c45-41a6-a560-296f27836ac7,0.905,8.3,2,1,1
45365,909a5b79-8d18-4978-8bd7-955f8d6e3da9,0.503,5.9,3,1,1
45366,85fdb136-1ebd-49ca-881d-d9757e5e5bce,0.342,15.4,3,0,1
45367,2bc896a6-abb8-43d3-982d-5b1fc9816507,1.000,3.0,1,1,1
45368,67a6ab84-c1d8-49cd-8b53-59717f8f201a,0.350,4.8,3,1,1
45369,5c1a9cd0-247c-4789-8feb-557be459c732,0.339,11.9,4,0,1
45370,3e40d580-9704-4c07-b9ed-686a0406c7a6,0.403,1.9,4,1,1
45371,acfe138a-87bb-40dc-9a02-d02a5b8ed9da,0.859,92.2,2,1,1
45372,c170ee06-def7-4a2d-8d78-5440011e1b2f,0.485,3.2,3,1,1
45373,a7739012-709c-4e3a-9ba3-88d73f929b0a,0.282,2.7,4,1,1
45374,d0d6bac4-038d-4662-a45a-9e3e4eccac29,0.904,81.7,3,1,1
45375,d1c7a2a5-413e-4e77-a347-ddb073be3b38,0.436,4.9,5,1,1
45376,f0975000-91e3-4d1b-90f2-9178278253fb,0.475,8.1,4,1,1
45378,c58778d9-eada-40c3-8ad0-d77f6814a08c,0.670,3.7,2,1,1
45379,5d3ad65c-8261-4eb5-bff4-38c45f8ccacd,0.639,5.1,2,1,1
45382,3f42643e-3663-4f10-8cc1-e0663a1a9ce3,0.383,19.6,4,1,1
45383,c1421bc4-0d36-445b-a81b-1016122f0830,0.441,1.3,3,0,1
45387,adf64e7c-063c-4d75-a96e-314d90fefe36,1.000,25.4,1,0,1
45388,d78945e1-640c-436f-9bd0-1c45785abfda,0.920,11.9,2,1,1
45389,de34d8e6-73ea-48e5-a7cc-c9308d3294f1,0.971,10.1,4,1,1
45393,78c9feff-0224-4ca6-b9fe-570adc51b90d,0.539,1.0,4,1,1
45398,f9657180-ad85-4beb-a043-a958701b903a,0.539,4.4,2,1,1
45401,ce64e22f-b6fe-4650-b9ff-03f94fae15c4,1.000,6.6,1,1,1
45404,7fde7cbd-68f2-471b-a0e6-25c74cccce02,0.280,3.3,5,1,1
45407,71ecc40a-bfca-48e1-99d7-bb0c5c837b2d,0.226,27.6,6,1,1
45408,5ccca556-fee5-474f-8220-a0e2cc95caa0,0.400,2.6,4,1,1
45409,add07d63-2940-44d7-a19c-13b756628e44,0.873,0.6,2,1,1
45415,48caeef6-bff8-42d5-8aa5-21cf30311060,0.043,308.2,6,1,1
45416,b9504d60-c82c-4b67-ad5b-08637af05d1b,0.533,49.6,6,0,1
45417,f5b2eeb1-32df-479b-8478-d44dbfbbe7f4,0.570,22.7,6,1,1
45418,9e342da8-2717-4bfb-ae76-66d670ca0132,0.424,24.1,7,0,1
45419,8248ae6c-76c8-43af-b6e3-0052527ed027,0.284,28.1,6,1,1
45422,22f1c5fb-32d8-456d-8588-a2a2cbc22798,0.337,4.3,4,1,1
45423,eeb12b8d-0a3b-4937-a317-5eac59eaf099,0.390,3.0,3,1,1
45429,c84a959c-6486-426a-b0b0-ae3209d567ff,0.478,5.3,4,1,1
45430,e49e9ea7-aad7-426f-877c-ec742694dce2,0.489,10.0,4,1,1
45431,a6f9b1a1-bd6b-4712-85cd-bac89881b2b5,0.528,38.2,4,1,1
45434,b78107bf-db9a-4993-8e53-70dbe3019e92,0.277,6.3,4,1,1
45441,3b881709-5bed-4ce2-be88-764dd6635baf,0.386,11.0,7,1,1
45442,e6a08ddf-e8f7-48d6-95f9-887699ebed61,0.623,40.2,5,1,1
45443,780a2d30-7364-4300-b8a1-d0661fe5a83f,0.372,34.7,5,1,1
45444,c6279695-0b11-4e24-b688-59cd4d823e37,0.202,4.2,7,1,1
45447,21328678-7636-40c9-a6ea-6a2c29065316,0.383,4.8,5,0,1
45450,8ba57cbf-3c25-4335-b3e2-c44a51dffd50,0.304,108.9,3,0,1
45453,1bc1c3ec-3732-455f-a540-6349b2248b21,0.606,79.5,2,1,1
45454,d113944c-9bbf-4c42-9083-af1662431341,0.500,14.3,3,1,1
45455,c0f1c6c7-afdc-4bed-b91a-d21cae9be18b,0.657,23.7,2,0,1
45461,c30a6ee4-1785-4e8e-978c-4792a6d02bbb,0.629,15.1,2,1,1
45464,efee0e7c-9823-47bd-8885-f106bd8acfd7,0.429,7.2,4,1,1
45467,6c23f173-a00f-482a-92f3-247cd851dae7,0.876,3.8,2,1,1
45470,a69b3a8b-dabe-4793-9d6b-b53d25f8d18b,0.258,12.7,4,1,1
45473,5e15bde8-8a40-4b65-ac6c-d806bf7133d0,1.000,59.0,1,1,1
45476,994c38f6-6583-4fa3-af5b-63a0c1db13e9,0.666,1.4,3,1,1
45477,5e47c35a-367b-48d3-913e-377aff64743f,0.498,21.7,5,1,1
45478,3ac67cd2-d8e7-4e41-a2fa-4e237e15dc24,0.357,12.3,5,1,1
45481,46a169c0-5fee-43b3-81b3-913d8f4f2917,1.000,14.5,1,1,1
45482,fd934f14-4e81-4446-a90d-fb2814faa538,0.502,10.6,3,1,1
45485,961cd50f-b95c-425f-89bf-4b2f4b593bd1,0.351,1.5,3,1,1
45486,60d64374-5a41-4c6e-acbe-5f730b8f2edd,0.355,13.9,4,0,1
45487,71f02112-410e-4413-810f-eccce4501e13,0.503,8.4,2,1,1
45488,94dccf40-b9b8-492d-9cb8-4178dfc445ef,0.244,18.7,5,0,1
45490,c3f8ecf2-cf6a-4c89-8475-66dcaee167c2,0.317,1.7,5,1,1
45491,9b6d041d-33be-4b27-8586-14fe494083d8,0.272,11.0,5,1,1
45492,50be32dd-15ab-4bb4-b80e-36b5e285d095,0.211,32.4,6,1,1
45493,95d98e92-966c-44e3-b173-58d26797b9d5,0.181,4.6,6,0,1
45496,52642052-b9b1-4fed-bf5e-3b5fd215769b,0.472,21.5,3,1,1
45499,526f31b3-8303-4014-9447-df431983f72e,0.853,87.8,3,1,1
45500,de96601d-a770-4fb3-add3-c37d698e7115,0.213,248.2,2,1,1
45501,b233457a-8726-4a52-994f-728b91c62872,0.788,2.3,2,1,1
45504,5d7cacf5-9515-4efc-9842-099cf14b676b,0.768,2.3,3,1,1
45507,d22a3ca9-3f67-449e-94a5-077fd8cac749,0.473,5.5,4,1,1
45508,77a8fa56-457d-4d05-98b5-2a10fe0dc48f,0.508,9.2,3,1,1
45509,fea9f247-19e0-4c5b-a917-c75d6daba745,0.285,10.2,4,1,1
45512,772a20fb-33ff-4674-af69-7e79d9123fec,0.238,12.8,5,1,1
45517,85e9644a-c1c4-48be-a753-c4b7e36f6490,0.552,4.7,2,1,1
45520,0ccb2df3-8d05-46ba-94dc-85ae9815d94c,0.998,3.9,2,1,1
45521,cc895bb9-51eb-482e-ba8e-dcb661b60e3f,0.929,26.2,3,1,1
45522,aca6d92f-3225-4814-9081-20ca750c22a2,0.413,11.4,5,0,1
45525,f175c733-2b8a-4bc7-80c9-468e9bb659db,0.188,8.8,9,0,1
45526,94aae709-5cd2-44d8-a3a5-907fa5f889cb,0.291,13.6,4,0,1
45529,649ccf70-a165-412f-ba87-4105d4635b7f,0.345,12.8,5,1,1
45530,2c134731-03a3-41e4-91e1-0f45b595d4e5,0.370,16.4,4,1,1
45533,90d8bded-2a9e-4b52-a251-098d3d79e380,0.426,20.5,4,1,1
45536,a6545233-03c4-4a1e-9ba5-21e2622790c9,0.409,136.4,3,1,1
45537,6403b1fe-ffcd-4106-b4ba-d22623b0588a,0.412,8.3,5,1,1
45540,b34fb0d3-caf6-47c2-8cb2-8d32f0e52b98,0.353,21.8,5,0,1
45542,02b94d70-4bbe-4f62-8d79-8a3e3ee2d218,0.501,10.4,3,1,1
45545,c6e3d7bd-f8af-4d75-bb7b-a0e7a29cbbf4,0.300,2.0,4,1,1
45548,03249896-904d-4a01-9c0d-e45ab37ca3c9,0.346,7.1,3,1,1
45551,160a30c5-2fa4-45ef-be70-d8695d13e474,0.356,1.8,4,1,1
45557,cbe8a387-00da-4246-bb5d-4c4c27119f78,0.818,26.0,4,0,1
45560,18e8a594-e538-4cba-96db-6662746f3728,0.958,7.6,2,1,1
45563,54f2e8b4-0494-4bd4-90c2-a8d1070f2a6b,0.335,28.2,5,1,1
45564,d25cd19f-7ad7-45e6-b444-882c9a267a5e,0.436,20.5,5,0,1
45567,04d16017-54bd-49a7-aebf-0715dd6318ba,0.287,16.3,5,1,1
45568,a9e5da08-8207-47e6-b828-967da21874f2,0.283,14.1,5,1,1
45571,c9be33d9-adb2-4e3c-b4b6-bcb1f3dd0be5,0.952,29.3,2,1,1
45572,f2bf4b38-0601-41b3-bb80-9462fb298901,0.256,175.6,3,1,1
45573,72d49e2f-fcb6-40d6-a656-fdadf47eb02a,0.243,8.9,5,1,1
45576,a449c349-fdad-4309-b3fc-ca921f819568,0.872,20.3,2,1,1
45579,f7b92849-ec43-4e2d-a864-0c51fe053b99,0.981,29.3,2,1,1
45580,354422ba-a3ab-428f-8a01-ffe113135520,0.413,20.8,6,1,1
45581,209e34ec-e4e7-48c7-b385-88778cb13fe1,0.236,2.3,6,1,1
45582,084c8d13-dfca-430d-bca1-da0cfad93ce9,0.166,4.9,7,1,1
45585,df59960e-50f9-46da-adb4-c1f8f1b7af48,0.104,278.9,3,1,1
45588,088abe6d-6a6a-4c42-b2ad-d38a6ac685cd,0.389,2.6,5,1,1
45591,edf6f375-e5c1-4243-8b0a-30758d1ea483,0.456,1.0,4,1,1
45592,2aab33c9-e097-483d-a9af-d515ad186583,0.859,9.0,2,1,1
45595,917ddfdd-34f0-4a95-a9cb-bfd2c51220f2,0.811,7.1,3,1,1
45598,38fbfd48-c0a5-4030-9ad0-11261bac3e2c,1.000,307.1,1,1,1
45601,08e656e5-b129-465a-91f9-2e2d4006a29c,0.357,22.1,5,1,1
45602,d3cec412-ac66-4ffc-8faf-209b5cb11d7d,0.386,2.9,4,1,1
45605,5e8b2ac7-72ed-418b-953d-27a563ace1ce,0.541,2.0,2,1,1
45608,2af4e457-c0d8-45af-b148-594b577b1b86,0.394,11.4,4,1,1
45612,5d0521df-f587-4303-bb52-25dc52829cce,0.293,4.2,8,0,1
45615,1a89a9f3-6aff-4b25-b455-5d1a7ba6adeb,0.438,3.0,4,1,1
45616,c24fe20a-1cd0-42d3-845c-089478352e20,0.872,14.8,3,1,1
45617,4a7e6053-7ee1-4d77-8b9b-a9a5deb67c4b,0.951,170.8,2,1,1
45618,bb1b776e-2601-4178-80d3-dc9ef1a8a850,0.523,34.1,3,0,1
45619,f929f070-4f16-4efe-a7d5-6ccf586ce8fb,0.230,2.4,6,0,1
45620,38c8b9f8-aea8-4fea-ac76-8890b9f46b1e,0.226,0.6,6,0,1
45622,203c912b-d627-4bf8-93db-f39908218094,0.340,7.4,3,1,1
45625,20618aad-c62a-4fd7-9cdc-b13328fa14e9,0.262,3.7,4,1,1
45628,ecf4cefa-8f4b-402d-9627-d983ae713017,0.523,13.6,3,0,1
45629,a2a4eec1-5634-4c6c-94af-66a5916e2310,0.514,4.4,3,1,1
45630,3b3140db-4ff1-4086-93b4-7e6232321e14,0.446,8.1,3,1,1
45633,b9d81e6e-c1c6-4db6-97f7-0600e1f2ca38,1.000,13.0,1,1,1
45634,56277e29-b5de-4bcb-9373-6fa34dfb53b3,0.587,7.3,2,1,1
45637,ad725096-5f06-4905-b5e7-f1f1bc64bd23,0.304,3.3,4,1,1
45640,32b30179-cdb3-4b44-975a-c03c369459eb,0.553,22.5,4,1,1
45644,f88939fd-c49e-4fec-85b6-50b178d4a180,0.525,2.2,2,1,1
45647,0c6a5374-41a2-4607-8f68-f1fdb28bb9ff,0.399,0.2,5,0,1
45650,782fb35e-0c4f-42ab-b397-b39927eb66c3,0.518,22.8,2,0,1
45653,234ed812-927a-4e1b-8413-62a08bbb7cfa,0.333,1.3,5,1,1
45656,27e04a9d-5fff-4820-8359-8ea3c2f3453e,0.551,1.6,3,1,1
45665,7d375e19-78e6-4036-ad56-506b9cdcb15f,1.000,28.3,1,1,1
45668,3fbb045b-633d-4424-abfe-134144daf6cd,0.490,42.9,2,1,1
45669,87560322-64a7-4413-8e1b-c5fe4780125a,0.262,6.1,4,1,1
45672,4168fe01-2fd3-4be1-b016-410039857a81,0.338,3.1,3,1,1
45675,a7333928-73fb-4e51-acf8-616d79850892,0.836,47.7,2,0,1
45678,8433b430-ea8e-4239-be48-0fb888f9c91b,0.257,102.1,4,1,1
45679,5b610b58-24a6-40c0-807a-457e60c9b24d,0.248,2.7,7,0,1
45685,03178839-6c68-4e49-af59-e574f1289cb1,0.279,341.5,2,1,1
45686,35080725-e2c5-4fdf-aaa1-b7e227b2a625,0.453,11.2,6,0,1
45687,f85bb4bf-d252-42a5-a680-f5898e282397,0.192,16.3,6,1,1
45690,3499b942-d0c5-464b-886c-6a0a26282d44,0.446,12.6,4,0,1
45691,700381c0-f597-4389-a55f-f4e959a3012f,0.347,1.3,5,0,1
45692,ae25e8cd-1a56-47a6-8d6e-15c633707d71,0.335,44.4,3,1,1
45693,4b8f30b2-db00-43dc-88b2-497ad09d904b,0.224,2.9,5,1,1
45695,76364455-8f52-4a1c-81aa-91c5dcccb68b,0.465,3.4,4,1,1
45696,3bd7b0e1-ed18-409b-a566-bcff728708bf,0.497,68.8,3,1,1
45697,bc154fd1-ef77-4cf7-8dc2-45dd4448dbff,0.275,12.3,5,0,1
45698,ad143ca3-6eef-4f79-86a9-65efbd2fd002,0.329,1.2,4,1,1
45699,9d8fa7d9-bd40-4570-9fa3-08d26ef78134,0.407,134.1,2,1,1
45700,d7eafbf4-7b15-4f54-b8ac-897a3b8f0935,0.424,13.4,4,1,1
45701,b9bdd49b-de5c-45d1-900d-7000ac1f1643,0.261,10.6,5,1,1
45702,0a912b66-c030-4b06-b3ed-8b57305661fa,0.986,14.3,2,1,1
45705,8686e2f0-c936-4379-9e9e-171b91aa38c3,0.597,9.1,3,1,1
45706,18c72e49-ea7e-4ec4-b874-a3f4cd8b3bce,0.284,51.1,4,1,1
45707,c8cbef53-f669-44ff-8831-ce6542b68dd4,0.184,2.1,7,0,1
45711,8a75e8cb-48da-409f-b38e-b17d8ff298b8,0.803,11.3,5,1,1
45712,99c9d322-8e3e-44cf-bdec-6dfdf5ee0b04,0.121,215.5,5,1,1
45713,c3c140dd-c478-4935-99b2-56457fbb0af9,0.179,111.8,5,1,1
45714,3b676ad9-05e4-4122-afdb-bb6beb2fd28f,0.278,6.8,7,1,1
45715,e5b8a000-44f5-46d6-a84a-790ef6485147,0.250,5.6,7,1,1
45718,7f35d538-8cfc-41bc-9d6c-f54d385dcaa7,0.052,262.8,3,1,1
45719,c1318464-2b1c-4468-a18a-37b1c9895b05,0.476,7.4,3,0,1
45720,71d7e7c6-bd9a-4739-ac4d-49a4455bed79,0.456,27.0,3,1,1
45726,cb83d940-135c-41d1-bf43-7cb48cb23535,0.827,13.2,4,1,1
45727,2e87eaae-17a3-4249-8a33-94cc36886f27,0.522,28.0,5,0,1
45730,17114261-00e2-4afb-83a9-96fad4efda17,0.194,36.7,5,1,1
45733,4c272a45-7379-4de8-9c66-029427bd520d,0.582,5.4,3,1,1
45736,43e6d600-6344-4b0b-aeb9-af63b886b30a,0.177,27.3,8,0,1
45737,b3e33fbd-d1e4-4ec8-8431-61cd52f9f079,0.142,11.8,9,0,1
45738,233e75ef-99cf-4d91-89eb-6525f3cc3d60,0.477,6.8,3,0,1
45739,044b9365-f217-4327-a214-f23d38134c9f,0.576,3.2,3,0,1
45740,a053525a-e1f8-4871-99fc-86e58527eac6,0.273,10.6,4,1,1
45743,91f2f3d2-f12b-48da-9c1d-fd9d9c5ec111,0.269,1.9,5,1,1
45744,43eb28d3-2dca-4e36-8784-672ab81333a7,0.237,1.9,5,1,1
45747,bc5ca54d-1ca4-4501-a076-08bf349e4b8d,0.925,2.5,2,1,1
45750,f927e4af-e174-48fd-8aac-9e31de21c287,0.511,26.0,2,1,1
45753,c9618f0a-de0e-44fe-8c55-68f238ee5d83,0.608,48.8,2,0,1
45756,729acb61-00c0-4963-9c64-6fe9296cb07a,0.304,14.3,5,0,1
45759,4d74ea5d-a484-459e-95f2-7af438e2e22f,0.247,264.8,4,1,1
45762,c6cc121a-5c7c-4204-95d6-4d4c9b94c682,0.394,23.4,4,1,1
45765,2eefeaa4-2ec8-4987-a60a-58a86207cfad,0.406,27.6,4,1,1
45768,65d5f5d8-cd5e-4252-a1c5-b85e8e0dfe71,0.267,2.3,5,1,1
45771,6d96afcf-d284-46dd-ac65-e6c793f85a30,0.336,13.0,3,0,1
45775,5cba0b90-9dd3-4446-aa9b-a551193c4aaa,0.309,12.9,5,0,1
45776,23cb324b-98e2-4885-a56a-78e560b74a86,0.273,4.7,6,1,1
45779,770478fb-3ceb-4e44-b3d9-f357caa049de,0.275,80.8,5,0,1
45780,7627388d-f5db-4bbf-92da-340076320d9a,0.213,11.5,7,0,1
45781,e53547de-659e-442a-bbca-77358817a294,0.196,0.7,7,0,1
45784,3c0f434f-9430-4de5-ae32-13593074b4b4,0.645,16.6,2,1,1
45785,7a311a8a-2aa8-4a00-95a6-726ccb07674e,0.507,50.2,5,1,1
45788,340c87a3-d110-462e-b57a-79d20d0c0344,0.221,13.6,6,1,1
45792,d8054bd6-289b-49c4-88d5-c82902d3fd93,0.677,23.1,5,1,1
45793,9225d3e6-c92c-4cc8-b44c-fd58d8c4d4b3,0.129,170.6,5,1,1
45796,e8f21f3d-4116-4238-84ed-8a97f9c60c4e,0.493,50.3,2,1,1
45799,d1ff75a4-a5a7-4389-b668-b451d5c8687f,0.511,7.3,2,1,1
45800,7ff05273-c15c-4515-8a77-c35dca8ed873,0.392,0.4,4,1,1
45801,7710a34f-5aa2-406a-946b-df88fd5c5ba0,0.761,77.2,4,0,1
45802,212e54a6-7323-413e-b340-8dfb989d423a,0.238,10.8,8,0,1
45803,848339f6-815f-43e7-bb2c-3e8baa7a033f,0.412,108.5,5,0,1
45804,3c680619-98d3-4d8b-affe-21ce7a38797b,0.410,14.7,4,1,1
45805,42fa27f3-bb0e-4692-b442-759278f239fb,0.682,14.6,2,1,1
45808,f3d8f2dd-0e4a-4332-be47-25009618b670,0.278,3.5,5,1,1
45809,e0ba9eb5-7fcb-49b3-a432-8651ef89e4c8,0.485,2.6,4,1,1
45810,585d402b-40c8-40bd-b8fb-71d17b193ac8,0.439,1.9,5,1,1
45811,531b2b70-fb62-4fb2-9936-f820abf962a0,0.278,8.6,4,1,1
45814,32bf350c-76b5-4360-b050-5f64b55cbe52,0.839,165.2,2,1,1
45815,933e9661-e9e5-47e4-b0df-0ff877a562e8,0.319,11.4,5,1,1
45816,b1dcda42-9647-4352-94ef-c3bfba13f90c,0.237,3.5,7,1,1
45817,eb9e5598-f8a0-47e8-8a8a-eee671b41f28,0.761,4.9,3,1,1
45821,71b92c82-a37d-4bf2-96b2-6656a1105dfa,0.406,12.5,5,1,1
45822,83f4b423-ee33-4fa3-9363-4ed85e3f18c0,0.257,0.9,7,1,1
45823,62c38dea-eb7c-4258-ae4c-9ad715c50bcb,0.248,1.8,7,1,1
45824,4edaf975-f11a-4587-a587-7e1f316c2104,0.346,9.1,3,1,1
45827,f187d4d7-0a71-4c4b-85fd-7b6e9e4ca04e,0.376,2.4,4,0,1
45828,16b55a45-17f4-46bc-a650-9876883164e4,0.495,104.4,3,1,1
45829,a704f1a0-b264-47b3-a4ff-7c3b92e33b92,0.424,14.9,4,1,1
45830,ecc61efd-0b50-42a1-92f8-3e9a3d95469a,0.497,9.0,3,1,1
45833,d093c5d9-ee8b-4e83-8a3f-081659a11c2d,0.492,66.8,2,1,1
45834,bb85a6c4-1c6f-434a-977b-ac43d042d026,0.508,17.0,2,1,1
45838,acf61d28-6fb0-491a-aa24-cad26af1ee0d,0.405,30.5,4,1,1
45841,4614775d-f12f-4db4-ac3d-9a98fd1d6786,0.704,2.8,2,1,1
45844,e2e32909-9bdd-478f-8e30-917597b38de1,0.171,106.2,6,1,1
45845,edc6ddf1-59d1-4f53-838c-978726e9280f,0.288,1.9,6,1,1
45846,585428b2-d38c-4683-9314-84b496272fec,0.866,174.0,2,0,1
45847,3885dc8b-623e-4d81-b0ad-bfb2b0557e65,0.316,3.1,6,0,1
45848,6ed7b396-c085-4d70-8082-3c1ca03a5920,0.852,6.3,3,0,1
45849,228d288b-0b6e-436b-b7f2-a7e1fc569810,0.901,37.7,3,1,1
45850,0e1006bd-c8a5-481c-a963-c2d5de4cbd8e,0.554,16.0,4,0,1
45852,2e0094cc-db34-477b-97f4-3b97ebdb226f,0.219,1.9,6,1,1
45856,bb1a7f60-4cdc-4c0e-a384-32b3f6a6abe5,0.994,183.5,2,1,1
45857,a78876f2-f7bb-49f6-baea-55218ff7ddcb,0.267,2.8,5,1,1
45860,d11401aa-317f-457c-b747-ae270ec88279,0.344,21.4,5,1,1
45861,f29bed9f-2d31-4307-b402-e1c1b9794b86,0.489,65.9,3,1,1
45864,ce0bfe7a-4fab-4b6c-a13d-096389cbde61,0.339,13.9,4,1,1
45868,f28edc73-d8de-4139-95f7-85f59a54f34f,0.387,19.3,3,1,1
45871,703a8986-1a2b-43e3-ae41-26ebe7dba500,0.928,5.8,2,0,1
45872,581ec2ee-44ef-4fd8-b057-3a08f5d2ba04,0.265,12.2,9,0,1
45873,8dcb6420-0339-4a55-b896-e06230a942bc,0.351,3.9,4,1,1
45874,134c3a06-6bcc-4de0-b2ed-13c74a1fb0c4,0.308,8.3,8,1,1
45877,b9abdc43-bc7d-4af7-bea4-58c92aba2b42,0.431,1.1,5,1,1
45878,efdf4d63-fe3a-48e3-9d24-c47a7acfe0be,0.372,104.6,3,1,1
45879,4bde9aa4-199f-4814-8ede-44766548203d,0.416,15.2,4,1,1
45882,2760b002-3c14-4fb6-bdf6-fefbfe3b9a8b,1.000,5.4,1,1,1
45886,cf441686-ee69-4c77-94ef-32eb00a14b8b,0.501,5.6,4,1,1
45887,eaba12ff-f9c9-49e8-8bdd-36515ce411cc,0.664,21.2,5,0,1
45888,09956f0e-d79b-4457-8105-16ce57927ab1,0.528,6.5,5,0,1
45889,6855feba-8b8a-4eb8-a424-e0ae026e69f9,0.339,60.9,4,1,1
45892,0fa62b25-7e35-4c88-8dc6-4801454e52b8,0.389,3.6,4,1,1
45893,1511f208-9030-4289-9ef4-c09a27b63500,0.502,26.7,2,1,1
45896,e607805c-326f-477a-a204-4d2977461d15,1.000,272.9,1,1,1
45899,9de4fabb-0fb0-4f03-a550-93bd78da06bc,0.193,1.6,8,0,1
45900,e7731711-5d95-4539-a506-c6f81de67724,0.160,0.7,9,1,1
45901,72e9c562-29cf-4b5f-ad28-e6119f0cf3be,0.186,22.3,6,0,1
45904,200b27bc-27d9-4dd7-9d80-3b0010f9e1be,0.989,6.1,4,1,1
45907,99053d40-062a-4cef-9325-5369a47367bb,0.138,141.2,9,1,1
45908,363fdea7-6552-4bb7-9958-34c94b988a15,0.350,11.8,9,0,1
45909,0c4a6e6e-ed30-4715-afdb-651c566dccb5,0.236,0.1,10,1,1
45910,e37995bb-de93-41b7-8c9f-9df8bd3a585b,0.274,14.9,8,1,1
45911,15fa08b4-a8c3-4a0d-8cb3-c7b8e19b29fe,0.177,50.2,7,1,1
45912,1c57eecb-d51e-4beb-80c7-fb7135a02aca,0.186,0.6,7,1,1
45915,58b96aa4-49c5-484b-b609-efdcbda3d042,0.993,29.9,2,1,1
45918,13e0036a-70fa-4cd8-b545-7139fb36bd2d,0.365,1.0,3,1,1
45921,b7d18adc-8033-4d8c-b923-29803bdf62d9,0.653,5.6,5,1,1
45922,721dccf0-439f-4e57-8e97-03a811d752c2,0.254,33.0,6,0,1
45923,52e7892f-dda9-4261-a2e7-5b9d0c88de9f,0.351,10.7,3,1,1
45926,2ebab359-f16b-44b0-a9b9-b488630c15c2,0.777,73.0,2,1,1
45927,fc68dd21-bc64-46dd-bfbf-76c62e967936,0.457,16.0,4,0,1
45932,8e415ac0-15fc-42c3-a378-d4c448a713a1,0.666,8.9,4,1,1
45935,891ab0ad-1955-488c-be0d-360f4f08b450,0.998,144.7,2,1,1
45937,ab0c8980-a353-44ca-b342-a9c8a72e45e6,0.367,5.5,4,1,1
45941,a4a7e3e5-1056-411e-9af3-150936f70af9,0.983,19.0,2,1,1
45942,fe8ebd2f-ee47-4ca8-bc7b-494a0cb8f1e7,0.522,5.1,3,1,1
45943,9b0163ae-dc86-45ef-a2a4-d52cbd0e31b5,0.554,9.8,3,1,1
45945,b803da9d-c6e8-49d2-8f27-5f3923ddc919,1.000,6.5,1,1,1
45946,7ca3f21e-8570-45eb-91e1-48fd4a3a3d1c,0.997,23.1,2,1,1
45949,b8417880-c851-4641-9428-5c1171a8c664,0.484,5.6,3,1,1
45952,29f937c3-a57e-4406-8af7-2747fee62703,0.324,12.1,5,0,1
45955,7af231dc-bd1e-495a-a458-c77bf2ae3d82,0.477,1.5,3,1,1
45958,6846308a-c2df-4f5e-9bce-1f8b7dfd9665,0.356,29.5,8,1,1
45959,e1226176-d5da-4704-9109-8f5af504cb2f,0.414,13.8,7,1,1
45962,db17c332-2ee0-45c2-8ac0-8432375ebb19,0.189,81.0,6,0,1
45965,756bca41-7cd1-497d-815a-5c73067b1615,1.000,7.8,1,1,1
45966,5f7dc86a-ac84-42ec-954e-4702bb389c0c,0.311,3.4,4,1,1
45967,d759a87d-6388-4ba5-a7da-637d8235798c,1.000,16.3,1,1,1
45968,7f60f926-d1d1-48f5-8318-81950b9b6b06,0.472,16.2,3,0,1
45971,f05f0853-5aad-46eb-b24a-1ae2bbee5559,0.395,45.7,5,0,1
45974,1427e892-46f4-4cc0-9cfd-1be6ce174b56,0.327,59.6,4,1,1
45977,00e29696-e8de-45cb-8c08-73aad48e7f37,0.114,109.1,8,1,1
45978,5b45f89c-0e14-4703-b52c-1c36fe19aa26,0.259,20.4,7,0,1
45980,85ef9501-e9ee-4aeb-9e06-e543c03839c6,0.361,1.1,4,1,1
45983,d3737c92-1206-46a2-be5b-1db3eb84e008,0.455,3.9,3,0,1
45984,689a23c9-7335-4e1d-bf2c-074a7a361ba9,0.365,2.4,4,1,1
45985,b887e2bd-a20d-4525-9062-d61f0c4d39ca,0.507,16.3,2,1,1
45988,1bfdd555-c073-43a9-8cff-4ad60fd09a48,0.959,316.1,2,1,1
45991,8a16887e-386d-4526-a83a-775eae387945,0.783,0.8,2,1,1
45994,bc16e528-1b6f-4ff4-a074-f3d2fe817c0a,0.289,14.7,6,1,1
45995,e67c535e-1ec9-4575-9cc9-b49c947bef8b,0.905,26.5,2,1,1
45998,d53a17e1-5331-4626-b625-c3f04f80f109,0.269,2.5,6,1,1
46001,3d6f5cb1-7e84-4308-861d-1fb5b8653628,0.251,11.5,5,0,1
46004,180f8268-32b6-445f-8b60-d54547dffb7e,0.415,6.5,4,0,1
46007,13045b63-25da-4a03-a191-1ce9c81c0944,0.494,130.3,2,1,1
46010,d6da9cb6-7ee2-45bb-ab51-3c99c8e3d3c6,0.401,5.6,3,1,1
46014,5b8b8cf4-934c-4803-895d-3d104c6fbd44,0.264,1.6,6,0,1
46023,e920f696-9574-41ee-a688-65ab80b81f4f,0.353,5.0,5,0,1
46026,bf012c1c-cad1-4676-b776-8e3fb1c3d549,0.344,6.1,8,1,1
46027,e01801f9-dc59-45ff-af35-55ff9315b619,0.620,5.2,4,1,1
46028,f2c5d908-7ac0-455c-84c3-d1c1e538f60f,0.391,2.0,4,1,1
46029,f0265778-a068-403c-9294-8f9f8c79ff04,0.532,0.2,3,1,1
46031,eaaf7c62-cb9c-4ca6-a361-2bea39d98cf2,0.636,23.6,4,0,1
46032,f8303267-c450-4d11-a769-242703c97fca,0.227,5.5,5,1,1
46033,5989a2c1-9c57-43c0-8c2c-aef7d1679035,1.000,86.8,1,1,1
46034,143a4c65-dcf1-47f9-8dd7-613795b01bda,0.351,5.5,4,1,1
46035,e328cba5-d717-4fc6-8357-258726603fe1,0.297,23.3,4,1,1
46036,480b69cd-3d49-430e-aa54-43f63c1eea1b,0.716,9.6,2,1,1
46037,036e77ad-00b3-41a1-b9c4-0046905aaf93,0.524,15.8,2,1,1
46038,12689a94-a87c-4c8e-84ff-6a510cdbb036,1.000,12.7,1,1,1
46039,c66c002d-ead4-4b42-922a-cbd51b7b53e0,0.981,3.5,2,1,1
46040,a23cf2bc-5856-4462-bf80-275727868c1b,0.503,8.9,2,1,1
46041,ea86bdc7-b25e-427a-9e02-aeb630190e67,1.000,15.3,1,0,1
46042,e7b49eb8-1bdd-4bde-8848-839972a83e72,0.285,7.7,4,1,1
46045,64585c23-92b0-4fc6-8edb-9acc42860e38,0.533,87.4,3,0,1
46046,1d3cfa5f-4826-4487-a799-36f94de377a1,0.269,9.5,6,1,1
46047,568f6aaf-dfed-4f2d-acf4-ba769237aaa5,0.545,0.6,3,1,1
46048,d2f1ae12-f038-46d2-a86b-5e5db2d3176f,0.570,1.3,3,1,1
46049,f484fd53-3429-4f50-a602-fefdf0e5f283,0.744,11.8,2,1,1
46050,581667cc-267e-4e7a-bca2-905009cab9e9,0.352,40.6,3,1,1
46052,90fc3e98-babe-4ea7-bf17-c1c696a986a5,0.795,7.2,2,1,1
46053,016b0cef-ee54-484a-93a4-a0b8604818ba,0.383,11.8,3,1,1
46054,1f024e44-bffb-4a12-951e-feab17f802dd,0.316,53.5,6,0,1
46055,e48971aa-2192-4ea0-948c-b09b2427e12a,0.221,1.4,7,0,1
46056,a82c7eca-275e-4360-b3b3-5dbbf730b6fa,0.310,1.0,7,0,1
46057,4ce46a99-f39e-4798-9033-e9c04c76e931,0.707,4.9,5,1,1
46059,3f5b1961-eed8-4e31-b5de-763c63013f42,0.492,29.1,2,1,1
46061,171d8871-7dde-498f-95ef-e79584814458,0.606,23.8,2,1,1
46064,9d540a6a-880d-47b0-9b47-e8cb9d7eb699,0.870,7.4,2,1,1
46065,4cfb2325-72d5-41d4-9cf9-1e46f909378c,0.529,94.1,2,1,1
46066,70a9712b-9649-45ab-a4a2-3ca2248e6b35,0.515,2.4,2,1,1
46069,1d7232a1-5f19-4712-8509-de947ee7b9e6,0.258,6.7,4,1,1
46080,28dbb5b5-27e7-44bd-8057-38d47063400b,1.000,18.7,1,0,1
46081,2f5f221f-0d4d-4a01-9c95-83aed48ef067,1.000,0.7,1,1,1
46084,874f5173-6d76-4180-98f8-5f2d6c44b3be,0.157,13.5,9,1,1
46085,b48873e3-eafe-4e98-91dc-1bbfb1dc06e8,0.202,2.4,8,1,1
46088,fe1be4c1-1c13-4128-80a3-0616f5d51e1d,0.484,191.8,2,1,1
46089,4e753e69-9283-48a2-8437-3be8620b737f,0.516,103.1,2,1,1
46092,a25e32c5-0a8b-4d36-a5f2-90b060312037,0.670,14.2,3,0,1
46093,346c572a-0e5e-4501-a7df-bb8d46e4a962,0.209,182.0,3,1,1
46095,e447f887-14bc-4914-93ad-3633128a8fde,0.386,5.0,4,1,1
46097,6871988b-0340-417e-ae85-c7518adecbb4,0.322,11.1,4,1,1
46098,b36909be-cfb2-4f71-bb3e-a8e78c524049,0.375,2.3,5,1,1
46099,f7374cc0-e7d6-494a-a6e6-2790c00e3cc1,0.639,3.9,5,1,1
46101,8bb7ca47-849d-4d66-9d84-6a6eca320912,0.490,9.2,4,0,1
46102,65ba6e05-afc3-4a4d-bda1-f26e4ccb7d55,0.357,24.3,4,0,1
46103,43c0868c-d329-4768-a30e-907b24c5c140,0.441,7.5,4,0,1
46104,2151bf47-e07c-4693-bd1b-7632ff1a6fc6,0.336,41.3,3,1,1
46105,e255ce4e-4cfa-4e60-b079-3d25c4cf8555,0.852,28.4,3,0,1
46106,fe741281-48f8-4146-ac83-c8f9c824de91,0.448,7.5,4,0,1
46107,05143aeb-1bc3-4312-bb2f-ab5c4220e152,1.000,4.0,1,1,1
46108,ff1c4e6f-c50b-428d-850c-7f9efad1f701,0.427,80.8,3,1,1
46109,088581ca-0ea0-4620-808f-a6f314a45285,0.870,45.6,3,1,1
46110,3b454e3f-f83c-4736-b29c-6a20ab92630a,0.691,13.3,4,0,1
46112,462954a4-e33b-499d-a0c2-a6a1e8a61876,0.148,195.5,4,1,1
46113,c4b42628-09b9-410e-984d-fff8232a1b73,0.313,117.9,4,1,1
46114,9201315b-84e7-43df-b531-c6144704ba30,0.236,1.4,5,1,1
46115,71d69774-2324-4cfb-b829-07dabdddf786,0.874,3.9,2,1,1
46124,00e5e5ef-2bc1-4b53-94a8-69ef7a5e23bc,0.368,4.0,4,1,1
46125,18e22d53-e293-4839-b676-0fca7c28c051,0.343,3.3,4,0,1
46126,7e592535-e3bf-40fa-b4fc-c62e882cbaff,0.624,18.0,4,1,1
46127,39df5265-063a-44ad-9d0a-e49c5b10e9b0,0.624,22.3,2,1,1
46131,23f118c1-ccf1-4f3a-96ea-6dc4d9b7a2e8,0.320,13.9,5,1,1
46132,f1d941dc-cafc-4581-a893-30c7e17546f9,0.217,1.1,6,1,1
46135,0b323a7d-e4c9-483a-b5b7-4e79e492eb50,1.000,4.3,1,1,1
46136,5832dbe0-d5de-4641-b51b-270443eab9f1,0.516,1.6,2,1,1
46139,a75748a1-caca-4938-b2a3-53bc9dcaa4e6,1.000,7.7,1,0,1
46142,5ed9aeb4-0a61-4f7b-9487-dea92614b532,0.624,5.6,2,1,1
46143,4f509931-91e9-445c-b887-c0cddbc97f7e,0.505,0.4,4,0,1
46144,b01c08db-81de-4226-843f-0bd649bff175,0.236,19.5,6,1,1
46145,8dc67557-1463-4c72-9173-5683554a9c6c,0.342,12.1,3,1,1
46146,ee9a4e6f-3f8d-4795-92e6-d5e04147f5c6,0.933,6.5,2,1,1
46151,07aeeb72-c315-490c-8bed-6b1e41bcde35,0.481,7.4,4,0,1
46152,11415432-17cb-434c-9bdb-1ec61c8925a2,0.302,109.3,4,1,1
46153,387e66e3-662d-4df4-8ffa-3764ca0c3227,0.179,4.5,6,1,1
46154,dc44685f-97dc-4b91-8a2a-893154158f4d,0.504,2.2,2,1,1
46157,488b71c6-0a9d-4d73-86a9-06ccbc083119,0.320,3.8,4,1,1
46160,fa61a193-9db5-4e16-9237-cb17ae4cdba8,0.550,4.1,3,1,1
46162,e59f246c-76fc-4644-96b7-28c0acef4612,0.987,25.2,3,0,1
46163,3930d5be-f6c8-46d1-a2b5-ca71c1239d28,0.044,229.4,7,1,1
46166,7575c6e9-41ea-42aa-b631-f8aea889dfba,0.364,25.2,4,1,1
46168,990da128-d9ea-4f8a-b7b2-98112c4e507b,1.000,24.4,1,1,1
46169,47e44cfc-cce2-4062-9e36-32fb9ead9d2b,0.825,8.9,2,1,1
46170,f74ccd69-ccfe-4b92-bec8-2d549586fc0c,0.284,6.1,4,0,1
46171,6964bc5c-edf4-4e5f-9171-1ee527a4cba2,0.282,0.2,4,1,1
46172,a9a6243e-306d-46eb-9eaf-5f4f0e514ace,0.472,75.1,5,1,1
46173,906fe5eb-fca8-4b5d-8d64-6eaeb7e503e7,0.354,58.7,3,1,1
46174,b9af39ae-1b54-4061-abfa-e80936b883d2,0.402,7.8,3,1,1
46175,e2148899-7d25-42f0-b76f-513b998f525b,0.353,11.1,3,1,1
46176,ef3159cb-1cfa-4f17-9493-a63aaba36e5b,0.518,27.1,2,1,1
46177,1a919f30-78bf-4a52-bff8-abf2555a7450,0.939,6.9,2,1,1
46179,d630f272-d9a1-41ff-9eac-aee36676e2d7,0.802,7.7,3,1,1
46181,b4c0e8ca-4499-4e7a-8792-aacdc9c25ed2,0.320,72.7,3,1,1
46182,99e86e01-a615-4b8e-aa0d-68dd5b27331e,0.360,25.2,3,1,1
46183,aa89351d-a865-459d-8404-d8230baa3b94,0.221,32.5,5,1,1
46184,28f96477-ea4c-4bb9-94fe-d01b747b38a5,0.221,3.8,5,1,1
46185,cef9fc73-11b7-4ff0-bf11-2c0d19ce5002,0.338,50.7,3,1,1
46186,a8d1e6d8-d3e3-43e0-bf28-d48891ed61d2,0.556,16.9,2,0,1
46187,186ed45e-26c3-40ac-b829-5092d18a2b9a,0.408,8.8,3,1,1
46188,2d443e0c-8f1e-43ce-98c1-6dc03ac84a68,0.271,8.2,4,1,1
46189,ffa8c818-0be3-4a1b-90f4-b969b5b18c99,0.327,4.9,5,1,1
46190,a4f5aff8-df50-465f-9943-12de840f564d,0.375,4.9,4,1,1
46191,2f81f8b9-7198-4b71-9099-02c0a7b75f54,0.364,0.5,3,1,1
46193,43d91985-a489-4921-9427-22089bb0b65f,0.346,12.7,4,1,1
46195,9a9b6b5a-faef-46f9-add2-484bc503ff47,0.676,24.8,4,1,1
46196,8da56793-d581-4257-a819-1befb4455fb2,0.354,17.4,3,1,1
46198,ca59e691-e31d-4e32-9a9c-b606a2eab693,0.478,32.6,2,1,1
46199,555dc7e0-811d-49f6-9b62-7c21d4bd42ad,0.515,1.2,2,1,1
46201,663f4679-b9bb-476f-9891-37bdebededc6,0.516,14.6,3,0,1
46203,5cae4e50-1261-4a83-9358-6fc8944c93cf,0.950,20.2,4,1,1
46204,dabf06dc-f2a4-44cd-ab89-4086351daa99,0.032,436.7,5,0,1
46205,ea250826-717e-41e5-ab7f-e44859c656ee,0.149,146.3,6,1,1
46206,938ab282-30b8-424c-9a24-9d969d3d5b4b,0.238,16.3,7,1,1
46207,81430be2-4887-4642-9a8d-490386f5d73f,0.301,12.7,5,0,1
46208,3b5f28d4-61eb-45c9-a209-2bd0e7e10cea,0.997,1.4,2,0,1
46209,b7f12f5c-d751-49f2-8f3f-18fcc70f44e1,0.915,25.0,3,0,1
46210,9b4555ee-0b47-4211-9a94-f7b94d1939ba,0.270,7.4,4,0,1
46211,41d9ed54-cda5-47b0-a90b-2d158f745e22,0.415,7.4,4,0,1
46212,e7f128f9-dd52-4cb4-bcdb-92d83ca470b0,0.280,25.9,4,1,1
46213,06925855-c195-4822-9ec5-01a80f405743,0.344,2.7,3,1,1
46214,106339f3-f452-4aaa-a5b6-df8472f4520f,0.272,3.6,5,1,1
46215,1cdf8421-40e8-42f8-b3ee-71b4b8ed39af,0.387,0.3,4,1,1
46216,cb5392ec-2880-47a9-9fb1-8e83f1573a4d,0.787,48.4,4,1,1
46217,57fedee6-c949-4f3b-8823-c0d5732f0b9c,0.376,13.9,7,1,1
46218,c66e0293-b048-4fd9-8418-7f4d2520b671,0.238,137.4,6,1,1
46219,18b156b6-570d-4336-8d83-2fc217048677,0.311,4.6,7,1,1
46220,5d98a86b-a5d5-412e-bd9a-2ec760315d3b,0.440,5.0,5,1,1
46221,94d6cdcc-df34-44b4-8f4a-d5e52fefc61b,0.248,196.3,3,1,1
46222,0e3b9308-b3a5-45c9-9cb6-fe4a98335834,0.421,15.7,3,1,1
46223,36475410-d264-4dec-9426-43df4dcde378,0.501,9.6,2,1,1
46224,668d97c5-0c37-43ff-adbb-93ac4e331113,0.268,4.6,6,1,1
46225,0f3412aa-acec-4739-a75b-835e0f43a0bb,0.242,2.0,6,0,1
46226,d75865dc-aa9b-4ae6-9955-4f06960a33d4,0.264,0.8,5,1,1
46227,201a2005-3882-4ea2-95d7-914bde159626,0.255,10.0,8,1,1
46228,cb14b924-3e2e-4df1-a6ec-0d74b7bc4655,0.088,135.9,7,1,1
46229,98c9b28e-d692-4b64-8341-1c1be7646d1d,0.337,7.2,6,0,1
46230,cc88b914-08d3-4b68-b216-4bd90e0c65a1,0.347,10.5,3,1,1
46231,b3ca9b2e-b7d6-46a6-97d8-acdb985b0d57,0.212,7.9,8,1,1
46232,e08af74e-b6d6-4d4b-8524-d5a9af3a3990,0.206,53.1,9,0,1
46233,168b288f-79e9-4fa5-acb4-8c61bce29f5b,0.163,13.8,9,1,1
46236,1817d3db-1226-40d0-be39-42f84657599b,0.395,2.9,3,1,1
46239,f3190093-45e0-461c-acee-3d00d010444b,0.595,4.5,3,1,1
46240,5630677b-6b3d-4879-ade6-19b4c2d6b2f7,0.848,16.1,3,0,1
46243,de07a207-27f7-49d2-9dac-be9bba3b5df3,0.073,230.2,5,0,1
46244,97973455-2837-43f3-9bec-6c63e182475b,0.439,16.3,5,1,1
46248,20fb1e20-64c8-41fa-a2bb-0e467677ced2,0.186,71.2,6,0,1
46249,55ef44c3-acb5-46d3-b0f1-553bfc08fb39,0.209,21.9,7,0,1
46250,e7da172d-fe3b-471d-9026-387298b2243e,0.190,1.3,8,1,1
46251,56ccc0aa-0a97-4ae6-a19b-3de5df613dd5,0.739,21.7,5,0,1
46252,552d46f3-7d3d-4361-b40c-cf40f8309f0d,0.314,33.0,6,1,1
46253,a6c40cbc-14c4-4577-9d70-504cb1ddfd18,0.214,8.4,7,0,1
46254,b4b385b5-bb30-4742-b8c6-264f19425245,0.380,15.7,4,1,1
46258,bb328446-c1e4-4f53-ac43-67dbcd3f766d,0.470,132.3,2,1,1
46261,f389dada-8bab-4401-9f79-d6b7aa797cd0,0.266,22.6,7,0,1
46264,8970a65b-3a26-4e38-b7f4-ce366cd9e599,0.819,12.6,2,1,1
46265,8598535c-f68b-4f0b-bd3c-fa66fbd0fbd7,0.702,12.6,3,0,1
46268,03e447f9-6e39-4ea5-9e3b-8cf6c37616b0,0.305,7.3,7,0,1
46271,93c93d92-6c7c-477f-94fd-cfc186d977f8,0.413,5.2,4,1,1
46274,e5aecaf3-395e-4974-86d8-d54e24313dd4,0.162,212.5,4,1,1
46275,0f7c069e-fe1c-43de-ad5f-029322fd0d35,0.262,72.2,5,1,1
46276,75de9686-6241-49c5-a43e-2a09667a5a21,0.262,0.5,6,0,1
46277,dd4d6363-420a-4908-b5e6-af8a7a4139b6,0.241,4.8,6,1,1
46286,3fb50c2b-d581-4713-91a2-4d8b77531511,0.205,8.0,8,1,1
46287,9d866e4f-116d-473e-b7d5-af84420ba3d9,0.455,4.8,3,1,1
46290,7e447df5-4a30-4ae1-b80b-c51c0d5cdf81,0.373,10.0,5,1,1
46291,b24e1164-d4cb-4986-802e-e742ac78edf7,0.322,5.1,6,1,1
46292,57fe68b6-b835-4a46-8a42-4cb418a38282,0.311,15.7,5,0,1
46293,7ea5f6a1-ab55-41b4-8dfd-a447a370987e,0.259,3.7,4,1,1
46296,58532a29-0f9a-4205-a90e-d6af0ae5605f,0.395,40.5,6,1,1
46299,cde9c043-a08e-4146-87d3-d1901cea9f72,0.248,0.3,5,0,1
46302,c3dddafa-bbf3-444f-a6fc-1c3464cefc57,1.000,138.0,1,1,1
46303,908f5af7-5619-4910-b3c0-edc966cf0926,0.441,146.1,4,1,1
46306,3a40db31-1cd3-4249-828d-0ea052aca3ad,0.766,258.9,2,1,1
46312,1e30dade-d3ea-4a3a-9fd9-572c5ce8e62f,0.898,18.7,3,0,1
46313,d2e65bf2-91cd-4464-8c5a-339a770088c4,0.241,9.4,8,1,1
46314,ea17329b-6265-4b92-a73a-70d668bce674,0.192,1.2,6,0,1
46317,0696d84a-cea9-42de-afab-a72471eb9e16,0.199,0.3,7,0,1
46320,65d137a1-4b93-4d91-8477-19d57385fe7e,0.226,70.1,4,1,1
46321,6d4a597c-b0a9-4159-a0f9-17585716f84a,0.224,5.4,5,0,1
46324,8efd9db0-167b-4c5f-84b8-c58b8fedff6d,0.309,95.3,4,0,1
46325,dce1c770-5c09-4644-a920-eeb2df4a1db1,0.415,5.9,4,1,1
46328,3288ff90-b10c-4a09-a83d-3d0ea7fbe4cd,0.430,7.4,6,1,1
46330,1b10fb9a-370b-492b-a20a-f59779f41661,0.365,7.7,5,1,1
46333,933cc61e-624c-4637-addb-05e3cb0a676a,0.682,17.9,2,1,1
46334,e7efe924-77df-4db0-8c4e-334a3276010e,0.793,21.1,2,1,1
46339,b4fcc46f-7459-44a2-849b-67f87ed86148,0.254,2.7,6,0,1
46342,fd733c65-1fc3-43e0-bf1b-b126daeb7f00,0.400,16.3,3,1,1
46345,7f3a0c7e-2c32-45f3-9935-bad0f3941537,1.000,28.6,1,1,1
46348,43518a82-705b-4f12-8118-1d09e6603697,0.227,25.7,5,0,1
46349,cf0229c4-b2e0-423a-bcd2-482f9f3f9ffa,0.181,6.8,6,1,1
46352,9ce69775-ca19-4e2f-bedb-18ec91aa4d26,0.343,2.2,3,0,1
46355,f00faf4e-dc4e-4d7b-a86e-c272f77febfb,1.000,85.6,1,1,1
46358,742ac6de-48d5-42b5-874e-967d2c1d2e2d,0.251,2.5,9,1,1
46359,8fb09f59-24d2-47ec-b668-83548deecd8d,0.000,793.8,6,1,1
46360,49d14190-0e43-41d4-817d-a8d8c4272460,0.213,50.4,9,1,1
46361,1eec8fd7-a2f7-4bde-97fa-61311cafe1f8,0.318,3.3,6,1,1
46362,8ad256fe-243f-4a52-8713-998bd69e831b,0.853,4.3,4,1,1
46363,5434fea1-7e22-4546-b21e-f79f85c97b23,0.474,160.5,4,1,1
46367,72e16fe8-5ec7-4233-89c2-2fef9a294e69,0.195,7.5,7,0,1
46370,b1960f11-eb07-436c-bad8-bce40de732d0,0.422,25.3,7,0,1
46371,072839ee-a63b-4357-9724-c4a1745ed972,0.237,7.3,7,1,1
46377,7dde88a0-64fb-4fa7-834f-af64cea1a30d,0.356,39.4,4,1,1
46378,2eea693d-3b13-4524-beef-baf3f158cc0c,0.292,0.1,5,1,1
46381,48231aeb-cd5a-43ba-940e-b192f4f65956,0.277,1.7,4,1,1
46384,ae1e5dff-358e-4265-98a4-e991054f22e7,0.359,4.1,3,1,1
46387,6e0b635b-2fe9-423b-9ee2-dfd259ce3e74,0.210,43.1,8,1,1
46388,92b99c6f-c54f-42f9-932f-837589c6dc23,0.195,2.7,8,0,1
46389,1e8b9a96-4481-4e1f-b406-3c8b9275b3cf,0.191,21.0,7,1,1
46392,f5293619-32eb-472d-a716-59293004ed0f,0.489,191.5,3,1,1
46395,77da4665-ae28-4607-90b1-b7096db8c1a6,0.368,66.0,3,1,1
46399,2b6421f8-1f05-4db3-a58a-b72a5271bad6,0.245,20.6,5,0,1
46400,73d630be-762b-462f-8af0-eda3effb3bf8,0.187,2.8,7,0,1
46403,45aadb9e-1a14-473f-8722-52430486d813,0.104,301.2,2,1,1
46404,8ca905b7-4e24-44c3-ad11-b5911606851a,0.881,6.7,2,1,1
46405,0eeeceaa-2768-4465-950f-f9cecf9371e6,0.531,16.1,2,0,1
46408,41d38d95-7dc9-4c2f-a216-61fa38c9160d,0.233,26.2,7,1,1
46409,daaa99ad-5841-4a80-91a4-32f1be53a8ac,0.174,1.7,6,0,1
46412,ab1c0490-98c2-42c5-9941-981a4c9454ba,0.522,7.9,3,1,1
46413,602653fb-aa05-40a9-a46d-59e813bbbe6e,0.501,7.8,2,1,1
46414,19934e2f-f260-4e25-99fa-6909f11e83a9,0.509,9.7,2,1,1
46417,aac1f12f-b10a-43d0-909a-3ce2dfd1fb74,0.518,4.6,2,1,1
46420,e483f8a1-c469-487b-8c10-6ad11e56468f,0.502,11.0,3,0,1
46421,958875be-dccf-453c-ae81-f1c73e8de1db,0.766,18.9,2,1,1
46424,c0f79c23-e2c3-4805-a05f-9649e8c8db6c,0.416,3.2,6,1,1
46425,8e79ec22-b213-4550-ab13-28cb65ebe88d,0.324,3.0,5,0,1
46426,093cf470-17b3-4d0b-afe8-e456c76d8181,0.289,13.3,5,1,1
46427,c434a766-506d-4fca-b349-20ee5e4a2d2c,0.564,1.5,3,1,1
46432,cd053651-1c6e-4c4f-88f4-3410794abfb4,0.675,73.2,5,1,1
46433,55bf2705-5735-4604-9c8e-26367de723ec,0.486,4.2,5,1,1
46436,b102c94d-5da7-419e-9481-72294151a419,0.346,7.3,5,1,1
46437,71a9a0f8-82ed-43e3-bdd0-fc975abaf4dc,0.435,95.0,4,1,1
46438,a151c4f4-f0d2-4231-9edb-fa0354113761,0.281,15.1,5,1,1
46441,1ccbf86e-7804-41fd-af23-c18e333b981d,0.601,12.2,4,1,1
46447,99f5ce6c-78c7-4b4f-9d95-550e36be1acf,0.161,6.5,7,1,1
46450,bfeb5ee2-8bd8-4f69-bf00-3e95c4c7b6a7,0.583,31.8,3,1,1
46451,bd6f1ea0-37e4-4170-8042-1c960db74914,0.858,10.7,2,1,1
46452,30c4e651-cd32-4028-9fad-1b36e25a4e06,0.275,24.1,4,1,1
46455,c6b2d077-1e47-48f1-aeae-f8e2b0352489,0.546,43.1,2,1,1
46458,3b6f9e5a-e1ec-4f95-bffd-70c238014a37,0.351,22.8,4,1,1
46461,3e39001b-de36-449a-a238-412e9623c039,0.536,23.9,3,0,1
46464,a43b0db9-415b-4812-b769-ae5381deabce,0.037,425.7,2,1,1
46465,5ae39459-4aa4-4389-a9bd-5930e7dd4021,0.456,41.8,3,0,1
46468,da4f877f-f031-4941-a9c9-bdab7e234059,0.209,5.7,7,0,1
46469,06225294-2071-42fa-a47e-a88087310f5f,0.262,8.3,5,0,1
46472,8f492106-6c03-48f6-b6ea-55998155aea6,0.620,14.1,3,1,1
46473,d889201d-ae11-4f5f-b718-e31043484a24,0.345,10.9,5,1,1
46476,c52b8828-8e8e-4b2e-a108-eff125bc4ff8,0.206,17.2,7,1,1
46479,cb8660b6-9db4-49f4-87a1-4c76fa62a60d,0.308,10.3,6,0,1
46484,8e15e5ba-28c2-4e33-9cfc-1285c8d238f3,0.668,0.4,2,1,1
46487,a0bc6de2-af63-48ef-a32e-f8e7015d46c1,0.403,9.9,5,0,1
46488,e8e57ddc-d5f4-415a-86c2-bd48a84b62fb,0.298,1.1,4,0,1
46491,46dd001e-7d6f-46f6-bb43-2a6c9804c096,0.967,18.9,2,1,1
46492,56204a9d-7e11-4221-94a6-38c2b3a5d110,0.336,12.8,4,0,1
46495,ca568441-685d-401e-9714-a8263139f92f,0.330,7.8,4,1,1
46496,bfce0949-e9eb-473d-bd56-9d807e86965d,0.612,16.8,2,1,1
46499,9c91df95-9e79-4337-83d6-ff3b3ef8b060,0.362,10.6,4,0,1
46503,47e0355e-59cf-4d72-9473-a65cf9ad33d9,0.284,10.6,4,1,1
46506,eb30c60f-1b4a-4bb1-a703-ac4d2ca9100b,0.505,6.1,3,1,1
46509,e61e278f-ee26-4c84-bf62-eb4044a35659,0.705,1.7,4,0,1
46510,e8ed3295-0704-4b52-ac62-86db24f98d63,0.639,29.4,3,1,1
46513,de49cc4d-1f38-4d0e-8497-976274114cde,0.363,8.7,4,0,1
46516,88b71f04-2b58-4113-874b-847be581a9d2,0.581,10.3,5,1,1
46517,b9536d17-f236-4259-8e5d-175fa418851d,0.365,14.9,5,1,1
46518,c4d728c3-aac5-479d-8e27-7b7fa912660a,0.116,255.1,3,1,1
46519,a3336b3e-ecd0-48a3-8f72-dd8d733acc45,0.522,18.6,4,1,1
46522,101a3761-4ada-42c8-b191-720dc9e72c6d,0.555,0.6,2,1,1
46525,0484a9b8-7fd6-4957-86d2-97f581c70e04,0.437,2.3,4,1,1
46528,be617276-aeb2-4fef-928a-4f9d956ae055,0.507,31.2,2,1,1
46531,29d1504c-8dba-4699-8684-9ca9dd1d67a6,0.908,12.6,2,0,1
46532,a678b197-1883-42b0-99ea-f8fee9a72d15,0.413,10.0,4,0,1
46535,3fa02b6e-49aa-4b3a-83dd-0d0505149f7d,0.738,25.7,2,1,1
46538,91dcae54-2f3c-4869-8620-05d0fe5cdc1c,0.542,11.1,4,0,1
46541,74f0a512-6d00-43b1-b9e1-049d84b842fa,0.491,2.9,3,1,1
46547,a04ad071-bc37-492b-b676-be93740645a0,0.505,6.0,2,1,1
46550,aa14642e-fedd-48ff-b885-a54c2be4cae9,0.396,4.9,4,1,1
46554,11e85f29-dca0-49bf-9ba3-65c1e8955314,0.298,28.5,4,0,1
46557,57f225b9-3421-4116-ace9-38438ce5ccb9,0.987,13.5,2,1,1
46560,13c2b31a-d549-4be2-9972-3bf047d39105,1.000,2.4,1,1,1
46561,00387f30-a802-4abd-b41a-e7b3a0c1c8a9,0.997,332.5,2,1,1
46562,ff9a98c4-c49a-44ee-aa8a-17ab36fb38ba,0.619,40.1,4,0,1
46565,d45f3961-cb7f-4c7f-b863-e59a9d636235,0.521,16.0,3,0,1
46568,80950a47-53f1-49a2-b5df-c59f1de7aa6d,0.261,20.7,7,1,1
46569,ce104e06-9742-4cfa-9172-9b56eb5dc66c,0.231,7.9,7,0,1
46570,42c4fc20-ea83-4524-8c13-35d2e9e47d34,0.729,4.3,3,0,1
46575,7381a39b-099b-4cae-8e7a-27101587af40,1.000,2.4,1,1,1
46576,7ae88cfe-4d24-455b-9e0e-6458cb6d10fe,0.515,3.5,2,1,1
46577,1bb9d69a-134c-49b5-a7a8-9d861521f17e,0.134,404.9,2,0,1
46578,22d5362d-d499-4404-817f-b8bd21fa72ea,0.866,173.9,2,1,1
46579,141253bc-babb-4e1e-8df1-b788b77234a4,0.552,111.2,2,1,1
46580,53eccb99-5d47-4310-a967-c2777200ddb6,0.292,4.0,4,1,1
46583,f4a25937-c65a-42d5-9668-fae79a9dcb04,0.514,6.1,3,1,1
46586,4e39fb77-116b-4b70-9132-3b079ce5a650,0.788,11.5,3,0,1
46589,4232a167-650f-46eb-8030-7a143b517356,0.217,89.2,4,1,1
46590,ff9414d5-b6dc-4638-86a8-e1ae6c0ffc68,0.245,15.5,5,1,1
46593,3511b22e-6664-4ace-984b-8aad24289173,0.370,275.1,2,1,1
46594,24b4c626-f401-4c8b-8cdb-5cc63f8a2f36,0.250,1.5,7,0,1
46595,d46bbe96-fa6c-4c1a-bc1f-112e4fa3f530,0.379,36.4,3,0,1
46598,31d60a6e-8ab5-4b95-88ee-a85b541057f1,0.495,23.1,7,1,1
46599,2f1fa8e2-c44e-48fb-b4fe-dfb71a1d7a80,0.304,22.8,7,0,1
46600,b26d00de-ce01-4e1c-8bbf-ddfb7462f11d,0.309,22.5,6,0,1
46601,b56bae4a-edb0-401a-8c24-63b95e10b1f6,0.305,13.7,5,1,1
46602,5a3a4bf2-6788-4125-ae36-96a882b97a84,0.500,3.2,2,0,1
46603,82c1157b-4c36-47e2-b9c5-3eae47537c09,0.567,4.3,3,1,1
46604,352c6a04-3924-48f8-8ef4-474ad4048b7c,0.495,2.3,5,1,1
46608,7197fa5e-9ae6-4e3f-946d-aba4c500b413,0.392,6.3,4,1,1
46612,a3799b99-04b8-45da-855a-49b447793a3a,0.259,16.3,4,1,1
46615,7a219911-9d56-4dad-b3da-ef2371c00575,0.162,237.3,5,1,1
46616,358e3182-b18a-4757-b24c-3d9a3c04224d,0.130,209.8,7,1,1
46617,b246f1a1-6701-4fec-8328-edf672447dc0,0.308,67.6,8,1,1
46618,ce7b5480-91e1-427b-a431-e339421f546c,0.212,18.8,8,1,1
46619,5f141f0f-edc2-4e0d-be21-0bc4844389af,0.222,23.5,6,1,1
46620,e7020b5d-b9f2-4e3c-8860-2cc08b88b596,0.351,7.7,3,1,1
46625,c600da3f-8b9c-45d6-b199-365e0707c4ce,0.215,0.5,6,1,1
46626,6bf90eda-9c31-4fdb-8478-bb3d5a6115e4,0.294,4.5,5,1,1
46627,9592ad35-5ce3-418b-83b7-a5308bd5765e,0.209,0.1,6,0,1
46630,822357c3-f744-44f3-bfe7-c7d87364f5ac,0.274,45.6,4,1,1
46634,5c05952c-76ff-46fb-851c-12e3623a4b64,0.367,5.4,3,1,1
46637,fbcab7ea-529f-402c-a9a5-46bdf06156d9,1.000,0.9,1,1,1
46640,908fe16e-6c80-4b17-82a5-f609c0efc5d2,0.282,168.0,4,1,1
46641,c293c9f4-eb55-4908-b8ec-9bc6ccbd63f4,0.250,28.7,7,0,1
46642,944fabc1-0dd5-4f6d-8136-e08acc83f9c3,0.200,0.8,7,0,1
46645,3108c8a5-5ecd-4d63-9c54-f20edc2df144,0.459,11.8,4,1,1
46646,01a04e36-5879-4818-9de6-e1189f58fc53,0.289,3.8,5,1,1
46649,fdb60000-3f18-4912-ad92-3685969ab2a5,0.382,1.3,3,1,1
46652,3bd47c4e-c055-40b2-91e2-34a5cc8a884d,0.501,0.9,3,1,1
46662,86e64335-8883-4f1c-ad94-679725446473,0.176,363.1,2,1,1
46663,ba9963a1-62fb-4b75-a27d-6a50cc24a008,0.250,16.3,6,1,1
46668,e2cd7529-6091-4495-bdcd-259c8885afe1,1.000,2.4,1,1,1
46669,fa3133dc-b605-4ccf-8eb8-c9d067c15de1,0.311,3.0,4,1,1
46670,fc68ebb5-f6d0-4bc1-957f-a72b20e2b474,0.330,114.9,5,1,1
46671,d227c03d-d61a-43c5-803d-b59f7426272d,0.342,13.0,5,0,1
46673,c3d9977c-65ac-4120-978f-845e10ad2908,0.532,295.8,2,1,1
46674,3e4cedbb-7aea-4c54-a463-d01889f8dadf,0.211,4.2,5,0,1
46675,753abaa2-59b1-4f60-8edc-a5f7d81fbe15,0.280,2.1,5,1,1
46676,bf31c951-67ac-4b21-82d8-293e5107eff1,0.667,7.4,2,0,1
46677,9d2b85c1-4119-4abc-8bb0-e9a9a7d9fcbc,0.539,2.1,2,1,1
46678,c195cc03-5a5f-48cd-890f-50fa4efc0fa5,0.368,7.8,4,0,1
46679,cc05675e-d1ab-4eff-a5c3-634ce7add8af,0.258,14.3,4,0,1
46680,73ff3dd6-d2f3-41f7-95e0-17b443a9055f,0.884,26.3,3,0,1
46681,66216a2c-5a34-476b-8704-b1d5e819278a,0.521,0.6,2,0,1
46682,307f2af8-f091-4d91-ad4b-152c24299965,0.540,274.5,2,1,1
46683,82a1a893-a299-4eb9-b1cd-50489751e9e5,0.456,1.7,6,0,1
46684,deb268d8-d9f1-4961-abf0-187c9df7d29f,0.188,94.1,5,1,1
46685,73dd62b0-c95a-499d-8a42-62075ede11e5,0.378,13.0,5,0,1
46686,72132bca-5e27-4c44-82f3-849467e0ae2f,1.000,26.6,1,1,1
46687,5497cf63-acd3-4841-8d15-3ef33291e8ef,0.328,110.8,3,1,1
46691,caa4966d-82e1-4473-beca-30a99826a73a,0.370,2.7,3,1,1
46692,796a0c2c-f590-4130-a18a-37059113908b,0.724,13.7,2,0,1
46693,ebe1a4a6-dcfc-45d6-82b7-ef5f4513f827,0.412,24.8,3,1,1
46694,1a2fcfad-025f-472a-a7ab-9b6dc761676f,0.988,12.9,2,1,1
46695,effaadca-fb46-451e-9347-022a795b570b,1.000,41.6,1,1,1
46696,0ddd7fe9-8655-48f4-9ede-0f88439e23d5,0.444,10.3,4,1,1
46697,f5321deb-7110-4499-bc5c-49d1ee2c7fa4,0.295,45.2,4,1,1
46698,f5b39413-e910-43f7-aa10-a585ed721f6a,0.236,1.6,5,1,1
46699,68288568-8499-4c71-8ec5-89e25f3c6d5d,1.000,10.2,1,1,1
46700,69199564-0f8c-4292-a947-c6b1d0da0752,1.000,5.5,1,1,1
46701,843743d0-402d-46e2-a271-10ef0cdd1bb0,0.504,2.4,2,1,1
46703,112c5153-899a-4c7c-955d-0954fd81b04d,1.000,184.6,1,1,1
46704,23325581-8c34-4f4b-9843-b896f4c65c20,0.812,16.0,2,1,1
46707,a273db22-9e3c-4ae3-8dea-fa63f87efe05,1.000,16.6,2,1,1
46708,08937a8c-46f1-4b7e-9d73-dd61cf34b0ee,0.999,6.6,2,1,1
46709,346402b5-7eca-4e63-a58d-ddd5f514fb99,0.011,427.3,6,1,1
46710,ac03698b-8ad2-495e-8bd8-ff327b1d40fe,0.630,27.2,6,1,1
46711,63a8b765-6cde-4f81-a321-c3de9b612faf,0.367,22.5,5,0,1
46712,0ee938c2-c6d3-4c99-8f8e-23ab8b1d6024,0.342,3.2,3,1,1
46713,8be759f6-a4c4-4139-8bff-f0052dcda5f9,0.485,29.3,4,1,1
46714,70faa0aa-67cb-41c0-afa2-90a09ae8ab5f,0.727,23.7,4,1,1
46715,c610d5cf-037d-45ac-ad58-e2a54a3ac788,0.419,11.7,4,0,1
46717,d3286adc-4dc3-4595-8271-dc3bb04d37a5,0.218,23.3,7,1,1
46720,6cccf43f-b489-4244-82a3-4be19327087d,0.264,1.7,6,1,1
46721,2ef0ad5c-8305-4662-a526-c552a7328c2d,0.505,2.6,3,1,1
46724,69eb756b-fac7-4230-ac5c-be16a90f8e87,0.293,6.9,7,1,1
46725,839ff072-50ca-4c81-8c5c-1d3692ae12c9,0.374,4.2,6,0,1
46728,68b13258-8a60-453e-8bcc-e035b97c6fa6,0.311,29.2,6,0,1
46729,d41f3119-93f5-45e5-9d19-95906e0f0c9e,0.275,17.0,6,0,1
46732,270574cb-dc1f-483f-af31-3ef82f1314a9,0.214,94.3,6,1,1
46733,4bd8276e-ef5f-4301-81bc-2fc36066103d,0.210,5.0,9,1,1
46734,513077bd-d5eb-4abe-a932-a0d155cc784c,0.297,20.6,6,1,1
46737,9d809ccc-0cf0-47c3-bcb6-5488f4d00c9a,0.250,0.8,7,0,1
46738,5c0b0a7a-d92f-4a4a-9f7b-3247997367ac,0.254,10.3,4,1,1
46741,47089039-8205-4090-864d-4601bac6d1f4,0.155,2.5,8,1,1
46744,05a9e1bb-6411-410a-bb5f-d59472007e05,0.428,210.5,3,1,1
46745,ef1bc42b-d513-4c62-ba09-012ea5d54720,0.300,10.6,5,1,1
46751,9ea50dda-9da2-4cb9-b0cb-6caa504bdb9f,0.578,79.1,5,1,1
46752,511b867b-6ea1-4a2a-9417-be1e38f12b69,0.299,19.7,7,0,1
46755,7204946c-d52e-4c46-8d93-d7e3d5f24b64,0.890,28.9,4,1,1
46756,e813ba62-0b83-48c3-99ef-59f5da4439c0,0.249,106.4,5,1,1
46757,86a74ca0-0127-4a3c-a099-62c35c0dec3e,0.196,1.5,6,0,1
46758,0c63ad14-5ebd-44fe-bf0b-44eca09e3a9a,0.338,36.2,4,1,1
46761,34c4e387-394d-476c-b0eb-9d7be5eef77a,0.293,28.8,4,1,1
46764,bd8f1f82-2c16-4512-96d2-1c6215679302,0.374,9.1,4,1,1
46767,bfde15e6-e31a-498d-9034-4a6de49b6e81,0.356,20.9,8,1,1
46768,54703c2f-e5e4-4a6a-b32f-df57c921bddd,0.159,14.3,8,1,1
46769,7988e3a2-9519-4b85-88a0-c11f2ae1a70e,0.152,4.9,7,0,1
46773,3d24d3be-60f9-41a3-9325-d95b5e057ba8,0.362,0.3,3,1,1
46776,8210d151-afdf-4e67-beb2-201929cd2ee5,0.151,5.7,10,1,1
46779,f9dd7493-281a-47e7-95e6-23d60c551408,0.210,56.3,6,0,1
46780,fdab5ac0-ea1d-4a0c-8e16-c3906382fa80,0.173,5.1,7,1,1
46783,8c87e878-1cdf-40b8-89d4-610b1efa2ac1,0.114,207.5,4,0,1
46784,56c3ea68-99f4-46bd-9d08-5e2f09d668a3,0.225,31.3,6,1,1
46788,43b8f2d8-473b-4b51-a4c6-6356d14cb15e,0.501,73.6,2,1,1
46789,a1f93811-57ee-4ed9-a949-6a037a981a90,0.354,27.9,3,1,1
46795,6e4d1126-058b-4d3f-a287-73e05bd37101,0.710,7.9,2,1,1
46799,0a6cb2f1-1ce1-423e-ac72-5390737b35b4,0.830,27.8,3,1,1
46802,02541b30-a2c3-44f1-9a0d-70986f87f43a,0.262,6.0,4,1,1
46805,0c99c8a1-ca34-4c3c-bd96-d6a6b784acc2,0.288,7.3,5,0,1
46806,91cb0d43-386f-41ac-a250-ec646d215896,0.257,3.2,5,1,1
46808,7a1779e9-68ce-47df-b95f-025284c9553a,0.353,4.7,4,1,1
46816,78fee43e-63e0-4841-9158-3c6237d6b743,0.817,39.8,2,1,1
46817,14b73dcb-4e94-45fe-a833-d163d6714bef,0.519,85.6,2,1,1
46818,15130d59-13b7-4975-b3ce-f0958319c4aa,0.519,1.6,2,1,1
46821,8fe1710b-d29c-43e8-a800-4c1db6a97872,0.743,31.8,2,0,1
46822,42f9637e-d0cc-4357-9c9d-eabb3d1d7f0e,1.000,29.2,1,1,1
46827,c6f50d03-3c53-4e62-b4f1-75beecee716e,0.333,17.5,7,1,1
46828,710f3fa7-2899-45f9-a732-39623ea48395,0.249,4.7,8,0,1
46829,c1eafc69-8866-4e0d-bd6c-fbb0daec5723,0.039,297.4,4,1,1
46830,92ed8be5-6a26-46e5-8530-4d93fa2440ee,0.540,10.1,5,1,1
46833,0f0ae248-ff6b-41bf-8570-ef7cfe5ac9fb,0.553,117.3,2,1,1
46836,d6679131-7895-4fba-a4f2-114b73a0132e,0.287,22.7,6,0,1
46839,c34f8607-d589-4c38-ab75-bd546bacf58b,0.180,3.6,9,1,1
46840,f560d05d-68f8-47e9-862c-cf0141bc8bb3,0.227,7.6,7,1,1
46843,07ed4dc2-0435-4b74-bdd3-40a8b087881a,0.506,4.1,3,1,1
46848,080dbe02-2c3a-4ea5-a504-c453e42cdb6f,0.314,76.6,6,1,1
46849,72da57cc-f221-4391-8cc5-9dfcde49a7bd,0.355,13.1,6,1,1
46850,a5af6a7c-06b4-4ec2-9537-6a3a2790ee74,0.167,16.4,7,1,1
46853,d63ff979-6738-40b8-b51e-759962d22413,0.210,222.5,3,1,1
46854,29d42a60-cc88-4b80-ae69-dec15add4993,0.566,0.3,4,1,1
46856,376e61e0-3319-4b45-a8b1-614ecd634882,0.529,26.6,4,0,1
46857,dec9c53f-02db-4d76-8133-c252c394eba9,0.432,5.7,5,0,1
46860,a40ac153-8f45-4cf3-8b7f-0503b2857291,0.129,12.4,13,1,1
46861,8f4d47ad-7e46-40c8-aa77-2d8c591eff96,0.360,2.1,8,1,1
46862,c1fa28c5-61dc-4041-8e31-a20f402d1e45,0.252,24.5,7,0,1
46863,2615fe0b-794d-4597-b5aa-04cf7897aa8a,0.221,3.7,6,1,1
46866,a4532515-0a14-4ffa-b48b-0223687bc7bc,0.973,214.7,2,1,1
46867,60743fff-3886-4d94-832e-82729690c706,0.435,14.8,5,1,1
46868,f9d70e2b-3e3e-4a75-9f10-c35af671e410,0.525,144.8,3,1,1
46869,d9a088d1-39ee-4270-b8b6-1d91ca58b3a3,0.260,3.4,6,0,1
46870,e45263c7-f1bc-4276-b997-403505fce2a6,0.311,3.8,4,0,1
46873,5831c9bf-30d0-42ca-bc26-0812e5b14c25,0.268,19.0,6,1,1
46874,153b0f2a-b06e-4c9b-aeb5-af0c77cc6804,0.244,5.4,5,1,1
46877,c8288bec-09c9-42b5-9634-454d847c866c,0.484,76.6,3,1,1
46878,55b65323-8b52-490f-b0be-ccea4bb7aaab,0.510,4.8,3,0,1
46881,0725e80b-f5ad-4126-849d-c13d0c42a2af,0.514,59.1,6,1,1
46882,45e6051d-0147-4cc9-a51f-0db4c32cd077,0.244,11.3,7,1,1
46883,dde8d6d7-3b0b-4da4-a1b9-bec20b3622a8,0.618,14.9,3,0,1
46886,687154c7-4200-48a0-bb70-0b9ea84ab303,0.289,110.7,4,0,1
46889,eaeb69c3-ec2f-4f93-99a6-88ad0261a344,1.000,60.1,1,1,1
46892,6f6f2f23-8944-4da5-89a8-388f28d3edda,0.148,5.5,7,0,1
46895,988be03c-3335-4bee-87cc-2396b4978e6a,0.266,0.0,4,1,1
46899,5162835f-4ccd-47cc-9a6c-9be3825b0892,0.886,18.0,2,1,1
46900,1b18cb9f-e2f9-47a0-b480-5b7c491eec02,0.248,5.4,5,0,1
46901,e3216f95-2bde-4713-88b6-7592a4baf0a8,0.525,6.5,2,1,1
46904,ce0c0285-2bd6-4a79-ae09-e2845cc534a4,0.626,12.8,2,0,1
46907,4b63ded5-d2e8-48db-b7e0-6a3e821311ac,0.528,5.0,2,1,1
46910,42c02d38-7ac6-4a9f-9925-051e0d1f82a6,1.000,32.0,1,1,1
46911,624af002-9efd-47ae-bcc4-5c8dd128d2fe,0.828,5.3,3,0,1
46912,4874c8a6-5811-43b2-979b-6577963ed14e,0.349,75.4,4,1,1
46913,63d743a6-e7fc-47b2-ba72-b86b9bdd2a42,0.208,3.0,6,1,1
46914,f880492f-86aa-4bbf-85f0-ae755750982b,0.205,4.5,6,1,1
46917,da31a6d0-a006-4846-9678-232899dc54e8,0.568,2.9,2,1,1
46918,ceecf9b0-75c7-4dec-b2b3-ebe95dad6efa,0.353,1.5,6,0,1
46919,120e0c7e-e609-4e9f-b74c-0e33ad467033,0.342,4.2,4,1,1
46920,93b2ffba-c056-46dd-8fe8-f162e252cf3e,0.237,2.7,5,1,1
46921,d58a3483-0e52-49a8-8127-47716b32d6f6,0.503,2.6,2,0,1
46922,dbc3e4ac-6e0f-4524-9ee8-d058ba0d8d0b,0.977,296.8,2,1,1
46923,9bb0f9ab-6bb5-4315-bd19-bdfde9f3e5cb,0.169,72.2,7,1,1
46924,5211af7d-0938-4adc-81d2-6a6cf818da5b,0.144,0.2,9,0,1
46925,ed086610-dac1-4424-b13e-2c9f6a9b8dde,0.380,13.2,6,1,1
46926,7e0be479-4e6e-428a-9a43-7d18e39445a4,0.386,16.9,5,0,1
46927,c4f8030d-41c5-45bb-9f77-067298786eb0,0.354,8.5,3,1,1
46930,699fc5eb-c08c-4960-b13a-c84ebf227406,1.000,185.5,1,1,1
46931,c6d68ca0-b729-4c0b-9a92-43fb5b6e70ae,0.227,16.3,5,0,1
46932,9c0ad97f-d4d3-4e94-9108-686b4fc645e3,0.246,6.6,5,1,1
46933,e4c679ee-9424-4d0c-b51e-4518b235199b,0.273,11.1,4,1,1
46936,e18508e0-c671-4483-b861-6270ee6da8b9,0.354,7.0,3,1,1
46937,21d4a285-e6f8-4718-bca0-d4a9d7883681,1.000,5.3,1,1,1
46938,e1021009-b575-495e-b47b-54f4a3a3879c,0.233,7.6,7,0,1
46939,f7b2702b-1f25-44da-9f2e-65dd3f001c11,1.000,8.7,1,1,1
46940,2bb6844d-57af-4255-8f30-ac9a9ecbd7e7,0.289,13.0,4,0,1
46941,b1ac7cbe-ec07-43be-b750-4815127f2b23,0.372,3.4,5,1,1
46942,a65cbeae-71cb-48a7-a167-1b2e43ffa6e3,0.516,29.9,3,1,1
46943,1ce2ba16-0559-4649-8579-5e41652a5493,0.515,20.3,2,1,1
46945,21726e0e-acf8-4498-a43b-e46a21359b78,0.548,13.5,3,1,1
46946,a36b07a1-99c7-4a40-8a16-0d34c8a59af6,0.630,8.9,2,1,1
46948,db937182-03e4-48e8-a9d6-a5368b09d036,0.912,17.0,3,1,1
46949,1d208e1c-5487-4996-acae-46e434d60441,0.147,244.9,3,1,1
46950,a8b81334-4845-4680-9b77-3182de279a4d,0.339,24.4,8,0,1
46951,eac2d6e7-a2af-4c23-8c7c-64eff9c7c2e3,0.436,24.7,6,0,1
46952,562de952-ff31-49ac-b226-855b47ed7504,0.291,6.0,7,1,1
46953,22553424-3e1a-4575-93ed-cc99ced0c0ce,0.293,12.0,5,1,1
46954,586afcaa-bf6b-4414-a79d-13bf8afcb0bc,0.273,6.2,5,1,1
46960,15ce51e3-ff4f-4d25-b5b6-af798086c5f8,0.397,78.6,2,1,1
46961,8d80ce9d-85c6-4eb1-a1be-2d98d6d2a969,0.603,1.2,2,0,1
46964,95e4c20b-ca7e-47b5-801f-668a0d33c2cf,0.566,6.1,2,1,1
46967,14eb0c90-8490-44e9-9f91-2a08fe9daa76,1.000,118.1,1,1,1
46972,411670ea-e8ae-467c-8d76-46c5e996a311,0.726,22.0,3,0,1
46975,86d35ff5-863c-4ca4-9a88-50f3956e7ebc,0.168,0.6,9,1,1
46976,56783c98-0f21-4fc6-97fa-fb7d778be33d,0.247,38.0,5,0,1
46979,121f04ea-e031-4225-b657-4f6024579374,0.823,10.6,3,0,1
46982,20b078b5-39c3-4190-8378-22881144fd1e,0.340,3.4,3,1,1
46985,87979a86-0fe6-4bf6-ab41-bac61d0c32c4,0.611,32.1,2,1,1
46987,2f917fdb-8ef6-49ff-9124-629f0543ee84,0.339,2.9,4,1,1
46988,38d17b17-b0fe-482b-ad96-bff3eec04724,0.548,1.9,2,1,1
46994,d943058f-4b93-446a-941b-9ffb5d431410,0.163,7.1,7,0,1
47002,54a4f171-3fa4-4ba3-8831-fdc0a80c6d11,0.912,26.1,3,1,1
47005,76114b63-37f4-4cba-91c2-68af64f096dd,0.357,3.9,6,0,1
47006,60a60118-5866-4a0a-9dd6-aa69eb62f29f,0.499,18.0,5,1,1
47009,11ee641b-29ad-4ec4-bbdd-9ae383b42568,0.183,23.2,9,0,1
47012,430cb4af-0136-4f23-961f-f4f14102a3f6,0.250,21.9,6,0,1
47015,7e75279a-4b49-4400-a338-7c0c1fbba25b,0.502,22.6,2,1,1
47019,ecaa41c3-26c0-48f7-97bc-f5833cb639c6,0.092,212.0,4,1,1
47020,9961050f-f4f1-4bd6-8592-13dee0208c08,0.333,4.4,6,0,1
47021,7613d491-d8e5-40ae-8acc-c745aded3671,0.414,0.2,6,0,1
47022,2bdebbd2-4451-4020-a115-7f24febf669f,0.141,133.9,5,1,1
47023,b6170ee0-2e30-43a6-a908-d3a47d903c3a,0.273,12.9,4,1,1
47026,e9e522d8-bef7-46fd-a363-ab48e9b3acb4,0.338,9.9,7,0,1
47027,f680c0d4-a274-4f37-b6ed-220b314ac16b,0.257,3.9,8,0,1
47028,b48711dc-1791-4839-9a70-3ca86fd844aa,0.239,5.2,6,1,1
47029,e03c05ba-a429-4b5d-9fd9-a29a41699726,0.373,9.6,4,0,1
47032,0aad0fb9-6db1-44a3-9db2-eb620b496b24,0.281,111.5,4,1,1
47033,58d6813f-5183-46ee-aa51-09e138a1f633,0.226,17.3,8,0,1
47036,8b577e80-0065-48df-b95a-042320202290,1.000,227.2,1,1,1
47039,ac57cbdb-dffe-4063-84b4-724d1edb2103,0.122,239.4,5,1,1
47040,e17ad415-1451-4bb6-af51-0789231c1a02,0.504,8.5,5,1,1
47041,fb47c6d2-d164-45db-b4f8-82783ee68d29,0.416,30.5,5,0,1
47043,0b0b28ed-5d57-4d69-b422-f8a3288557fa,0.381,1.4,6,1,1
47045,69374c99-b42b-46f8-b92e-5fecae28bc3b,0.246,2.1,7,0,1
47050,8a842b20-2651-45c5-a4d0-14574e39d97a,0.421,29.0,7,0,1
47051,23f2c363-a97a-4c80-a901-944330eea571,0.316,16.4,7,1,1
47052,1ffc85a6-baa1-4ff0-8b52-264b2d33ee8b,0.497,4.6,5,1,1
47053,8a2b5f2a-eaa0-430a-9510-8b2c6e7dc9d7,0.752,72.7,3,1,1
47056,d0f15dbd-355c-4f19-9597-47fb8ce43010,0.215,0.1,6,0,1
47057,2d60fc26-3ed5-4406-8d1c-f861e8d27f11,0.477,12.0,3,0,1
47061,24208d4e-efc5-4c72-b687-57e6a893dd09,0.393,4.4,3,1,1
47064,0992b390-f053-4752-8b5c-4fea728a19af,0.263,12.6,7,1,1
47065,4c28f39a-577d-4e5c-8130-0cdec44311bc,0.287,24.9,6,1,1
47066,dcf7b8aa-a803-4458-b167-ed03947c9c40,0.123,6.7,10,1,1
47067,f31a1852-dc18-4f4c-b558-4ef5e74588cd,0.137,4.6,9,1,1
47068,484e372c-02b9-426b-9036-6edab8de1475,0.203,176.0,5,1,1
47071,76fc687d-6b22-494f-bd62-74fc6ebfccc6,0.898,35.9,3,0,1
47074,12104a1e-beb7-4bae-a5ae-3f93221fd99b,0.275,303.4,2,1,1
47075,5977f222-f43f-4e90-9f1d-9752976a0391,0.264,169.2,3,1,1
47078,cc4dd0c0-1994-40ca-b6d9-36ea92a0923f,0.973,20.0,4,1,1
47081,deafe47e-3d69-4009-8790-0523a2f7eabc,0.210,173.1,5,1,1
47084,2595878f-3ead-470c-a545-6240dffbec30,0.262,19.0,6,1,1
47091,68643115-4657-44a8-a863-2b3ac3509267,0.220,6.8,10,0,1
47097,ff396d35-8f44-472e-bb89-2334d575ab95,0.062,402.0,3,1,1
47098,a0544c03-1a29-41d9-a0b1-854f09085e12,0.866,43.1,4,0,1
47101,e95d1041-acbe-4731-a9dd-5d1a1b5029d9,0.331,10.4,6,1,1
47102,bb51fd69-fe26-483d-807a-a834f2ebef2b,0.207,10.8,6,1,1
47105,203646e2-3438-492e-a40e-ac68043c0b93,0.341,52.8,3,0,1
47108,17f5fb21-9002-4d7f-96be-31eae2ac35ae,0.223,24.4,7,0,1
47109,42a95202-a337-4f40-9fef-eb38332fdade,0.372,10.7,5,0,1
47110,590f5c1b-c5ef-4195-bf18-1bd880887a5c,0.334,5.7,5,0,1
47112,6e7b7425-21de-4239-9a28-78a143778c97,0.335,129.9,3,1,1
47113,3a0c0155-1e11-4edf-ac18-b3da26165a90,0.456,1.2,3,1,1
47114,d6229b2c-d7d6-4a03-aa31-7c2d255aa343,0.486,7.0,3,1,1
47117,d487c1ad-ef23-458b-a77b-2bb5b62ee8f3,0.307,18.6,4,1,1
47118,3038e5f3-56c7-4df3-972f-d2a1fd7e31d2,0.305,25.9,8,0,1
47119,e016407c-be37-473b-adc5-e26326fa18c6,0.158,6.9,9,0,1
47120,69efb326-7ad3-4298-9658-9676109afead,0.521,32.5,2,0,1
47121,c77c07f6-d5e4-4ddc-bd5e-3f195e2f884f,0.232,4.4,5,0,1
47123,66c5fbb7-20b7-4e44-aebd-a98c67ba8b7e,0.223,2.6,7,1,1
47124,9baae0b9-330f-4ec0-b94f-e0c73e165b66,0.212,3.4,7,0,1
47125,7adfafd9-a5cb-444a-bfee-a8ffc8e01151,0.963,3.6,2,1,1
47126,3f99128a-f51c-43f3-9cdb-fef62a8fe90b,0.441,10.4,4,1,1
47149,0dccb603-7f6d-4c0a-9678-509d077a9668,0.291,3.6,6,1,1
47150,40db6daf-b387-4713-8525-f87f9b5e6184,0.170,0.2,7,1,1
47153,0f7be3c6-187e-42d0-8552-eaa40296acfd,0.314,3.7,4,0,1
47156,62c20b36-b39d-49ee-994e-2ef570be2bc2,0.357,41.7,6,1,1
47157,40050e4a-cf43-4f18-8838-82903dd0ca3f,0.232,7.9,8,0,1
47160,82731363-f1e3-4e2c-9e0b-7ab7d3da240b,0.370,11.8,8,1,1
47161,ceecccb8-2c60-4286-8c5a-632800d38552,0.191,7.2,8,1,1
47162,e47ebe9b-f2b0-4d7e-accf-3eecf1dcd449,0.331,10.1,4,1,1
47165,0dbe2893-cf74-4412-90bf-ae865e046a17,1.000,8.9,2,1,1
47168,e75b9e42-54cc-4ffc-819f-99ac0560917c,0.361,2.5,5,1,1
47171,2319016c-dc75-4a79-bb36-73b9c32bf8b1,0.310,9.4,5,1,1
47172,bf6034f8-d022-407d-8a4b-b48101a75c4b,0.944,8.3,2,0,1
47175,76141a0a-c01c-465b-8e28-a4fe3f04f92b,0.526,9.7,2,0,1
47178,9fff0f7e-fbb4-42ad-a22e-4a2227a23fee,0.521,11.5,3,0,1
47181,d0ee6184-ed0d-4031-9815-6692c4ca47bc,0.329,2.1,4,1,1
47184,62f28d4e-d690-419d-86b8-910c32e21f82,0.397,26.0,3,1,1
47191,407070ac-79c8-4eae-b876-9c09f1166c81,0.533,9.5,3,1,1
47192,d27c2c1b-d048-4744-b3ad-8f6ae495e5fa,0.316,18.0,4,0,1
47193,fc8839cb-c760-44ae-a9c7-5d320012a2f8,0.532,5.7,2,1,1
47194,5d55074f-7882-4227-b52a-1e214ce2f615,0.491,3.6,5,1,1
47195,652eb851-382d-4466-8451-7aacee8275fd,0.663,335.2,2,1,1
47196,52b16a62-3080-4cff-b9c9-20d08814da03,0.316,24.5,5,0,1
47197,ad3b1774-b654-4e86-adb5-541a9fe3a81b,0.367,10.2,4,1,1
47198,d02cae57-b662-44ad-9f4d-58df649595ea,0.687,16.9,2,1,1
47199,bc2f268a-2653-4cdf-9f85-b4c17ced325c,1.000,13.3,1,1,1
47204,05d557bb-c978-4825-8373-44cce60a7fcd,0.336,6.0,4,0,1
47207,381703ac-fbc5-43f5-aef2-17a08204aa62,0.284,1.8,4,0,1
47210,e0a4f339-8fb4-4b44-946a-820a77d5a0d4,0.386,38.5,4,1,1
47213,a594ed1a-92ae-498a-aae3-48a9e4936099,0.833,0.4,2,1,1
47214,fe759caa-4aa6-436a-89f3-249e38baa530,0.494,4.0,3,1,1
47217,86952e71-81f2-493b-a935-bd0b9d4cd2ae,0.904,0.6,2,1,1
47218,4bcf139e-04c6-40fb-9da2-95f78ea88687,0.441,17.1,3,0,1
47219,b307e8b8-72d8-41bd-9271-ca5e3657db20,0.945,89.4,3,1,1
47222,3b095231-5c5e-4251-8d87-43442235f938,0.255,0.7,10,1,1
47225,929535e5-5198-4290-8e6c-009357b25167,0.303,1.8,4,1,1
47226,82279959-30f1-4794-9d6a-f07c96a042e7,1.000,19.7,1,1,1
47230,92e33a27-094e-484b-888c-53e3b81c8de6,0.202,26.4,7,1,1
47233,90396720-412f-4816-91fb-89f9faf3b08f,0.564,3.7,4,0,1
47234,68ec5339-f45d-4044-927e-9bdc9d47a822,0.471,23.9,8,1,1
47235,e81f2a9e-abe1-4a36-88e2-1db048379027,0.238,83.4,8,0,1
47239,4fab714d-c0cc-46b4-9921-63e90139585c,0.526,8.0,3,0,1
47241,e40d57aa-c740-4bee-9f48-02d8036f7e01,0.770,23.2,3,1,1
47242,c7a672b7-c65b-48d1-a21c-e0275439780e,0.357,2.9,4,1,1
47243,b6c6d984-b611-4074-927b-3a54e04ae6a4,0.317,18.9,4,1,1
47244,535696f4-0f67-424c-86f5-01eb1082ae04,0.365,44.4,5,1,1
47245,fdc4116f-0e97-478f-87d9-0812db00419e,0.294,3.9,6,1,1
47246,78df9764-4a0f-4e76-9717-07183bb3b87f,0.294,6.4,6,0,1
47249,b7a8195b-6af3-4946-a8a0-94b5bb61b758,0.187,5.5,6,0,1
47252,ada95a76-062b-4fde-863a-befb16bea179,0.970,7.1,3,0,1
47255,d171d5e1-beae-4c3e-b34c-ed35a5ff4fbb,0.346,10.4,5,1,1
47256,d1dae1e0-130a-4c06-b095-5e14ccea380d,0.322,1.7,5,1,1
47259,d39f66e1-0fab-46f2-8d3e-c1b7a45897bf,1.000,4.1,1,1,1
47263,59d0c9e9-5a85-46ed-9eac-44a27e18ac6d,0.609,5.4,3,1,1
47264,b81d2695-404b-4278-867b-eb3eee7d4de9,0.987,21.9,2,1,1
47265,1877e79d-1592-4f94-8168-4bdb703bb778,0.139,275.0,2,1,1
47266,13ce6b0e-6b8a-446d-a7e4-4b44c5fd725c,0.861,20.8,2,1,1
47267,7fe9e1bc-d70c-4761-8d01-6063dd9f6b40,0.609,5.1,3,0,1
47268,e8920b9b-f69c-4901-ad76-b515b4b0f496,0.287,21.8,4,0,1
47271,05348b9c-aaf1-4fd4-9310-f82dec0c8873,0.381,8.2,3,0,1
47272,06de65b0-9612-4e50-a85e-cf5446c9f089,0.279,7.1,4,1,1
47278,46307ce1-5766-45a5-a5cd-7df5b3d68a03,0.451,12.0,6,1,1
47279,36709378-8f4c-4839-9ca0-fc0fee5439f8,0.600,12.7,6,0,1
47280,484fd7ff-a7bd-42b6-9ad8-ed96fa3f0de9,0.250,8.9,6,1,1
47281,d6b90b14-8a49-4c1b-bfdb-3e96b0ae4342,0.309,9.0,4,0,1
47284,b7fea160-8614-4167-81a9-feeae41c2c9b,0.523,2.1,2,1,1
47287,984cf8b6-6814-4eb1-825e-4b987aa5f8a7,0.931,9.4,2,1,1
47288,9fcbcf00-03e0-4463-835d-b242c9601248,0.671,8.0,2,1,1
47296,b3c398ed-3b11-4167-92de-98e7f3212cfe,0.505,7.0,2,1,1
47297,fdaba7fc-becc-44cf-992f-3367c58a5808,0.356,3.7,3,0,1
47298,9122a16e-7601-4e0b-8fec-ef2aa64e6fd0,0.973,4.9,2,1,1
47299,8fdb31fe-0c5b-455f-92c1-9b6773f13cd1,0.560,6.3,2,1,1
47300,38471983-eff2-4aa0-84a7-091548c5f6d4,0.125,7.3,9,1,1
47301,9adadb9f-36db-402f-ab44-b0031ae7af15,0.504,36.0,2,1,1
47302,6f796894-d6ef-429a-af61-e49b3b984635,0.591,6.5,2,1,1
47303,254e4a9c-3985-4228-ad35-b6919918daed,0.400,48.0,3,1,1
47304,9c308bb9-a708-45cb-82f7-04628a07507e,0.551,5.0,2,1,1
47305,39ebf9bc-a70f-45df-949c-9f32cbb9f56f,0.749,19.1,2,1,1
47306,f480c69b-2b39-472a-9ac7-3df828bd3fda,0.205,6.4,6,0,1
47307,2514792d-de80-409b-8fc4-4c1a47df4621,0.127,1.5,10,1,1
47309,903d2443-3327-41b0-a372-93a6b1c5316c,1.000,9.1,1,1,1
47310,93b5087d-96ea-49d7-839d-4412d04985e7,0.591,6.8,2,1,1
47311,e8284758-65f3-404d-bbbb-9fef7d27364c,0.966,2.3,2,0,1
47313,1f535acf-2c25-4f50-a863-955d4f3f7b94,0.372,4.6,3,1,1
47314,c68aa6e4-229c-47d1-9757-049d9f3e3687,0.508,4.3,3,0,1
47317,9426152a-b520-423b-94f1-4fcccf1e718a,0.229,58.4,5,1,1
47318,fd2f73cf-a4c5-4c32-9cab-d1f98b233532,0.278,2.8,5,1,1
47321,52c81269-5287-4d07-b1f1-33b98b598f2e,0.931,6.7,3,1,1
47324,7c1045ea-07a3-4167-be16-5b0dc39e58e8,0.325,13.4,4,1,1
47325,22c38ccf-d826-491e-9335-5e3d18e01452,0.277,2.3,4,1,1
47331,833666cd-6f84-4003-b682-a0ef1900786b,1.000,18.7,1,1,1
47334,de8dfcca-be79-411f-95e6-69bff9821e4f,0.991,7.1,3,0,1
47336,d50a77b0-3aaf-413e-9ea7-8a1531a824ff,0.148,289.0,5,1,1
47337,4adfdeab-ec9a-45ae-9f35-c775e67676f9,0.093,149.6,7,0,1
47338,b7e8fe3c-b907-44ab-89d5-9ffcf2ef4132,0.197,4.9,9,0,1
47341,407f97d7-5aa2-48d6-a57b-f14436a9c020,0.533,41.1,3,0,1
47345,704b6bbf-6183-4ac0-ab16-bb78f31addd4,0.303,39.1,5,0,1
47353,f7fbfafd-d562-49c1-a4f9-244335fe4821,0.966,70.4,2,0,1
47356,4726886c-a124-4897-8021-5a26e219fb8c,0.372,1.6,3,1,1
47358,f0da4230-50af-42a7-8c9f-70a49a431ac0,0.178,41.6,6,1,1
47359,baaa2dac-b1c4-48a8-882a-a619efd15444,0.968,19.0,3,1,1
47360,f69a4d4e-6174-4704-8f0e-8fc73c4d7d21,0.380,286.8,3,1,1
47361,28d1bb0a-f512-40a4-9f53-80d84bc754ce,0.411,32.5,5,1,1
47362,94350fba-1559-48f1-8d95-7e274be77b85,0.308,1.0,4,1,1
47363,1bdf9480-4dcd-4571-aad6-a161b7e3d7a8,0.240,4.1,5,1,1
47365,0571de73-dadf-42ac-a4cb-fa4af9decf28,0.899,8.5,4,1,1
47366,db5b8e21-7163-4e35-a072-b76a05cd3618,0.330,40.7,5,0,1
47367,9a9add27-4ce9-47f3-b4e6-8f538e4b50bc,0.385,109.1,3,1,1
47368,ab8fef35-a7e3-43b2-b9c9-842fdc7c8cee,0.577,35.0,2,1,1
47369,6988cc94-ebf2-4a0e-a5db-4c8890da645d,0.389,11.9,3,1,1
47370,1ed664d8-d725-4860-a53c-95b3e8fa28d3,0.554,6.2,2,1,1
47371,13d8b228-4bc0-4960-8357-72ed0a2d8b3e,0.698,7.7,2,1,1
47372,99a95999-b563-416a-86e9-9ca2eb613c0c,0.241,3.7,5,0,1
47373,314dfd54-6b10-4b50-b5cd-4745f1d0a5aa,0.457,0.7,3,0,1
47375,d351a0dc-33b2-47b2-8f79-25ff95210481,0.636,144.5,2,0,1
47376,b6d8ac3c-9f01-48ad-a0fe-be326fb45c94,0.332,12.3,5,1,1
47380,449b8914-8008-477c-8dc0-f94402cc4d9e,0.457,26.7,4,0,1
47381,22fc0a11-4357-47de-88b0-fbd54129e3cf,0.643,18.0,3,1,1
47382,37ade6d7-cb49-43d5-954e-ee8cc003f7fd,0.571,24.4,3,1,1
47385,8769a3bb-b6be-44f4-9238-742135082f44,1.000,359.2,1,1,1
47388,53f3a14f-d90a-4eed-b019-76243e61c27b,0.398,14.9,5,1,1
47389,7e2c0b76-3186-4aa4-b44d-33d92b6e6c5a,0.266,6.9,6,0,1
47390,478dc799-d62c-49e3-8e4d-0b67a0684920,0.433,9.1,5,1,1
47391,3364e3f8-1228-4ea9-83fb-13c5aa3f1f35,0.406,10.8,4,0,1
47396,e9a5cfef-a423-46a7-b87f-12fbeacb693f,0.310,40.7,4,0,1
47399,9ef14e6b-9fdb-459a-b5dc-515a826af382,0.479,7.0,4,1,1
47400,70b8d594-ff84-4440-8a85-e380fefaf8d8,0.156,331.3,2,1,1
47401,035ab1eb-e747-4edb-bac6-04ca827f8176,0.291,7.5,7,1,1
47402,8f86b5a3-9f63-433b-af01-e17bbc95de21,0.352,3.4,5,1,1
47405,a852ae62-a277-4436-8bb0-2f097d8ce18c,0.512,5.9,2,1,1
47408,dce72263-c4dc-43f6-bcea-6c793dcf382d,0.257,20.9,5,0,1
47412,40b92d7a-2929-405e-901d-ba34b056d49c,0.682,11.2,2,1,1
47413,2fee627a-2c9c-476a-b2ed-d096441fc70c,0.863,0.7,2,1,1
47415,27cd418c-92b5-4e37-9097-f92bbeb4bb76,1.000,13.6,1,1,1
47418,bbd808db-6530-4bc1-bc1f-849995e50d05,0.256,8.8,8,1,1
47419,430bbfc2-ec6a-4293-9ae3-988fcffb3e08,0.260,19.3,7,1,1
47420,20c53a0a-7a57-4455-99b1-49f35b30a4c3,0.487,75.8,3,1,1
47423,62026ff9-f4b1-475b-abfd-26ae13a33613,0.991,40.0,2,1,1
47425,dbc9e534-96bc-4fa7-aade-c9c0af670dcd,0.902,7.4,2,1,1
47426,483485fb-2227-459d-be27-03e67c6aeab8,0.445,3.4,3,1,1
47435,bd3052b6-88c6-4d4f-9205-0e155e3287a9,0.571,5.8,2,1,1
47440,a1101fe2-4c50-445b-a8bf-2e4d690f1947,0.530,1.7,2,1,1
47444,a166b4dd-7c5d-4ea9-9527-d437844850b4,0.646,6.0,2,1,1
47447,4150de67-34a7-45bf-97eb-aea46c0ce377,0.356,14.1,3,1,1
47450,886df8e3-e05d-4eb7-9bdb-27c63f061afc,0.525,9.3,2,1,1
47453,1b220c0d-9e5e-4d33-a2db-859095f59cfa,0.350,13.2,3,1,1
47457,4d3eab51-9b3d-4fd4-9099-51e9622fcb90,0.532,104.3,2,1,1
47458,9d987abe-4ba1-42cc-897a-38a6488706b8,0.352,0.4,3,0,1
47461,fe4cb768-eeab-4691-8076-8bf531ee8b3f,0.512,7.6,2,1,1
47464,2c66eabd-ff74-4286-8e73-a02ab54cca78,0.864,14.2,2,0,1
47467,c186f10b-31ee-4cf8-9183-a506be2e9ac0,0.908,80.6,2,1,1
47468,891f352a-d497-4bb6-88d1-70a6d6863296,0.466,17.1,3,1,1
47469,c6ae889e-997f-4d35-b0fa-ef0e0d47ceee,0.502,5.1,2,1,1
47472,7ec5c6c7-ab13-49e9-bd36-0f36b0f04f46,0.506,15.4,2,0,1
47473,7abc5c80-9b0c-4d40-a6bd-2de846cf3805,0.447,5.0,3,1,1
47476,48ea58c9-b2f0-4de4-8057-d2afee5f6104,0.343,12.9,7,0,1
47477,6c16ac44-e958-4d92-91c0-209ee56b0f92,0.447,1.7,6,1,1
47478,f121acaf-6f4b-4e4f-b96b-534326a1aee0,0.273,106.7,5,1,1
47479,a58f8fdf-2245-4a38-9a93-8ca0d462e0fc,0.253,42.7,6,1,1
47480,a7b0b6f0-e859-4987-bbcb-71ef8821a9b8,0.190,7.4,7,0,1
47484,0220eba3-fa52-48bf-a502-2c86ef938f83,0.209,118.1,5,1,1
47487,3902a92f-b63c-4038-a74b-40bccfdaf48b,0.660,0.6,4,0,1
47490,c91dc288-dc9c-4000-8bc5-3179ad1e817b,0.390,68.9,5,1,1
47491,ed11f992-2277-42e1-a87e-3eeb1c238cb8,0.251,5.9,8,1,1
47492,8d4fe3bc-6fb6-471d-9636-dd0d0a27697f,0.289,4.4,5,0,1
47493,865aab86-4445-4ff2-87f9-95bc61e31e10,0.435,83.1,2,1,1
47494,93dac848-b2c3-45b6-b324-bcc2116de1b1,0.479,5.4,3,1,1
47495,1f7ed988-6397-4938-ba7b-044ce9d90575,0.592,21.8,2,1,1
47498,72eec69a-96c9-4d3d-9a52-1da0210484af,0.580,5.9,4,1,1
47499,b7f9d782-76fe-4236-9a87-a8b467e0937e,0.576,116.6,3,1,1
47500,92483c3a-3298-40a0-b20e-6722e7ab5964,0.457,17.0,3,1,1
47501,3a130ddd-42bc-4af5-9e53-346761f36142,0.223,1.8,5,0,1
47502,c918a73f-f573-465d-bfc2-c561b95e48a0,0.527,8.9,6,0,1
47503,773ba588-163e-4de6-91ca-3200190e711f,0.484,14.6,6,0,1
47504,96be8d05-7a0e-423c-8d1e-bdd8100d055a,0.225,40.2,6,1,1
47505,9e0d6794-f18a-425a-ae3e-a11b96c4997a,0.199,4.2,6,0,1
47506,38de450a-bb04-494c-92bd-4fe3e818c5b2,0.344,24.7,3,1,1
47507,70774f68-e8ad-40b0-8010-98a82031aba7,0.514,104.9,3,0,1
47508,dbe3c19e-e0a4-499b-852c-1895bee4e427,0.736,4.5,3,0,1
47509,1f3f5ec1-3c32-46e3-b65b-16f43a98bd13,0.781,11.0,2,1,1
47511,7f3bb0f1-11b3-42aa-942d-ccabc15f0a15,0.507,18.8,5,0,1
47512,cfaea1cd-b280-486f-b9af-5fba475d6488,0.965,11.9,4,0,1
47513,d652557b-f936-406f-b811-b786384ad9ce,0.322,17.7,5,1,1
47514,55c3135f-e14a-4a97-b3f7-1a838bde0230,0.257,11.3,4,1,1
47515,6fbafc8d-21a2-43c0-8425-ae17a2cb39bb,0.940,7.7,2,1,1
47516,7049370f-e365-460f-83b3-c165d1d11b4d,0.241,14.1,7,0,1
47517,1f71256a-1f0b-44d2-b646-dc8486fb1cb5,0.597,20.4,4,1,1
47518,7f0ee443-55dd-4b25-b871-5c17b811aa54,0.292,10.8,4,1,1
47520,1d563843-8bc8-4710-8765-c9fbaeb7502a,0.342,5.2,3,1,1
47521,91562b93-67bc-45f1-9007-5eae4f482f8f,0.410,7.7,5,1,1
47522,75d8d2d9-6eb5-433f-b32f-0790c96899ee,0.477,193.9,3,1,1
47523,31b94636-7409-438d-992e-00f6b735dbd1,0.287,12.4,7,1,1
47524,69b89481-872d-46e6-9b76-82437ee22c98,0.320,102.7,5,1,1
47525,850b2b70-9cc4-414c-bb42-d362c0633d55,0.249,9.7,8,1,1
47526,8037a8ce-b651-418c-a935-3e3526b8cbdb,0.399,4.7,6,0,1
47527,d4ff1923-1137-4362-bc65-3e9588c90875,0.248,8.1,5,0,1
47532,42a1dd58-8722-4351-a7b9-b08e562a99a8,0.405,39.2,6,0,1
47535,462e160e-c253-4331-b3a5-91df57f98784,0.356,9.1,5,1,1
47537,82f521ee-da06-4413-a03c-a3d1320cc2aa,0.571,7.0,2,0,1
47538,c78d48b2-ab39-430d-a627-137c762d26c8,1.000,11.0,1,1,1
47542,635b4a46-fe61-41ec-a614-0f86b99205f1,0.009,566.2,2,1,1
47543,85edc9d8-31f2-4dd3-8818-ee28c3afa0d1,0.928,16.9,4,1,1
47546,91162f97-5d32-4882-a24b-bb5fbe0dcc5d,0.350,17.6,5,0,1
47547,adf180f1-f158-433f-b8db-98f08a856512,0.228,2.6,9,0,1
47548,534f6fe6-fe3a-4ba2-ab30-53a055ef2036,0.164,7.3,8,1,1
47549,7713e562-87ce-438f-8d41-890a686777b0,0.286,18.7,4,0,1
47552,9d051e31-cbc6-4987-b6e0-f3a59ef8d640,0.104,237.8,4,1,1
47553,7cfa616c-0aec-49c6-8630-1c29ba68fb4e,0.492,5.4,5,0,1
47554,e0d72092-2068-41da-949f-51a4b9f6ff68,0.431,7.8,5,1,1
47555,e874ecfb-7efe-428f-98f2-d2fdda43ada7,0.359,4.0,5,1,1
47556,13f828fc-69a1-4a7d-93e0-e378e75d55bc,0.251,6.9,6,1,1
47559,69963a9e-4536-46e8-9354-d90a129bcdf0,0.203,2.5,7,1,1
47560,bb40b80d-2eec-4f25-9b18-2bf4d7efb8b0,0.407,7.0,4,1,1
47561,82d4efc4-4e3f-4d28-af9e-5dbca21b2e43,0.347,7.3,3,0,1
47564,9729121d-79e7-4db7-b7b8-33dd181cbdf5,0.359,27.5,5,0,1
47565,4a45d85f-25bd-487f-84a6-d87f315f0898,0.677,5.6,4,1,1
47566,26ff05d7-38c8-4bdd-8852-7f52d3a61187,0.361,8.8,3,1,1
47567,b6de6be7-0625-4105-b775-05de2b62808e,0.607,23.7,3,1,1
47568,7beec310-8c95-462e-ad21-bab5d88547d3,0.515,2.9,3,1,1
47569,59089dd6-306a-4e7a-934a-f3e42a1f3779,0.217,15.0,6,1,1
47570,03bd7181-fb9c-4bac-93d5-37c08b6d720d,0.190,6.6,6,1,1
47571,049482d3-3121-4447-b869-b2905a4dc814,0.230,9.2,7,1,1
47572,07ac7aa3-93aa-42dc-a80f-d2121492e94a,0.139,3.8,8,1,1
47573,4a5c29d6-69f9-4675-aa24-c14a3b3d6815,0.356,29.2,7,1,1
47574,065ae45a-436e-49e1-b442-9f9520eaee03,0.769,10.4,4,1,1
47576,29e28d93-ab13-468b-a6ce-8568ed856a5e,0.296,6.6,7,1,1
47578,704860d5-16fd-439b-8748-956fd125512c,0.415,23.5,5,1,1
47579,5eb701cd-f1c0-4dcd-afde-0837d5095c1f,0.404,2.4,3,1,1
47582,fc45d7a5-062c-460d-83c7-16bbf29ffa3e,0.494,18.6,3,1,1
47583,34957728-a2f3-41e5-a25f-a014c223131e,0.502,14.3,2,1,1
47584,55e29df0-a710-40aa-824e-e924bdaaa062,0.384,23.5,4,0,1
47591,a024104b-7f88-4db8-abce-0b174e9794cc,0.453,9.1,3,1,1
47593,688ef02b-11ce-4bc2-a86a-393fdb4e3367,1.000,70.3,1,1,1
47596,f29a30fd-78c1-4994-9986-0a773423ccce,0.481,4.2,3,1,1
47600,3a0ee51a-f6e5-46a9-959c-02ed39ca132b,0.667,5.7,2,1,1
47601,6fc80e1d-fbf9-4f5a-bc55-2768fb1e14dc,0.376,4.1,3,1,1
47602,340c0c26-fee8-4690-8606-bab499ad565b,0.267,13.6,4,1,1
47605,62128182-5268-4263-8e85-eb7c611790f9,0.352,94.5,3,1,1
47607,1bec3e41-c0ef-40d2-950d-1671527be73d,0.769,62.5,3,0,1
47608,bd6e1b58-a205-4bf6-a346-204d1eb16711,0.502,65.9,3,1,1
47609,f7265b3c-fd9a-4c4c-81eb-1651be49df3b,0.501,5.8,2,1,1
47610,a9ef24f6-4384-4d59-b298-2517c24a325b,0.537,17.4,3,1,1
47611,17af7bbb-1c69-4a64-8483-12cedf74442e,0.379,5.8,3,1,1
47612,f7249517-5bc4-4608-b103-cd663966341c,0.540,18.6,2,1,1
47613,1010c0b4-6331-49c3-a940-101a486fd33d,0.877,5.1,3,1,1
47614,8d915f95-a2e7-4cb6-aa53-308d36e262a4,0.313,15.0,4,0,1
47615,27008e6f-4bd1-4b91-9e3a-df16659d7e20,0.116,138.8,6,0,1
47616,15f0d18b-4e4a-4a2a-9060-cfba053ba1fb,0.186,3.7,9,0,1
47617,86f4aecc-cb86-421f-8113-155a2ff85bd1,0.199,3.7,7,1,1
47618,2ea69aa3-36ba-4861-a9a4-6a2a58100168,0.164,15.4,7,1,1
47619,3055c074-8e2e-4543-9bc5-bdc1c1bc327c,0.355,1.8,4,1,1
47620,8da305f9-6fae-4be2-8b55-8226e88d11fb,0.505,6.4,2,1,1
47621,be1fd85a-70be-45fa-b0cd-ad93a60d522c,0.430,6.8,3,1,1
47622,7b412a4e-4de2-44c1-9dff-d4748fea1c80,0.350,7.4,4,1,1
47623,e3eebf5e-43b6-4d6e-9c3e-56df101ac71a,0.307,15.8,6,0,1
47624,a1e81a48-df62-4d78-bd1d-c234d08fc294,0.189,1.7,9,0,1
47625,c8dc1d9e-fb98-4d13-9f50-d1e1d71f5a5a,0.940,63.3,2,1,1
47627,34a80cc9-6bbd-4fb7-aa87-7704ad9580ec,0.417,18.2,3,1,1
47628,bf75129b-5d16-42d3-954e-f708494c5f7e,0.344,7.3,3,1,1
47629,a2494242-f21e-492a-9b58-6d70a0a362d8,0.273,12.2,5,1,1
47630,8317bff3-d9b4-46de-b545-f25bd3c61a8b,0.458,4.2,4,1,1
47631,3cb2d288-0d8f-453b-950e-e9493a0b19c2,0.563,12.7,3,1,1
47632,58704a20-d9ca-40d7-89b2-a4cafa2e449f,0.209,12.1,8,1,1
47633,57f77439-af1a-4e68-8749-04c70d223fdd,0.214,11.6,7,1,1
47634,493df7c7-c512-430c-8391-a0e25db0c3b1,0.968,4.2,2,1,1
47635,d5efc843-c79b-44f4-9aeb-ca94ed4716f3,0.258,3.1,5,1,1
47636,1b9c6b9c-22b8-4c01-b44e-0aad8354c0cd,0.424,7.3,5,0,1
47637,929ecca2-8ebc-493d-94e6-d8e9626597d4,0.244,6.0,5,1,1
47638,c6d69cc4-bbb1-4f6e-a698-efcc1485d37b,0.185,2.2,6,0,1
47639,36fc02ef-2f74-429a-b8a8-6accc0c0948f,0.997,22.9,2,1,1
47640,bd60a582-1f1f-42eb-9f5a-e0291b4954da,0.062,283.3,3,1,1
47641,9266a890-9ea1-44d7-a9a4-e514cebb9967,0.901,6.4,3,1,1
47642,ae4dd484-3617-40ba-8d3d-f800c8653612,0.259,18.8,7,1,1
47643,b5cdcb3e-453a-401a-8b41-a5c27a95da4c,0.300,1.8,6,1,1
47644,642f95aa-767b-47a8-b474-f00779df5bff,0.524,4.1,3,1,1
47645,f3c7f32c-202d-408c-86ff-6f84539ca070,0.344,64.9,4,1,1
47646,661c01e3-30a5-4105-8990-54445d1588c2,0.363,0.7,3,1,1
47647,76286427-441c-4626-b321-10830bc5ca9a,0.466,15.3,5,1,1
47648,27432970-ca7a-47a2-8545-e857d0210c24,0.348,33.2,4,0,1
47649,2a6453be-5922-4fd6-b164-0c0a6a0cc253,0.233,4.7,5,1,1
47650,c2db383c-fea1-489b-b92d-3f83890cf4dd,0.548,8.9,2,1,1
47651,2e86219c-0750-4a50-aa04-b590be9b8a1f,0.237,14.5,6,0,1
47652,6116b99b-059d-4626-9f79-654496db4e28,0.458,38.4,4,1,1
47653,e06ec1e4-a08d-43ad-96e5-f7d213a3f111,0.321,2.1,4,0,1
47656,be5e77de-8a35-4bec-a2f1-dd1a50829fa7,0.351,11.1,3,1,1
47659,20738a5c-bd67-42f9-b324-71a1fb6e996e,0.219,23.3,8,0,1
47662,62c3ee54-7a73-4bc2-98ed-9d4b692716ba,0.241,5.2,5,1,1
47663,e07e4215-aa0f-4910-b3d2-7093abda8604,0.275,7.2,4,1,1
47664,f49fbb22-cdec-4b8b-b266-da3a3c621c91,0.186,2.6,6,1,1
47668,ad6ce1ca-98f2-421d-9974-4432bc50be6a,0.196,15.7,7,0,1
47669,cb69d255-98ee-4003-95a2-c651c4a5361f,0.519,7.9,3,1,1
47670,cbf7b185-3ed2-42da-b898-e13a21d8a93d,0.265,1.4,5,1,1
47673,f1bee83f-88d8-4452-ba76-b2ef34423001,0.502,0.7,2,1,1
47676,7f3dae82-9db2-45fd-ac04-5a9dbd24a8fa,0.421,29.2,3,1,1
47679,7bb43793-0bf7-458d-b54f-5e9184297b07,0.797,4.2,3,0,1
47682,c37d4370-069a-48d4-8bde-ba594e3248f3,0.213,18.6,5,0,1
47685,5fca8593-2680-424f-9eab-13e30dc6670a,0.517,8.4,2,1,1
47689,48e334a9-8c53-49c2-bc37-6c961fbf08f9,0.590,6.3,3,0,1
47697,cc394322-5cf9-43a8-9fb5-8677d6303731,1.000,25.4,1,1,1
47700,e91c4ef4-c216-4f10-8cad-e6cd1de5fd64,0.334,0.8,4,1,1
47703,25c4ebc4-306a-43c4-a15d-155f73bae4ce,0.716,9.3,2,1,1
47706,c186f949-f303-4076-9555-cd9294f48408,0.473,24.3,3,1,1
47709,1a88a2b0-c789-4a4c-ba1f-5c74dd26c3ef,0.998,89.7,2,1,1
47710,b010aa13-c6bf-4f2c-a3ee-812faeb04049,0.864,3.7,3,0,1
47711,0bd9146b-8167-4dde-9ac9-26275e213733,0.413,94.7,4,1,1
47712,b88ae988-dab5-4648-b9a0-ac5dbceebeb2,0.192,1.8,9,1,1
47713,3f1789b5-6734-4546-985a-fa0d32393d59,0.211,2.8,8,1,1
47714,05323498-9b32-49b0-a336-824d8d21b9bc,0.590,130.7,4,1,1
47715,b69cf56c-a67e-4930-b96e-9c48fe880779,0.298,14.2,5,1,1
47716,5dbf1b74-cafb-4bc9-b6f0-015e81609926,0.683,51.3,2,1,1
47719,f369e2c4-2910-4e90-afc4-a17e4dcd1e2e,0.455,6.8,4,1,1
47720,bcddc15e-04bb-4791-afbd-764d8731a84b,0.344,26.4,4,1,1
47721,ca01e507-aa8c-4356-b045-238646c317e4,0.214,1.8,6,1,1
47724,a1255941-6382-4fca-b595-fcad35c1eca7,0.340,19.6,4,1,1
47727,9bf65ebe-4230-43ff-8c16-b91dbd9a27cf,0.601,4.4,4,1,1
47730,50e41a98-a77f-4492-948e-11266f49e93d,0.353,9.3,3,0,1
47733,3be7548d-960b-42be-8e93-4abf1ad2608d,0.504,7.0,2,1,1
47736,5a866289-52aa-4279-9df0-5cc8aff0d5ad,0.366,3.2,3,0,1
47739,22ec4d91-ed0c-456d-ae32-bacc2c3e466b,0.414,45.9,3,1,1
47742,f95e8383-0ce1-40fb-9da7-ddcae19b1d8e,0.227,24.7,7,0,1
47743,8591b966-548f-40e3-b52c-4e702a681c03,0.291,2.9,6,0,1
47744,c9e84a3c-6130-4755-8bfc-51bd4cff11ce,0.056,390.1,3,1,1
47745,d821772e-7138-40eb-949a-4ddca85f6a82,0.327,91.1,5,1,1
47746,513b70cf-ce39-4767-99cb-21fb2e010b2f,0.327,23.9,5,1,1
47749,9c133788-acc8-4e20-b544-141eccfb5eb4,0.265,5.6,5,1,1
47750,91f6bc11-7e2d-42ee-b2f9-b1e7642481cc,0.356,3.2,3,0,1
47753,af7ba822-d920-48fa-a30f-9807731a8c05,0.331,192.7,4,1,1
47754,9bed32a2-e6d5-445a-9023-45505b367211,0.208,12.1,6,1,1
47757,979f78c6-b7c7-432f-995a-1a4d1fc5b58c,0.255,12.2,4,0,1
47759,52a90bc8-1b17-4209-b44f-b3fc6b137bd1,0.522,3.0,3,0,1
47762,18311c82-7809-4cd4-8df9-7beebce3a220,0.812,239.2,3,1,1
47763,14bf9732-008c-41f9-a8e0-54a1b8937230,0.336,11.2,4,1,1
47767,41017841-ce4a-4aab-836b-71c515672ecd,0.157,0.7,9,1,1
47772,b575fa36-96ba-4f87-b067-db6636746912,0.401,8.1,6,1,1
47773,9bac14f4-e65d-4240-86f7-c07d7a673c3f,0.122,205.0,5,1,1
47774,c7028b3d-bd24-4595-84cf-800dbce698d0,0.281,25.6,5,0,1
47780,417563aa-4b4d-4894-912e-2455700b87d8,1.000,30.8,1,1,1
47781,d0677db3-6ead-4846-b522-5c6e7b9f2e5a,1.000,279.1,1,1,1
47784,d3c3b231-721a-484c-962f-978e3bee7544,0.213,5.1,6,1,1
47787,371f599c-55e2-4041-8c10-88b7234b9666,0.255,11.3,7,1,1
47790,982c3db4-e6c5-4d62-b821-c6a568837ca7,0.229,2.8,5,1,1
47793,f563c15e-0782-4a46-a808-0350379f34e9,0.629,12.1,6,1,1
47794,1fed8883-8508-4771-894d-672d1ae863f0,0.384,2.1,7,1,1
47797,2c2a195e-ce05-4f2c-ad95-e562dd8253d1,0.510,13.9,2,0,1
47800,c62317e1-5916-4854-9d5c-711a34afa4bd,0.326,58.7,3,1,1
47801,5fa1a0bc-b2fc-43bc-a636-b98ff850a76a,0.329,5.7,4,0,1
47808,4350a1e6-6fd0-4786-b8d9-cb6a68d0a9d7,0.180,5.7,8,0,1
47811,7912ab70-c00f-4ee4-87db-9f70a56d4485,0.418,54.6,4,1,1
47814,20f8e535-5ebc-4bed-b49f-dc950f9e9d6a,0.506,21.3,3,1,1
47817,4935ae86-f73a-4172-939c-53835f1d54f0,0.357,19.6,7,0,1
47818,5f4d96e4-ca2e-42cb-befc-7b2e406752cb,0.475,12.5,6,1,1
47819,edd01b3a-d62a-4644-89f1-a1ced0587b81,0.325,69.9,6,0,1
47820,9f3271fb-6271-4cf3-b131-bdbc8595f9d5,0.450,45.1,5,1,1
47824,9d66ddef-cc5c-4cb4-b28e-9344649645d7,0.289,13.7,5,1,1
47825,c20f18ef-4b61-4188-970d-4787506bd0f9,0.305,23.5,4,1,1
47828,0b30f1df-d42a-4a56-bbea-c7bc3c86402a,0.601,3.9,3,0,1
47829,a0f99f32-f8cc-456d-9557-225ac65dae66,0.510,74.6,2,1,1
47833,69a0654e-5376-4144-8cca-5e6feb0f8af0,0.184,11.9,9,0,1
47836,72066aea-6241-406e-8e79-1e55e41e42e7,0.986,2.9,2,1,1
47839,76da7849-cc10-4100-80a4-b2dbb6e7edc7,0.755,1.1,2,0,1
47842,3a610e96-4fb0-49ec-83de-766de1a8429a,0.475,17.2,5,0,1
47843,499e8262-80a3-4cd7-9f8c-e97b1bd71a3e,0.722,1.6,5,0,1
47844,0d0f19a2-4203-4b92-ab96-d875fd0e58f9,0.298,0.7,5,1,1
47845,a7920900-83f3-45d6-9a39-9f5e6ee71cda,0.364,11.8,3,1,1
47849,590d0c01-4ac5-47c0-b68e-264e96cd7244,0.536,179.6,3,0,1
47853,6e46cfeb-22dd-4617-9aa5-197933da10f3,0.190,92.3,6,1,1
47854,f77db015-2b98-4bd9-8c72-304e77a5b228,0.302,11.7,6,0,1
47859,5d1adf48-d3c0-4db1-bcb6-ad4910d5fc85,0.345,1.8,4,1,1
47862,e941595c-12f2-4904-a393-2911cd0e97e1,0.308,12.9,5,1,1
47863,133ec9e3-80b6-4d17-b72a-09c4929f53cf,0.120,4.2,10,0,1
47866,c1b73c27-4771-4fc9-b7d3-f46260e007e8,0.268,1.2,4,0,1
47869,c68b5b6d-62bc-4e58-9a62-1438ce8a2786,0.244,19.3,5,1,1
47871,11057617-44b2-4b18-ad46-4adadaffbc5e,0.598,11.8,4,1,1
47872,2aa35675-e323-4c80-9076-20d67763a5d6,0.284,2.3,6,0,1
47873,15e5c8aa-12b5-4eaf-8bfc-253e3e2e1605,0.266,2.3,4,1,1
47874,59cacd8a-ff9a-4203-bcba-c414404d6f5d,1.000,22.8,1,1,1
47877,9837863f-c215-4b06-a217-847ecefe6be1,0.269,8.4,5,1,1
47878,b70fd3fd-36ee-46e1-9a27-5a2cf0b10910,0.283,5.1,6,1,1
47882,7b8ac78c-aae6-486d-b032-f94c54986097,0.296,1.1,4,1,1
47883,0702730b-039c-4928-ad14-e5213cb34763,0.571,1.5,2,1,1
47886,c8dcabe2-7426-46a9-ba6e-c056b3d86b84,0.672,256.0,2,1,1
47887,e2be3490-89ea-489b-910c-1c0a725d2d89,0.223,7.6,7,1,1
47888,c840ae97-b65b-4891-8672-ae789b88232c,0.353,18.4,4,0,1
47896,bc00ede4-f8df-4e74-bddd-d17e8ad630fa,0.712,6.4,2,1,1
47899,9b321ec0-d628-453d-9d02-46610ac6ac07,0.263,49.9,4,1,1
47900,4680e67e-6bea-472e-bd94-416c7f3afac7,0.510,35.1,2,1,1
47903,4f1cff62-45cd-4def-8f29-156acb3844ff,0.464,1.1,5,1,1
47904,ba085914-7296-4c54-8a47-bfb11c0b17ff,0.404,5.8,5,1,1
47905,33b1a09c-86d8-453e-9033-3af208e4ae89,0.255,0.0,5,1,1
47908,7014c5f1-09f7-47d3-a05f-b00ef2bbd8e0,0.262,5.3,4,0,1
47911,72a231cb-6a11-46c8-83be-115476354be4,0.524,1.3,2,1,1
47914,7a08e94d-699c-4317-9510-978ea933185d,0.463,8.8,6,0,1
47915,b1c56378-5e8d-4f1e-ab31-b546efb4b280,0.154,6.3,9,1,1
47916,4e4c4183-46e1-4572-9e91-3643b6dfec16,0.539,2.4,4,1,1
47920,3e3883a5-477f-49fc-97a1-468b1cf14665,0.844,4.6,4,1,1
47921,9b9d67bd-a53e-46f2-a3c1-e3c97a47186b,0.277,36.3,7,0,1
47922,4a796582-75af-4339-be40-d222dace87e7,0.152,6.3,8,1,1
47925,25bfad9a-d038-4aa4-9e0c-515736bf13d6,0.921,23.7,4,1,1
47926,f013a6d9-a109-496b-9507-276f8097ae82,0.239,173.3,4,1,1
47929,11e8823c-faba-48b9-a4d1-fd681ea2443c,0.354,14.7,3,1,1
47932,f03fc3d0-2969-4bf6-872b-7e475b4a0b13,0.576,99.7,4,1,1
47933,9d026591-f73b-4c57-9b40-abcf13d1c03c,0.305,24.1,8,0,1
47934,c2290ede-a309-42b8-a25d-b2af743c1aa9,0.258,12.5,8,1,1
47937,b92dcd32-e96f-433c-b1e0-c1163408e40c,0.393,9.3,7,1,1
47940,c5ba1df4-732c-4124-a2e9-ecbd0e5478ae,0.335,22.3,4,0,1
47941,0a0627f3-89ad-4684-a5dd-2f1cc452a3d9,0.582,9.7,2,1,1
47944,1a505ce3-4d46-4171-a512-d25e7ff5687d,0.311,102.9,4,1,1
47945,ce2cc36b-da1f-45c9-9f6e-f43a9c558d7d,0.284,16.1,5,1,1
47946,711c5c35-89a3-4a88-b92f-464010f7fb96,0.218,1.5,5,1,1
47949,c78c8b56-11c2-4507-90c3-8e7b060c8404,0.208,24.8,7,1,1
47952,1e8f0f70-ee63-4f37-b21b-590421555c05,0.520,2.2,3,1,1
47953,dcc9241f-fadf-4f7e-8f8d-e4ce0c8d6fb6,0.243,48.1,4,1,1
47954,a6979e53-55cd-443c-9b6a-4e7ac7fba9b6,0.306,0.7,4,1,1
47957,2e74656c-e085-4fe1-abeb-e20938ee2dc9,0.050,238.5,5,1,1
47958,88452174-d06e-481f-84ca-2e67826a71e7,0.078,159.3,6,1,1
47959,71dccd57-8f98-4f42-a3bb-9024dbd482ac,0.379,13.9,6,1,1
47962,e99a5269-59af-4c28-9597-9d7e7e79644e,0.268,28.8,5,0,1
47965,79dcc670-a75e-49a5-b582-54141122afd1,0.660,6.0,4,1,1
47966,bb5ea918-e93a-472e-b243-345381a07d2b,0.408,3.0,3,0,1
47972,14c07b19-0817-486b-acc4-fd365d9a28b8,0.497,179.1,2,1,1
47973,921c74ed-ca3a-41a2-811f-03a114e7d9a7,0.252,115.1,4,1,1
47976,74268323-ea64-4783-a14a-b3f937ab4eee,0.336,13.7,3,1,1
47979,9b3796ba-eab5-451d-96e8-626b018257a5,0.437,70.8,5,1,1
47980,f6fd35fc-ff49-42e6-b8f8-1a57a9c6794b,0.543,5.3,5,1,1
47983,d5e0d14a-e3c8-47a3-98f8-d84d34029cfc,0.292,116.1,5,1,1
47984,5c9d0ea5-4e1a-42f4-9a41-c0c3f1cd175e,0.202,0.2,7,1,1
47985,7cf59cb7-1590-4ea8-9786-90a38b6ee871,0.720,14.4,2,1,1
47986,398b3ed0-7fe1-40f1-8612-d309f62e10d6,0.432,1.8,3,0,1
47989,f7ca445e-eb31-4242-babb-ed7ca0f021a8,0.382,28.7,4,0,1
47990,1226a7db-7d43-40f5-90be-81eb7f497a48,0.496,10.3,3,1,1
47996,9102a4ce-06ba-4e50-8770-27b4fc48945d,0.304,168.3,5,1,1
47997,70e87189-e78c-4762-91b4-1e29115bed98,0.277,2.0,6,1,1
48000,64d53af4-b7fd-42c6-9d96-0f8d0a6ec5c3,0.346,13.1,3,1,1
48003,e0cc239d-ec77-457c-950a-977996209720,0.525,2.7,3,0,1
48006,1b19f7b0-734a-4c04-a012-a3c87278f728,0.223,89.2,4,1,1
48007,c863258f-5020-4413-bad8-04503de65e73,0.502,6.4,2,0,1
48008,b37ac6ba-2f4a-4bcf-a284-49fc110f20fb,0.514,104.7,2,1,1
48009,74fc42bb-b9e6-45e6-b3f8-a8569b5689c3,0.215,4.4,5,0,1
48012,f55b83ab-215f-4eea-b059-a810e7e0528a,0.072,259.5,4,1,1
48013,ecc9a76c-2464-4472-8088-07bb2b353d05,0.343,4.0,4,1,1
48016,691237b6-4993-4d3b-be15-e53c20a8f650,1.000,291.2,1,1,1
48017,47b62424-0e7a-4b41-8a38-0c0a0b0f149a,0.314,5.5,6,1,1
48020,8001736a-3d03-4434-a041-974c320f4274,0.532,4.9,2,1,1
48024,b8b7aff3-7b80-4519-b06f-e72dcee21d46,0.260,0.8,5,1,1
48027,c168e513-4364-44a2-998f-25fea460b7bb,0.698,0.7,3,0,1
48030,038c44f0-98a4-47b1-8a6b-d08468dc6712,0.225,7.3,6,1,1
48033,d70cd6b4-34e7-4dac-9423-084ed42b3aee,0.931,0.5,3,1,1
48036,b96a3b8b-a3d9-4916-90f7-ee203ed5e323,0.201,0.3,8,0,1
48037,87ead90f-bc00-4d67-9ecd-47d0df868d51,0.444,32.6,5,1,1
48038,5899ae06-3f32-4a0a-a928-754be6ab23f4,0.315,24.3,5,1,1
48039,0e4df033-20f9-4ee9-9a40-465ce56a3b78,0.503,7.6,3,1,1
48040,dfd7bcc3-f967-473b-9e45-927f0a65ee19,0.418,0.1,5,1,1
48043,32d33af0-48e1-4337-9f07-232acb86ce77,0.276,8.9,4,1,1
48044,4ad0a3a4-17e0-49b9-83d6-a10f892521c7,0.502,7.3,2,0,1
48047,2f0b4ec7-899e-4ed2-bd07-1a723a034cf1,0.628,4.8,2,1,1
48048,5c960e5e-6c62-4685-bda1-e6ce6792b93e,0.502,3.1,3,0,1
48051,a778f7bc-c2f2-4068-8937-b2b03f745c60,0.193,3.4,8,1,1
48057,d69a464b-89b3-467f-ae30-f7d8342429c4,0.171,221.3,2,1,1
48058,0254aaf8-63dc-43c6-83bd-b9783ea31c1a,0.829,5.4,2,1,1
48061,20b09246-e395-4369-81dc-c548d728dbff,0.774,3.3,3,1,1
48062,f89ad30c-603f-4b63-99bc-981fbb390531,0.890,12.3,2,1,1
48065,9eb16d5f-bbd6-418d-831f-9d2e7b6864ae,1.000,7.9,1,1,1
48067,51c4f117-5e77-451f-8e1d-d3a654db8e31,0.507,2.5,3,1,1
48077,6439f3c6-796d-47e2-b399-a3d2d7897c45,0.733,1.8,4,1,1
48078,e099e393-2d7b-4cc1-8bff-6d4aafbf62f1,0.358,0.9,6,0,1
48079,d9d0f9f6-a5b9-4f1d-b4be-e4d006cbfcd2,0.784,27.3,4,1,1
48080,0050c4f2-3484-4fe2-a7cf-5e0d003b1d8f,0.182,16.1,7,0,1
48083,94031e84-56cd-4d48-83c8-7fe9f2c49c94,0.252,4.7,4,0,1
48086,50efcd3d-f945-41d0-9096-99320811764e,0.239,22.1,8,1,1
48087,9a0bf0ad-0614-45ec-877e-d62b9aeea47a,0.215,16.1,5,1,1
48090,346a09bc-8c52-47a4-aae0-6dbdf8882b69,0.506,7.9,2,0,1
48093,a992df6f-45b7-42c1-aa2f-ee83438cce4d,1.000,21.5,1,1,1
48094,6401e391-3f8a-46b4-950f-9c2e164fdc2e,0.087,297.8,4,0,1
48095,e2826143-f390-4225-bebb-58fdff5a530e,0.758,13.9,4,1,1
48096,21270269-758f-48e7-b5c7-344ba72cc9c7,0.442,3.5,5,0,1
48097,20fcf76e-c214-41f0-87e5-40e6d8934a2a,0.567,11.1,4,1,1
48100,06e45120-8421-4292-87f0-8fa4ec48db77,0.531,35.4,3,1,1
48103,51f6a57a-97fc-43c1-b46e-fdb9f883d1ac,0.329,5.5,5,1,1
48106,0f6c38ef-5004-46cb-9e7c-d28d94448feb,0.201,17.2,6,1,1
48107,30150998-35d4-488e-819b-57fbbbad096d,0.201,3.0,6,1,1
48113,38cb3283-3269-4a74-8474-78bdd9e23c41,0.343,8.3,4,1,1
48116,e554d0fe-a3bc-4cd8-a92e-76574c3dd1aa,0.520,15.6,3,1,1
48117,6baa93f7-b9d0-44a0-9892-212d6ddef8cd,0.487,35.6,2,1,1
48118,e0cae3b4-bce4-45b6-b1b2-f7e0d080705b,0.264,1.8,4,1,1
48121,26aa29ca-2924-48c4-8399-a623106f22ee,0.405,4.2,3,1,1
48124,0695ec79-7cbd-4c4c-a3dd-afb469a94d0d,0.350,2.5,3,0,1
48127,67094728-0802-4f0e-9e72-cb1880f6d411,0.254,108.4,8,1,1
48130,956fd556-f9ce-41de-998f-65ba6c27abbc,0.346,1.9,3,1,1
48133,94829a02-5e1a-4e69-b042-aa3360239546,0.287,9.3,6,1,1
48136,39fc6717-9520-40fb-adf0-aa6ed2b30415,0.298,5.2,7,0,1
48139,0c4ef298-6077-4463-ac88-06f0878d5407,0.518,29.4,5,1,1
48143,9e57af32-16cd-4399-a145-c05635e592ce,0.615,16.8,5,1,1
48144,21fd3b04-c178-489b-8556-b33bd910c91d,0.721,21.7,2,1,1
48145,55438427-71b9-4f15-aed2-708e6aa1cab6,1.000,3.1,1,1,1
48146,bde5b2c7-2387-4833-af76-4abd96100806,0.504,4.4,2,1,1
48149,aaced453-3afa-43c6-af04-fa9655a81832,0.246,9.1,6,0,1
48150,14ecd49a-62dc-47a3-90cf-c818a6b6b7ce,0.996,0.4,2,1,1
48153,f65c84f7-18b1-44c9-96f7-dcf0f19f47e1,0.378,2.3,4,1,1
48158,e6e5207c-29cb-4eaf-a02b-74dd4f57ccc0,0.516,4.5,2,1,1
48161,4fd53fd2-61b7-42ab-8c81-0a968b1a6122,0.381,138.8,3,1,1
48162,8c491427-ae85-4d8c-bdaa-68dffd170682,0.221,105.0,5,0,1
48163,2d6d7479-e793-4e9c-91c2-0090e31220f4,0.169,10.9,7,0,1
48167,32d575dd-7270-4373-b400-f2f8e54de528,0.270,3.2,6,1,1
48170,e0932bb2-cae0-4d66-bff9-41fcb1e7525a,0.392,3.0,6,0,1
48173,efe703f4-71d6-40de-9aad-8c673d174586,0.375,7.5,3,1,1
48174,349b1806-fe6d-43b5-893f-05993eb85be9,0.527,5.3,2,1,1
48177,d7ded6fe-c669-4da9-9ea3-19cc3152e93d,0.279,7.8,7,1,1
48178,5e8a891c-cff0-42c8-85c6-eb2d8bc7e2c4,0.411,29.2,5,1,1
48184,7f6524de-8abf-4ada-b08d-054f8b2d5f87,0.310,6.0,5,1,1
48185,469b64cb-7874-487c-93e9-65c3d85f2f4c,0.571,18.8,4,0,1
48186,ad6ce837-8679-4026-8fdf-3b497da2cde5,0.560,1.6,4,1,1
48189,c57c9faf-5923-4aba-936a-ff95417d769c,0.356,18.8,5,1,1
48190,38f33738-668a-4e60-8841-51e5e2352246,0.276,11.1,5,1,1
48191,6f043aa1-eaf6-4e85-b32b-ea72fede0ffc,0.602,7.7,2,1,1
48194,04ffea8e-391d-468b-a032-310013f5c87a,0.510,21.3,3,1,1
48197,71f05864-0caa-493d-bbbe-859529aa9882,0.261,139.6,3,0,1
48198,00c8064f-7a8e-4f7f-b98b-fb29afd5684c,0.277,1.1,6,1,1
48199,90956bfd-a45b-40c3-9215-166f10d01527,0.348,0.9,4,0,1
48202,c6de6079-4e34-4170-a4ca-77834873b1fa,0.254,89.3,5,1,1
48203,64c70ae5-c67a-4acd-aaec-5003c3d061fd,0.183,7.9,8,0,1
48204,3b36d140-5338-460a-a3bd-5e02c6a44b29,0.339,4.8,4,0,1
48207,7c5657ef-8ace-4726-a955-394af965bcd9,0.618,12.1,5,0,1
48208,8d5b5d2f-87b2-4f49-ae56-ced689a98585,0.376,6.8,7,1,1
48209,0f6b0f9b-cf6f-4d63-ac65-246fa91eb4ac,0.252,22.9,7,1,1
48210,0af4dae2-f6a3-4968-94a8-9b5d8d8dbdf2,0.278,4.0,6,1,1
48211,820db3f2-5264-46d3-922b-38ca53456363,0.263,5.5,5,1,1
48215,4eab04a8-4faf-483d-ac9a-0d88b9322c58,0.228,16.3,5,0,1
48216,11c391e2-c9a7-49b3-a1c0-f318c2e3f4e6,0.191,7.8,6,0,1
48219,33531f0e-8f01-4bed-afb9-1182a11f5416,0.685,16.7,2,0,1
48227,096f2f68-7e9c-496f-95bc-a4e4f9057939,0.254,3.7,5,0,1
48230,ead7be6c-1e0c-49a8-a8e3-19a99a65e1c5,0.530,6.4,2,1,1
48233,83b2c8a1-7849-4bd2-a49a-b07427e1b242,1.000,11.0,1,1,1
48236,c6a2cea8-4975-4b8a-b492-3a300c5e78f9,0.404,9.0,3,1,1
48238,10fdaf54-023b-4112-9571-728ed592dec9,0.566,3.1,2,1,1
48241,849a1725-7866-4aff-a62b-7ee0cd844898,0.442,6.0,4,1,1
48244,d32da053-ed34-4752-b5fe-59dda0f6e473,0.360,9.7,3,0,1
48247,dae3c1b7-2b11-4efc-bfe7-528a6bf46fcb,1.000,158.6,1,1,1
48251,aa6ac1ea-17ff-4a05-955f-6d47c6cd35fc,0.987,10.1,2,0,1
48254,42d1e58b-db2c-40d0-93b1-f602ccf789c9,0.503,7.3,3,1,1
48257,aae3b163-7efc-4e48-aebb-97fcd7590f4f,0.335,6.8,4,0,1
48258,c391d913-fd0d-4d1e-9cfc-4246a61922cc,0.461,9.5,3,1,1
48259,9f409bd2-82c3-4f46-a80f-d5e04949b200,0.511,7.8,2,1,1
48262,e095de97-4966-4555-a5b1-251b67b3f873,0.511,7.2,4,1,1
48263,362484de-7134-4600-ac0c-2c9e42aad811,0.144,95.8,6,0,1
48264,ca983fba-a9c8-439c-ba76-ccba40a6711d,0.281,36.6,5,1,1
48267,d56964f8-672b-4704-929b-638db92a4799,0.529,3.9,2,1,1
48268,4b82140e-1b39-4fa6-8de9-486658f8ae48,1.000,6.5,1,1,1
48271,ad7aa343-6786-4dcd-8793-ccdbc0a162ff,0.691,16.0,3,0,1
48272,ba1cc948-6986-4007-80d3-534177b7d3a1,0.510,5.0,2,1,1
48274,6cbb0680-dd62-424a-b78d-33581e9bc117,0.399,78.2,2,1,1
48275,ef4ec03e-6ed5-4391-9e9e-572e2a902d6f,0.392,6.6,3,1,1
48279,f9528e3e-b3ee-453c-8bca-2e62fa822fd4,0.490,23.6,4,1,1
48280,563e4981-2ef9-4804-8d17-0b9aec83c89a,0.517,70.4,3,1,1
48283,9c2045c6-db48-4287-b7fb-c827ea4aa0c0,0.542,2.3,2,0,1
48286,83a6f251-360c-4504-9792-c9de57433534,0.502,1.6,3,1,1
48287,b006cd02-bdf7-4453-a878-fb7fadbf7478,0.498,54.7,2,1,1
48290,b65ccf4f-ad5c-49c9-a884-598dbe190a41,0.268,3.7,4,1,1
48293,3ce12cbd-0581-4eef-903b-2d4fc1bf21a9,0.423,10.9,5,0,1
48296,d63f1757-6ea3-4cf2-9d70-3b0c6675f509,0.505,15.9,7,0,1
48297,9af3364d-2dc7-4043-bee8-faab1e8ab983,0.180,46.6,7,0,1
48298,192130d9-0ab1-41aa-aecd-ffe8c1db03c3,0.189,0.4,7,0,1
48300,2b1a5230-0262-4865-b2ab-2c942570130e,0.472,295.4,3,1,1
48303,6bf4c1c9-9938-4411-a57c-90ab2e87e67b,0.312,46.6,4,0,1
48306,2be1b3f5-f647-46a3-8f74-57dc18f74404,0.302,2.5,7,1,1
48307,77c71d96-edd4-478c-9eb1-7447eed6c688,0.211,1.5,6,1,1
48310,5d24b419-a827-4ad2-8db5-1b8942707b15,0.427,4.5,6,0,1
48311,89dadc55-3a92-41d9-af4d-04491f2599e5,0.436,1.9,5,1,1
48316,18f5659e-a935-4136-ba7a-dcab1f2b19f8,0.299,17.3,6,1,1
48319,3cc6ec65-b650-4847-baf1-d0860a520593,0.214,8.3,5,0,1
48322,ba27be8f-c814-4c89-a19f-76680bfa430b,0.986,17.8,2,0,1
48323,8b6f0392-2407-42be-adb7-2fb7b2ecf5cd,0.772,132.6,2,1,1
48324,00485f0b-fe3b-4401-a92f-b5a6ee681f47,0.422,4.8,5,0,1
48330,8aa489ea-f785-4555-a5c3-7f87e804f9d6,0.708,21.2,4,1,1
48331,d7c9b166-ffd5-4d68-890e-7792d59c8bda,0.410,1.4,5,0,1
48332,a7b2aaf7-8132-48dc-a435-752aa7983f9c,0.393,0.5,4,1,1
48336,58916e84-890b-4ead-84fa-ded2af8fff61,0.299,3.4,5,1,1
48339,e6eaa4e9-4859-4103-a0a5-09f51b66d3b2,0.343,8.5,4,1,1
48340,d343ae86-2156-4694-bb59-8550e9cd52e6,0.235,117.7,5,1,1
48341,6522f716-5304-4ab9-a473-fade1f2472b9,0.321,0.7,5,0,1
48344,2468fc88-df89-4e0d-8f6e-e8025ab45e12,0.525,2.1,4,1,1
48345,6b9545c6-34d6-4a26-b22f-862369caf2ed,0.207,2.6,6,0,1
48346,f167d9eb-4c9b-4b9c-93b6-3c07345ea11b,0.365,6.3,3,1,1
48349,8e2be36a-f06f-4912-8d55-6f403b982875,0.228,2.1,5,0,1
48352,83c76632-84df-480c-a3ff-51b8eda41e52,0.508,25.2,3,0,1
48355,a686c2fe-4de8-4852-86fd-7963719c82f2,0.210,422.4,2,1,1
48356,de2da862-acb7-479f-89bf-15403cfdd737,0.790,275.2,2,1,1
48359,e8654874-4024-4965-b9d6-250f9a780b18,0.361,91.2,2,0,1
48360,c985f3cb-a5cc-426a-b5ee-553764164888,0.639,1.9,2,1,1
48361,4ea3ad18-1cfb-44f1-81eb-dcd27056d2bd,0.254,4.9,6,1,1
48363,b2ae7596-080d-4bcf-9e94-cff847875a40,1.000,94.8,1,1,1
48366,22f7b369-6dce-4a54-aaf3-c9eb84af1789,0.227,0.8,5,0,1
48367,c093ce95-28f6-46a2-bcfb-f98aa8d40753,0.534,3.4,2,0,1
48370,9784993b-1a46-4f65-854c-4a40903d967b,0.259,3.8,4,0,1
48371,b972e489-5f06-48a5-afd1-8eae96685167,1.000,13.6,1,1,1
48374,3a296f63-40bd-48ec-b5d3-3ecc0fbfa491,0.344,13.8,4,1,1
48377,c92788c2-9fc6-4334-af34-1c1d41782f68,0.505,9.1,3,1,1
48378,cd0f32d9-5ca0-41c1-afec-bdfdfd0a8ad8,0.455,8.6,3,0,1
48379,7eb35381-c1b6-4a0c-b1ca-8b8f013520a8,0.533,10.3,2,1,1
48380,39383284-46d4-4763-8bef-bcd0c2605b3c,0.273,5.4,5,0,1
48381,094e4eb0-3b38-45c0-a135-d64c3fc20903,0.316,111.2,4,0,1
48384,08b08584-ffc8-4ec3-838b-7b87888cdc18,0.979,5.2,2,1,1
48385,eaf1a046-11bb-4f3e-be16-20c592b3063e,0.278,3.0,5,1,1
48388,72d18447-ce7d-4c6f-91d8-00b5751cfc3a,0.246,16.1,5,0,1
48389,87f1980b-eace-4390-a3b5-66b4c047beaf,0.170,11.2,6,1,1
48398,317664d8-5570-4af5-b503-fd9e1f0d6b98,0.386,3.5,3,1,1
48401,da749f08-da1e-43fa-b486-b30140de1754,0.232,2.6,5,0,1
48404,418208ed-a698-4555-ad52-c6b057c9cfb4,1.000,5.6,1,1,1
48405,82ffc523-0577-4439-86b3-77ebef35b8f1,0.532,5.3,2,1,1
48408,c1c6bb38-4cc6-415a-9e1c-7cc6133bd76e,0.831,26.1,2,1,1
48411,22b464e5-44c1-4586-bfe7-6525ca70221c,0.366,1.5,3,0,1
48414,2424ae07-98a9-4f59-bf00-fe275ec42615,0.374,9.4,3,0,1
48417,9d4595ca-827f-4be2-b05f-f639ddf186ae,0.481,16.5,4,1,1
48420,8b5ac20e-4765-4812-a600-c0a9fc32221e,0.227,3.5,7,0,1
48423,368f81f0-a8df-45fb-b678-a6e17a570576,0.433,17.5,3,1,1
48426,5a0a13e0-6904-43f0-aa80-7bbf67ac1578,0.335,183.0,4,1,1
48429,3c545f1b-a629-4f28-a9f3-aa00aacc1437,0.263,4.0,5,0,1
48435,b3d7af67-5fbf-4031-94a1-33f91247e0f8,0.418,7.5,3,1,1
48438,6f0054b7-8b53-46f9-be91-8b3b421c0174,0.349,20.0,3,0,1
48442,7051457d-4646-4bd6-9aa1-c9c97e6c61c9,0.517,9.1,2,1,1
48445,0c672e3f-1953-49be-8d63-ea3480e31bec,0.416,4.3,4,0,1
48446,df392311-649e-47ec-b07b-18221f5dfd76,0.943,4.9,2,1,1
48447,affdfc9e-71ce-4466-a1b3-cbf0ec2c2d0b,0.315,9.9,4,1,1
48450,8848e093-c325-47cf-8ea5-4e916d2ca441,0.497,114.7,3,0,1
48451,25176d20-58c5-4e62-8f9b-c69a5953383b,0.252,6.1,6,1,1
48452,d1425a0e-61d0-425a-8247-aad3158dd79c,0.984,9.5,3,1,1
48454,a899839e-b5cc-4258-8c11-1529acb431e4,0.254,22.5,6,0,1
48455,2a99e85b-5437-402c-a6e0-2210ea583dce,0.245,5.9,6,0,1
48456,4cd2fabc-51fd-46d1-9e54-5873caa22766,0.532,94.8,3,1,1
48459,dad02bb5-baff-4904-b514-b9173a4b99bf,0.288,5.0,5,0,1
48460,66eb16eb-6c56-4b7e-bd5c-aba16d375c8a,0.231,20.4,5,1,1
48463,87855a90-50da-4dd3-b225-7368fcb73d78,0.994,18.3,3,0,1
48467,e8f1d041-168a-48fc-8ca5-3589c766ddef,0.571,4.7,5,0,1
48468,10f0976b-e2c7-46f8-ba17-141947fe4ac0,0.516,4.0,4,1,1
48469,a43d6799-3454-44f0-a46b-78a87fdf1600,0.259,3.8,4,1,1
48472,53aed56d-d1fc-4c17-b0b2-34eb4b3735f9,0.798,38.4,3,1,1
48473,5d8af6c6-47c3-4032-b9d7-8a1e440bd94f,0.502,1.9,3,1,1
48476,cde51e0f-ac07-4b33-bd3f-dc32cb7258c2,0.857,17.5,3,1,1
48477,e9b2336b-791f-4233-addd-aff265c136f2,0.534,71.0,3,1,1
48480,986a7d20-aef4-45ff-ac2d-05e2cc36a31d,0.224,4.6,6,0,1
48487,5734f2c1-ec83-4aad-85d4-48c7032e0759,0.223,2.8,5,1,1
48488,3a822786-9191-4294-aa37-90f0b3a846b7,0.253,5.5,6,0,1
48489,09d2e3d8-47bc-46b3-ba62-6cb74e62c7a3,0.351,9.8,3,1,1
48498,2fade5a1-b5d6-4c58-b27c-8ed007eed6f9,0.223,71.1,6,1,1
48501,a36debc7-3db4-415a-a587-02f4668c5a24,0.388,4.5,7,0,1
48507,a6d8bd98-a582-4fc3-b56d-101c3cfea26e,0.305,5.1,7,1,1
48511,5192bc79-2906-4de9-87eb-ee5f4a7f78d5,0.794,22.7,3,1,1
48514,346c942b-c5b6-4d2b-821b-c64bda02f730,0.241,6.4,9,0,1
48517,ddfe41b7-7aca-4c47-a7c4-8b72a431d497,0.610,5.6,4,1,1
48520,ae7f0e23-9540-4771-bbb6-3413243298ea,0.736,29.3,3,1,1
48521,b7dda16c-fe84-4cde-b782-e00f102b3f10,0.303,4.7,5,1,1
48522,e053580e-2473-407c-9421-58b666f90b52,0.385,9.8,3,0,1
48525,a2a70997-b857-4f09-8a8d-1cdfbe9e660d,0.426,62.6,2,1,1
48526,19660abd-5773-44b3-8512-f8de8babbdf2,0.520,29.7,4,0,1
48527,8a52124d-8f3f-45bf-bcc9-4930cbb37343,0.675,53.9,3,0,1
48528,db254c82-f9e4-4613-b1fd-ea9451142cdb,0.574,2.9,2,1,1
48538,962b840e-63cc-497b-9a9e-2490f540c4ec,0.796,5.2,3,1,1
48539,cbf4cb32-08c0-4e72-8ca2-367d8cde212f,0.920,13.0,2,1,1
48542,42357d4a-8331-4e57-90f2-415005a802da,0.351,7.8,3,0,1
48545,e9b0b979-e2b8-4e2a-a404-2b99d121ef27,0.323,0.2,4,0,1
48548,2b0b8724-457b-4a2f-ba5c-2e68b9dad810,0.515,4.9,2,1,1
48551,42109fde-7a7b-42a9-9536-0abc3f8c7d9f,1.000,2.0,1,1,1
48554,0b4e135b-a68e-43bb-aeac-0837bb0c6cb8,0.282,64.7,5,1,1
48555,c36ed4e3-e6f1-4829-9335-8726dd98ed3a,0.114,255.7,3,0,1
48558,36ba14b4-87d2-4825-b56a-f46afd3fc7b8,0.624,8.1,4,1,1
48559,5df50511-4365-4e88-9477-718df6c08355,0.392,18.9,3,1,1
48562,aebc5a75-4e4d-45d6-ae51-718de369def6,0.283,6.2,6,1,1
48563,606c47ed-db77-41f6-b088-747a8c11f7c1,0.257,7.0,7,0,1
48564,ba358951-dee1-4441-a3ce-ae1850f65084,0.300,3.1,5,1,1
48565,170ca5a5-2baf-4fa6-84ee-50b4d555c512,0.277,11.6,4,1,1
48566,fc8f7d8a-90f8-4972-aa98-ff37b4674c12,0.338,5.8,3,0,1
48569,9f508434-4c45-4429-a605-48fff5c1011b,0.579,14.1,3,0,1
48572,d88cffe5-08b1-4f58-9cd2-8cbc867449eb,0.276,0.7,4,1,1
48575,8027872b-de26-42e0-a407-39d858e14007,0.339,2.1,3,1,1
48578,917b4b9b-2c45-4568-9de4-4af14e961624,0.865,17.9,3,1,1
48582,9858ec37-0f0e-42ca-bf9d-c12274b8511a,0.364,64.6,4,0,1
48583,d82734d2-e898-45b7-a88c-b63d44fe5201,0.265,0.5,5,1,1
48586,dca68798-bda9-457f-a9e0-08062603f0e5,0.717,11.8,2,1,1
48587,c9102ef9-7659-4280-a97d-70f90ddb8532,0.509,7.6,2,1,1
48590,57987d89-05e2-40a1-81f3-a43c99660d04,0.542,17.4,3,0,1
48591,a63c8a3b-8581-40d3-8467-0e79c0e8d1a7,0.251,8.6,4,0,1
48592,2f199309-6c1a-41e5-9b13-80d229008361,1.000,27.6,1,0,1
48595,28d5951b-849a-4831-9de4-f6e2734c23f0,0.399,29.5,5,0,1
48596,e12ba2dd-e850-4397-874d-ecc12de14997,0.249,0.1,6,0,1
48600,2f6ec6a2-c46b-4535-b797-9c4ac4a13c39,0.251,371.2,3,1,1
48601,5157ef86-8df1-49f2-8e2c-cf15f4f19791,0.344,188.3,5,1,1
48602,1f8e0414-014e-40ff-8ed8-a382964abdbd,0.384,16.7,8,0,1
48603,343cccc4-9b95-41b4-a9b7-ed7e239cf903,0.343,8.4,8,1,1
48606,187a776d-2ba6-4a44-874e-46f72ef0e95b,0.381,5.0,3,0,1
48609,d9369b7d-952d-4fae-adba-de1ecbf3bf6d,0.356,9.1,3,0,1
48612,97f8f5ab-0d74-43f5-a20c-3886adac2000,0.490,13.3,3,0,1
48615,64eed24a-dbe8-4c3a-9625-a15b6713bf75,1.000,21.5,1,1,1
48616,03239e11-bf34-46cf-99e5-e3a8f8cdf396,0.368,3.6,3,1,1
48619,e5d640df-13c1-4005-96b1-654e0eb5ac9a,0.341,7.3,3,1,1
48622,ca25eaa5-9218-4c7c-bf50-94b11ce3f1d7,0.514,29.7,4,1,1
48623,c082f31d-6ec1-47ef-91e8-f53779a937a0,0.255,2.0,4,0,1
48626,fea9ea45-8819-4458-af7d-f96541c79663,0.336,8.2,3,1,1
48627,2f4f263f-fd02-422d-acc0-64144d8606e4,0.338,8.7,3,0,1
48630,89d96724-32df-4420-9f49-f4b42f28d922,0.337,86.6,3,1,1
48633,4b9791cc-ede7-4d4e-a480-24f321a1d367,0.385,96.4,3,1,1
48634,008965c1-e97b-47d1-8dd7-c9b0c0bf1190,0.258,6.0,4,1,1
48638,57c07015-e31e-48a1-b1b7-1e9a4add8f0c,0.317,39.3,4,0,1
48641,ca1e7039-ea1c-479e-a59f-3054cade2bf0,0.259,14.7,4,0,1
48644,2f07c94c-8512-4cdf-9808-f659d2cc214e,0.568,9.2,2,1,1
48648,bcf24715-c79e-41c0-bba7-180457ceb1c9,0.682,11.8,4,0,1
48649,221862ca-c54d-4505-ae27-f937d309eb02,0.530,6.6,4,1,1
48650,d5341aeb-81cb-4626-ba28-fcb206fb7f03,0.427,6.4,5,1,1
48651,36253f40-f517-4e41-bf85-a12760079bbb,0.301,2.1,4,1,1
48654,4cd71ddb-bf2e-46ce-aca2-8aa4a9f8ecea,1.000,0.6,1,0,1
48657,68801ff3-ccc4-4338-9f9a-a35097cea448,0.643,10.8,3,1,1
48658,14652358-001b-4631-8f6a-53b8ae5e6186,0.285,1.6,4,0,1
48661,2ba423a9-7c66-4e0a-87a6-30c31e85473e,0.519,7.1,3,1,1
48662,dff48a47-2d74-42ab-a404-035d6e2449fe,0.393,23.7,4,1,1
48664,c74fb76c-a14c-481d-991d-09845e421be9,0.299,0.6,4,0,1
48667,58fde54c-5b6f-4024-8d2f-f6d24aa5cbff,0.215,6.5,5,0,1
48670,0b3e6969-e12d-4108-a7b7-208ca12716f2,0.518,9.8,2,1,1
48671,df808cb2-9e22-45b4-8b5a-11784034725f,0.337,8.9,3,1,1
48674,db1f36c3-7bf6-4ab2-b9d2-f52341c46df8,0.503,2.2,2,1,1
48675,6824b42a-0f68-4612-9eb8-f6a053803b29,0.493,79.9,3,1,1
48676,4bf43bc5-cc0e-41a1-a01b-2276d0351d4e,0.410,2.6,4,1,1
48677,35cab991-b675-48b7-b269-03ea980f85b5,0.343,4.8,4,1,1
48678,9c646e02-a99f-4494-add3-c14d4da8b60a,0.191,5.6,6,0,1
48681,f5330f83-b48f-4adb-ade4-31b228b7be8b,0.267,21.1,4,0,1
48684,21b5de37-74a6-4ee5-bf83-de236eefbb15,0.408,2.8,5,0,1
48685,65c22e86-5b5f-4b72-8e69-6a9fd0f76e58,0.364,6.9,5,1,1
48686,e909fa9e-232e-482c-87c4-4fab2aa4fe4c,0.268,30.1,4,0,1
48687,67a57a95-a71e-4481-9840-94d9e0fd70a2,1.000,4.2,1,1,1
48690,55006869-fa72-4cbb-b42b-ad9924d6e6c7,0.806,18.7,2,1,1
48691,f596c32d-f21f-4513-a773-e6afb0f9cc06,0.247,4.8,5,0,1
48697,e6f28d47-aa6f-4cf9-8ca2-1a2b68913010,0.516,3.1,2,0,1
48700,2051c911-62c8-4917-ab00-ddf9c57670a6,0.511,42.9,3,0,1
48701,4a0707b3-1b3a-46d0-b39d-026c31d378c4,0.309,1.4,4,0,1
48704,1892fc28-8570-474f-b743-3be619b2d641,0.494,2.0,3,1,1
48705,c55ab810-e1d6-41f1-91af-2f3fc88a5a29,0.505,3.7,3,1,1
48709,42f66120-c237-49b8-8e7f-d59d2e2bb425,0.230,94.0,5,0,1
48710,84396f58-f825-4983-b8e3-592c5dadcf30,0.185,7.8,7,1,1
48711,ed0cbfc8-8c50-453a-9b29-3dd6418063da,0.303,1.3,4,1,1
48714,86117867-8e9c-48aa-8996-f8312a254eed,0.514,1.9,2,1,1
48715,b8711b1c-e2dd-4552-b0e4-796256b8edb8,0.283,2.5,5,0,1
48723,f0df4560-ce89-42ad-99dc-bea4d68c3270,1.000,191.7,1,1,1
48724,29a38b2f-609e-42de-89b1-b3b8d6341064,0.365,7.9,4,0,1
48725,d17ac91d-11b2-484c-b3dd-6b7806d566a5,0.186,19.3,7,0,1
48727,150cf76d-b3bd-4b2a-b96e-83c159f745a9,1.000,2.0,1,1,1
48730,650cace2-81fd-4006-a7aa-605427c7914f,0.392,2.9,5,1,1
48731,d1aa2421-4b54-4ea6-80d4-7ad19ef6dec1,0.731,330.4,2,1,1
48734,28f61738-356c-4fdb-b6a6-c55fe2c0e109,0.322,86.7,4,0,1
48735,8498cd2c-59eb-4153-99d6-2e462749c673,0.294,10.2,5,1,1
48736,5189206b-0af8-442f-9205-73ee8a0d624e,0.236,4.0,6,1,1
48737,e608d333-9d82-45f2-91ca-39a890cf4473,0.690,0.6,2,1,1
48740,0d60d101-04da-418d-8dd2-413a557bc002,0.285,10.5,6,1,1
48741,fb566570-2b3b-46d0-9481-0fffd9f04f35,0.405,29.5,5,1,1
48742,d3ec7a13-af3f-47b0-9376-b903645c0159,0.300,13.3,4,0,1
48743,f8377bf4-5145-4b86-8c17-01f96d882c52,0.459,0.3,3,0,1
48744,22d35679-d2b3-4e80-9be2-5f37aa79b25d,0.501,18.7,2,0,1
48747,8f06cc2f-49bd-4466-aa15-f30782fae60b,0.344,18.3,3,1,1
48750,19dbe39d-1d52-48d6-b821-6dec9b5f7205,0.318,0.8,4,0,1
48753,4158a23a-fa41-412c-bab9-22f963cc720a,0.211,11.1,5,0,1
48756,2ee0f40e-2fb6-4630-997d-1b8d3fa0dd08,0.502,9.4,2,1,1
48759,34b7c7a9-c3d0-4a5c-813c-ca73d45d9b46,0.759,4.0,2,1,1
48760,f340dfbc-4367-40d8-a31b-ee56f49a948f,1.000,54.2,1,1,1
48763,eb18b8db-f1f2-486b-880c-61ca6a8cc475,0.500,1.8,2,1,1
48766,5c974402-503a-402e-82d6-0b4cd9825c6b,0.366,1.7,3,0,1
48769,8f8c6029-a2bd-4c74-8f54-150c48b72df0,0.407,3.2,4,1,1
48770,f46b482c-3be3-4cd0-90f0-29351201935b,0.504,5.7,2,1,1
48773,068a9662-f01b-4f69-bacb-99004b576c6f,0.999,14.4,2,1,1
48776,5c5cd36c-db77-4fa6-bf73-0cb586ebd021,0.787,7.7,2,0,1
48779,5969ff9b-3a69-437f-9a35-05f938090e54,0.228,7.6,6,1,1
48780,95080092-9c6c-4977-8e09-eb8eba7863a9,0.346,9.1,3,0,1
48783,a00a030e-3fae-4cb5-8072-1c70ed5c3229,1.000,19.4,1,0,1
48786,652f4976-580d-456a-b5a9-a958e109b259,0.741,8.6,2,0,1
48789,b98e20be-c20f-46c3-b5c2-65ad9f2786e4,0.349,31.7,4,0,1
48790,b8ca88ca-b3f9-44b1-8639-f63d46ed537e,0.334,8.3,4,1,1
48793,0dc65235-9d2d-408a-8c6b-cca735f2eddd,0.212,89.5,4,1,1
48796,1f01804d-e410-44f5-a87d-e59639732a77,0.261,0.3,4,0,1
48799,1b588fe7-f3a2-4cf3-b4b4-630c52026dc1,0.255,23.0,4,0,1
48802,26a987c9-d068-400c-9ffe-69629ea1f9c2,0.455,108.5,2,1,1
48803,c7676590-d4fb-401c-a94e-03762318458d,0.244,25.2,4,0,1
48806,934477fc-d915-42ef-a4e9-a698c7685b29,0.271,0.7,4,1,1
48809,04788882-f367-4657-a322-01c5c4553554,0.339,2.6,3,0,1
48812,0387636e-8fde-4da0-af09-8b34871baef2,0.504,22.3,2,1,1
48816,3fb6296b-f38c-4c59-ba43-cc7a8895cdd9,0.381,145.9,2,0,1
48817,9ea9bc36-73ed-448f-be2f-61d13b145988,0.292,1.0,4,1,1
48818,9e18c5c1-dafc-41a6-96b4-7e2d7bb1f950,0.362,4.1,3,0,1
48821,6988fdfe-faac-4ad4-9993-d09fac23b043,0.380,12.0,5,1,1
48827,713871b7-c04d-4bbb-a6f2-f28e51de6057,0.513,9.2,2,0,1
48830,3ffb2fdf-c9c2-490a-bf4d-3adc0a9ec9b7,0.368,2.1,3,1,1
48836,c82c0649-c628-4165-b87a-32260b73ee87,0.505,10.3,2,0,1
48837,b1d4cf04-2e92-4945-9376-4f016e8ae821,0.942,9.6,3,1,1
48838,47a115c9-7f4c-4b58-a69e-37ef6cf2784f,0.478,226.0,3,1,1
48839,39bc48f1-2310-40ad-9440-a50de72966d5,0.503,7.4,3,0,1
48843,b77abd05-3c27-462e-a19d-dcf44400a9b7,0.561,3.9,2,1,1
48846,c6d3bc17-c598-4c94-a868-e7af71dac07f,1.000,42.5,1,1,1
48849,42040271-6c81-4195-bd5b-9be2d2f45025,0.262,23.3,4,0,1
48852,79652824-a691-4a34-96a1-cd4970f78d16,0.344,12.8,4,1,1
48853,83da8d80-bac1-4285-8133-3b1b1c841b40,0.506,6.2,2,0,1
48856,6b6381a1-3ae0-458f-af34-6ecb78cb3204,0.413,11.2,4,1,1
48857,2e28d461-19bd-4a37-a422-679e065142af,0.446,6.4,3,1,1
48858,8b44f2c3-017a-4dae-a8a2-87de4e44e414,0.363,3.7,4,1,1
48859,6416ed92-075f-457e-be1b-bebe21db0f73,0.637,6.6,2,1,1
48863,d230dcc8-bae0-49fb-a27e-12cfbda5072b,0.276,2.3,4,1,1
48866,15f5f558-bdbc-4e08-a36e-baf3f3b8ea3c,0.519,0.5,2,1,1
48869,5861e371-45ed-40a6-93dc-47ad9a42ef0a,0.091,215.4,5,1,1
48870,79e2b9e5-0c16-40f6-84d6-c4b7fa513d8b,0.472,17.6,5,1,1
48871,a4b2a0d2-8596-4e65-8d19-b96cbd3fc751,0.595,3.4,4,1,1
48872,463415e1-b218-4579-9a65-a7cbc652373e,0.399,0.8,4,1,1
48873,f27fb61c-41e9-45ba-b479-becbf224eef3,0.442,4.5,3,1,1
48876,5aee5210-4108-43ba-b856-3f06099e35c1,0.180,2.9,6,0,1
48879,06937973-be99-4463-83ce-bcc8fb1fed95,0.257,4.5,5,1,1
48880,b1384875-aa33-427f-8be6-0200af00776d,0.190,13.9,7,1,1
48881,f72af636-f9e8-4ee6-8688-0796893ac17a,0.284,4.6,4,0,1
48885,a1f11fa8-f9c9-4884-99e8-051ada9d9a5a,0.237,119.8,5,1,1
48886,4e913089-9d1a-4af8-99d9-0e7d69fd5c41,0.494,3.9,5,0,1
48887,1c6af74f-b9c3-4148-abe3-66ac12971a9d,0.335,8.2,5,0,1
48888,88d15dec-41f0-425e-bd20-088ca36f0315,0.319,2.0,5,1,1
48889,404afa4b-e6de-4eec-840d-8f016cc29dbe,0.265,10.4,4,1,1
48892,299383d3-8bb6-476d-ac85-47408c7d6741,0.372,1.4,3,1,1
48895,0ee2891b-5f65-4803-8f18-1fc90afa56ab,0.511,1.5,2,1,1
48898,1bd4b57f-89ef-41f8-8b4d-7d8ccae8456f,0.197,1.4,6,1,1
48899,337ee743-ac4c-4284-9e57-dee5392ffac3,0.242,1.4,5,0,1
48900,1765a925-f257-4768-a89d-7c9f46f773c9,0.264,7.4,4,1,1
48903,83272c33-d8f7-4119-a3e6-87c641ea8f71,0.360,1.0,3,1,1
48906,842eded6-3dcd-43db-bb54-72de8e19c2b4,0.406,14.0,3,0,1
48909,9a03884f-86cb-4758-bdc4-5c0713655fbf,1.000,24.5,1,1,1
48910,8f3a7b99-77d4-4115-a13a-18d8b45aa1c3,0.209,8.5,5,1,1
48913,18cfcbf4-033c-43f3-bead-4dca89d6e8b0,0.248,210.6,5,0,1
48914,45c18b33-bdd7-4d27-9f9c-963c951d6520,0.376,72.3,7,1,1
48915,add98357-dbd4-4315-9b99-0c9c1f583701,0.352,3.4,7,1,1
48916,16f3b3be-3e7e-46bc-86f6-90fd6eb0e6a2,0.361,4.4,6,1,1
48917,6a9cc429-20ac-4388-9986-b9b90127972e,0.313,3.1,5,1,1
48918,3f546305-3bf8-413f-a830-e909c50cf281,0.246,24.0,5,0,1
48919,d8e62a68-eafd-482e-82d4-926b9d8837f8,0.329,6.9,4,1,1
48920,7243cb33-7690-4f01-9402-11c122bd36cc,0.268,4.7,4,1,1
48923,861f541d-78a8-4b62-a55d-f6884a1d8f56,0.887,34.3,2,1,1
48924,4102971c-e86d-4607-abdf-f74a79114321,0.474,1.0,3,0,1
48925,1663d617-f639-4889-a05c-1cdbd56e7978,1.000,123.0,1,1,1
48926,73f794fd-0070-4a85-b547-2e67253b1755,0.506,11.0,2,0,1
48929,8b5e7c21-95e7-4533-a1a4-91eb1afa25e0,0.766,40.4,2,1,1
48937,36a7af93-0fbb-4146-9c40-8e439cc10219,0.435,6.6,3,0,1
48940,bceb3895-efa0-4ae4-9822-7f7b69be8452,0.380,11.7,5,1,1
48941,4b9d23c0-b9b4-41d4-87fe-cf249b3917dd,0.435,3.6,5,1,1
48942,ebc25401-d0a8-40cf-a30d-e2892585e605,0.560,3.4,4,1,1
48943,859aacda-aa52-477f-8c8e-b82ca31e6e83,0.317,7.0,5,0,1
48946,b31247b0-8c15-47a1-8746-74852f4ea324,0.348,1.6,3,0,1
48949,b150e40d-ae0d-4ef8-bfe2-924fa610e2de,0.518,14.1,2,0,1
48952,c887f93c-b609-4fa5-99e9-cac0f477d975,0.687,1.5,3,0,1
48953,962af3ef-e98a-43e6-8885-2d96f41e6486,0.335,35.1,4,1,1
48954,625239c7-22ee-4b2c-a0b1-a1c4898e3420,0.338,11.4,4,1,1
48957,5d12879d-dea8-4a16-b810-f33f50aea546,0.359,18.5,3,1,1
48960,7d22468d-f20b-436e-9785-4373299979ca,0.350,2.9,3,0,1
48963,68353423-93c6-464f-8662-4ccb20cafe20,0.303,24.4,4,1,1
48964,ee04f3b7-958c-470b-8c05-af4557a46b69,0.502,13.0,2,0,1
48970,fea7cde4-d45f-4481-b2e5-439af7146f21,0.145,16.9,8,1,1
48973,50339194-21ed-4d5b-9d01-75f773b40a31,0.538,2.8,3,1,1
48974,290ac476-08bb-4b21-81d3-398adcf8e718,0.441,5.4,3,1,1
48977,656a6835-5bc1-40c4-a577-8bea8d7a5db3,0.144,0.9,8,0,1
48980,334a088d-3fe1-4919-ac9a-51bfb758194b,0.325,120.6,3,1,1
48983,9db371c2-d604-4ba2-8007-d5e5ccf9dd99,0.503,2.8,2,0,1
48986,7b18ae93-aeaa-4a6f-98e7-cd80943a95c3,0.192,4.1,6,1,1
48987,d5f185d5-ac10-4a57-b093-0cd055a8687a,0.504,11.4,2,0,1
48990,9b8f2ed4-4043-4fda-8b4b-4220cad16cf0,0.292,19.1,4,0,1
48993,7fcda69c-ac49-47a3-a63b-1db3f8dbf31e,0.399,26.7,3,1,1
48998,0fa87b5c-2a15-4b16-b4ec-54fac1cbe4e1,0.301,6.6,4,1,1
48999,93b02202-8956-46a2-8490-6f55e2bb7990,0.521,1.9,2,1,1
49002,d8ceb361-e2d0-4557-8cdb-7ccc5580fd1e,0.517,52.9,2,1,1
49005,39b17ca8-55f4-4901-ad50-f00841fd84fe,0.334,15.5,5,0,1
49006,824b4d67-00cb-49d1-ad39-951b21cf35fc,0.284,7.8,5,1,1
49007,5b0f9c51-ed6d-446a-9e60-f19cec4975f5,0.265,12.7,5,1,1
49010,7eb51f2b-67c6-4692-81f7-36f709031a37,0.216,47.2,5,1,1
49011,ad92ab32-42cc-44cb-b93e-2c8621826be3,0.246,4.2,5,0,1
49012,a22af16a-1c9d-4f0e-82b5-2da48aaff457,0.289,1.2,4,1,1
49018,23574e45-28af-4f90-8ace-61a8b2e1eccf,1.000,31.8,1,1,1
49021,09d0a82a-c4ad-4ee2-a9d2-bb7164421db3,0.501,6.6,2,1,1
49022,74403bfc-8221-47a3-87dc-49185b0be519,1.000,13.9,1,1,1
49023,9320aa35-7b9f-45eb-93a3-7480211060ab,0.594,2.8,2,1,1
49024,0d03af0e-e9e9-46ed-add2-c1cf990904ac,0.566,5.3,2,1,1
49027,1d0d1079-6cc3-4143-b73a-b4756e48d512,1.000,4.3,1,0,1
49030,fd200dc6-21ce-414a-bdc9-a6d1ca9ac0f8,0.906,3.2,2,0,1
49031,5e0a1e92-eb6f-43de-9b55-5c8cf0afcd8f,0.536,3.2,5,1,1
49032,b5a2ae1c-1563-4d25-9f4f-88f45d6c847a,0.387,21.0,6,0,1
49033,3aa7ba21-fd67-4c1b-b1b7-4806c7d13967,0.396,2.9,6,0,1
49034,310a2944-7d3a-4c34-a83c-c45f5fc6ad88,0.353,4.0,6,1,1
49035,8c959016-023c-4dc4-bab0-fa6a9049f0e4,0.324,1.4,4,1,1
49036,b4aaec06-0c13-4823-946d-62cdf388bfb3,0.374,2.0,3,1,1
49039,c9b06277-43bd-412a-9ff0-d0ab8558bf08,0.434,7.7,3,1,1
49040,b08661a7-1e20-47b9-b837-b2a47ce0969b,0.364,4.5,3,1,1
49041,5edc1d0d-b67e-4587-a076-61b4af283397,0.285,2.6,4,1,1
49044,8c2ef9cb-4d07-4429-96be-21e60a7be3f9,0.353,15.7,3,1,1
49047,8202f50e-fa13-44b0-a6b3-a18280f30f97,0.569,0.8,2,1,1
49049,bf7320d8-9a98-4815-8559-1b5e8568e5af,1.000,14.3,1,1,1
49052,1e67ca1d-fd9a-427c-9c22-8b88a63de1b5,0.344,26.0,3,1,1
49055,a3baf99d-c34b-4757-bfb4-17c5329a0c48,0.372,0.4,3,1,1
49056,fac5b5a4-b065-4b34-a71d-55bc5ec26ac4,0.346,15.3,3,1,1
49057,3ef94466-4a9e-4f35-a441-835247d78345,0.917,3.2,3,0,1
49058,b3daf9ac-a27f-4492-ba45-13483433d239,0.777,15.1,3,0,1
49061,b937ee12-bcde-455d-a1cc-61abd57b94bc,0.446,74.8,3,0,1
49062,39926234-3228-4410-9794-e64b515b78ca,0.553,6.8,2,1,1
49065,268cffde-00e6-4b05-b16c-dcef515d6b2f,0.545,9.3,2,0,1
49068,43ef4639-ff91-49d9-8460-237c90a0f561,0.568,23.7,3,0,1
49071,0effc1ad-46cf-48c8-9052-d6a23a6cbb9b,0.759,9.4,2,1,1
49073,4023fba6-5cab-411e-a074-b92bec14cb12,0.615,10.7,3,0,1
49074,71d08842-8e6f-40e6-af35-8a0f56848cf9,0.296,1.3,5,0,1
49077,69ab5cb3-9e12-42e6-be90-c7d5505cd94a,0.337,15.0,3,1,1
49080,3710588c-5d80-402e-9420-426e497242d1,0.881,11.2,3,0,1
49083,63c83c0b-d183-4e56-a4ff-01615854f438,0.247,10.9,6,0,1
49084,c1384c88-53a1-4ec8-a642-3f0e0feefb49,0.666,33.3,4,1,1
49085,e6d43a8f-6b89-4b39-ac29-a8c2288ca3b9,0.503,3.3,3,1,1
49086,e1839dfb-da05-40b3-a020-60f86ffbba55,0.475,14.8,3,1,1
49087,169274be-60f8-40ae-830b-3161736c50a0,0.471,9.5,4,1,1
49088,18ed7dff-1f87-4ea2-9724-a542c10b37e4,0.954,79.2,2,0,1
49089,fd4d1d90-940b-40f7-b748-a91c9e583d47,0.499,4.4,3,1,1
49091,752755a3-1ab5-4191-999e-f8dc11190347,0.334,24.3,5,0,1
49094,cae25475-dba2-4ebf-8579-fba3a061cc65,0.298,19.0,6,1,1
49095,ac804d65-a5f4-4d04-8f5b-c6ed1979a6fb,0.376,17.5,4,0,1
49098,75c3fba8-4b67-41ec-a0b5-81c9369a6ef6,0.331,2.5,4,0,1
49101,75419761-202f-49a2-b895-d7f92b464079,0.535,2.1,3,1,1
49104,e6544f96-66fc-435b-8cb1-f74a3531776f,0.252,14.3,5,0,1
49107,cb25d163-e61f-4c7a-b4eb-708fb206a295,0.235,22.8,5,1,1
49110,68653725-5362-4cdf-97e5-893598e7cf53,0.334,10.0,4,1,1
49113,4b8af515-e4b3-413f-b7b6-40407bfe85ed,0.561,21.9,4,0,1
49114,ae5b1cdd-33ab-4e13-996c-796b60ed0c26,0.392,32.8,5,1,1
49115,416b6fab-774a-486d-8a7f-ca233c01e37c,0.194,17.8,7,0,1
49116,15255322-bf96-482c-9f7b-a968a6cd9e29,0.687,1.5,3,1,1
49119,c1a83711-24c7-4578-a8a5-f729b45f429b,0.500,79.9,4,1,1
49120,2e897b24-c50d-4672-a7f5-eed80800d51b,0.234,12.0,7,1,1
49124,0e976b22-9aca-4892-a749-047ed84b0d63,0.293,1.8,5,1,1
49130,d948c39e-d43e-43f7-8077-eba515d163b8,0.504,123.6,2,1,1
49131,e25abb12-d1a4-453f-a058-4440e36f76b5,0.265,2.2,4,1,1
49134,8ab4414d-6f0a-4797-8ec5-0c3788388cb7,0.495,65.2,2,1,1
49138,c8d75ae2-4cc3-498c-8e72-c007cce16064,0.326,8.2,4,1,1
49139,5b6bfdb8-272e-4d85-8f05-26d73d60c087,0.266,0.8,4,0,1
49140,8a2def0d-26f5-4c82-b0a6-abaee4b89d50,0.384,0.1,4,0,1
49141,3b96012a-6d5c-4fee-9c6d-bfcac1449672,0.430,4.2,3,1,1
49142,f6547edb-02bf-49ce-ab83-7886f6272843,0.543,8.2,2,1,1
49143,0e0eacfb-0e82-46fe-ab5f-fabe84edd047,0.353,2.5,3,1,1
49144,18ee5896-bb1d-4278-96cd-b911207d0e13,0.296,5.8,5,1,1
49154,16b035c2-2fba-4913-8a6c-d8da8d52f576,0.220,1.0,5,1,1
49157,b6a91abd-ca5b-47ff-8a69-849f6a5243dd,0.235,21.5,5,0,1
49160,894168c3-0a9f-4235-b613-daca13c81680,0.620,7.3,2,1,1
49163,db7fd13e-11fd-469d-a2b6-0b4ae1be8271,0.299,4.0,5,1,1
49164,5888658b-3ec9-4102-99c8-5bfaf8be3942,0.268,7.9,5,0,1
49167,4afe862b-d946-4bd6-a569-62f820191444,0.421,2.3,5,1,1
49168,906b2ac8-4c36-42d0-a9bf-6b2f2cd3a735,0.607,52.3,3,0,1
49171,263901b8-78f6-4e5c-b3ef-3c221730d784,0.316,61.1,5,1,1
49172,dc8530f4-25e0-4a15-a3a6-0c5d8633e6d8,0.260,3.0,6,0,1
49173,fbe3c6aa-b41f-468f-8478-3d8275dad17a,0.358,1.3,3,1,1
49174,3869949d-7bb5-4e95-802b-5cd87a64a64c,0.250,8.6,5,1,1
49179,5e646a7f-2834-4ce8-8143-ccb4fab10c0d,0.344,9.0,3,1,1
49180,cef2192a-918d-4418-84a7-72a1cd80ebc6,0.021,544.1,2,1,1
49183,ca3e37a8-d835-42e0-a937-cdcded238d6e,0.853,25.5,2,1,1
49184,5978a435-0c37-40f7-a0ca-015676f33687,1.000,89.9,1,1,1
49188,a68d1029-2fbc-4545-850b-ce95bbc051e2,0.506,16.9,2,0,1
49191,ec6ad1f9-daac-47ff-aaad-9fd1ac943342,0.503,16.0,2,1,1
49192,ce6ae3f9-a3c4-40d7-a0dd-5b8923fcbd4b,0.723,8.0,3,1,1
49193,49ba1257-ce7c-475c-8a62-2c1d703469ab,0.466,9.7,3,0,1
49194,ddf62b91-c89a-4a08-8b64-e7da3656fc39,0.267,1.0,4,1,1
49195,113953a6-9e34-4c93-8848-3cd3648dee26,0.503,8.3,2,0,1
49198,b51cc0d4-b42f-41c6-a1ef-61e5cba39c01,0.541,43.6,2,1,1
49199,dfb245e7-d388-410c-9914-ab57b3826c93,0.342,3.9,3,1,1
49202,884201c8-4d0a-43c9-af46-185cea2f03fc,0.155,111.4,6,1,1
49203,96bfd16c-3c76-49ea-beba-50d407bebcf3,0.330,17.5,6,1,1
49204,c90e4166-73f5-4a73-b530-d8274029202e,0.299,6.0,6,0,1
49205,7c8972e9-75d0-4cc0-8fef-41c0ad955737,0.221,31.7,6,1,1
49208,728c9a39-a93b-443d-b421-5f1374e823ae,0.967,4.7,2,1,1
49211,db81a334-cb2b-4a76-a015-83b90dffc58d,0.205,1.2,7,0,1
49214,bd02ef29-d0c9-4bbb-976d-cc5b8ebae513,0.510,4.4,2,1,1
49217,0b5a104d-6034-4914-921f-de6d96aa68f9,0.250,8.9,5,0,1
49218,7654bca6-60b9-4090-b1c6-92ddabf4a4bc,0.331,14.1,4,0,1
49219,aa5286f6-51fc-4382-99e8-a967b6b60dca,0.337,6.6,4,0,1
49222,8fe044c5-8a18-43cd-b8a1-ddec4bbe419c,0.505,3.9,2,0,1
49225,6807fd18-1cf1-4f44-8cb5-109352a29479,0.541,213.5,2,1,1
49228,5fdf6937-ceb3-45cd-9dbc-90aa73c0a4a0,0.371,5.1,4,1,1
49231,9416474c-aa95-4ca8-8033-c8a5763f628a,0.564,3.1,3,1,1
49232,c84d6ddf-224d-4a41-9735-2f2d9ed88e70,0.264,8.2,5,1,1
49235,98ce5db6-5947-49ab-bb38-85cde623beff,0.253,4.5,5,1,1
49239,07ce1a44-e1c7-4c40-a0a0-291b9be8ec24,0.507,6.0,2,1,1
49242,23cc899b-4e1c-4645-ab5d-c9a545175b81,0.381,2.6,3,1,1
49245,0f212b23-44b5-44a7-a973-aee245903b52,0.923,1.6,3,1,1
49248,7ca252b4-cfee-4b62-9080-268a72a19ecd,0.621,18.9,3,0,1
49249,da08b125-4db3-42bc-98c9-06ee3cdff370,0.937,10.0,2,0,1
49252,64fefc31-2d63-4ed1-aa22-9575aaf0767e,0.305,5.7,5,0,1
49257,d5bb1dfb-d33a-4739-bd6a-97e654341ca9,0.332,149.3,3,1,1
49260,cac14781-458a-4225-960f-0b0e238da57b,0.283,13.7,8,0,1
49261,f51e70a4-655b-4909-983e-d6cafdf341c9,0.322,0.9,7,1,1
49262,42182894-c675-4024-a512-9878bc7409b9,0.615,79.5,4,1,1
49263,a35a8898-9f3f-4bd7-9ab4-ad640e346569,0.437,12.4,6,1,1
49265,eb872b99-4626-4720-b30c-b3a0d97c48a0,0.204,10.0,6,1,1
49266,61ef5829-7ac4-419b-9a18-befc0767fb45,0.532,2.9,2,1,1
49270,cf09274c-6d98-4ddc-8676-b6f01d532b51,0.297,6.2,5,1,1
49273,40d77a66-c70d-450d-ac4e-b83f55730081,0.831,5.2,2,1,1
49274,df6ff9a2-3b98-48cf-9598-b136f55f6db8,0.500,90.5,2,1,1
49277,4b95005d-a419-4542-8283-ab8269bbb347,0.539,3.2,3,1,1
49278,cf142859-bd85-4e73-9063-8807859b9ee0,1.000,3.4,1,1,1
49281,afa69825-3d10-4b4b-a826-1fdb053e49b0,0.651,40.8,2,0,1
49283,247b68ac-2661-4b65-9a74-c778dc9f972a,0.705,13.5,3,0,1
49284,6ed83ad6-74e4-4901-a689-6b5e7db349f5,0.305,25.9,4,1,1
49287,34e364eb-4574-4df3-b6e4-7e6c4611955e,0.495,7.0,3,1,1
49290,92f508d3-7d12-4ea2-a535-f333e4edf713,0.363,5.2,5,0,1
49293,c986e14a-5f9a-418f-a893-650ff4872b75,0.792,24.2,2,1,1
49294,96f448cb-630b-4a36-bfda-9ac3fdd45e9c,1.000,86.4,1,0,1
49297,0e4cf668-d438-4048-b303-4b99c8d31a7e,0.444,5.7,3,1,1
49300,b0db1986-41fa-4783-9c15-f910ed39fca4,0.257,4.0,5,1,1
49305,6188652b-d7e9-4f78-a5d7-3fd5b7ae281d,0.275,2.6,4,0,1
49308,30ac3b17-62bb-4fc7-901d-a1969ef33434,0.501,1.8,2,1,1
49311,a013c560-04c0-427b-89d7-3f23daaae6ad,0.440,10.2,5,0,1
49314,750b86be-ef6d-4ae2-a031-29b74ef0cb04,0.268,28.1,4,1,1
49317,1e0ee89b-7b6d-4bdb-8c49-37e93a7f2c13,0.493,34.7,4,0,1
49318,30c09d16-7429-4c65-936e-757459a30c6f,0.498,6.8,4,1,1
49321,0880fe9a-ba52-47e8-805a-5df09fbc20bf,0.439,58.7,4,0,1
49322,5e07b559-7c02-4aaf-9cc0-3670ed5c499b,0.424,19.8,5,0,1
49323,1820f801-9d6b-425d-9f84-0e1543f3f7a1,0.477,28.9,3,1,1
49326,2256fdf3-fd71-409e-b743-25af8c1bf9e3,0.207,3.8,7,0,1
49327,b6806a37-8cbd-4935-9550-48edb76438d2,0.647,0.6,3,1,1
49328,db0a9b58-6510-4deb-954f-8b7bd4edf951,0.503,18.1,2,1,1
49332,4bfae693-7533-43d5-b9b1-2a3c38c928f4,0.505,4.7,3,0,1
49335,6b88dc67-265f-4ca4-aea8-3fe3cad939c9,0.456,7.8,6,0,1
49337,8ccbf9e7-9deb-42ab-9c31-69c3335757ea,0.376,72.8,3,1,1
49338,961591d4-aab4-44d8-bd54-b2843eb835bd,0.492,10.5,3,0,1
49341,69115e15-0daa-4b7d-96cc-d5b6d59f18f4,0.341,4.6,4,1,1
49342,fceddb8f-ec2c-476b-8e84-4d656718b739,0.512,11.4,2,0,1
49345,611e1010-4edb-4b9f-b384-859c907dfc95,0.254,3.6,5,1,1
49348,d5610165-369b-4209-b27d-a87f578c4a42,0.417,8.3,6,1,1
49349,74cb5e26-de44-4b8b-a16d-9429c4966dd9,0.333,9.0,5,1,1
49350,880a8a47-f56b-4eac-a79e-689d5706c6de,0.328,21.6,5,1,1
49353,ec384ac8-b00d-477d-b5a6-7f4b8311004c,0.311,15.3,5,0,1
49354,788d191e-77fd-4e5a-964f-62b188505e47,0.545,16.5,2,1,1
49357,d3d29e9a-20b5-4da1-be49-5d156a6fd7d3,0.055,257.9,4,1,1
49358,66074401-2d84-44ea-b8e8-2f01af3562ea,0.426,3.2,6,0,1
49359,010bd96c-fb97-475f-b0f6-e9638c9f34be,0.338,20.8,5,1,1
49360,826623e0-2909-4384-bd37-5ad39973df09,0.198,0.4,7,0,1
49361,f6b4726e-e288-4369-819a-811260b0d1ef,0.493,3.1,3,1,1
49364,223cbdc6-5109-496a-801b-f40b1d8c7198,0.543,5.0,2,1,1
49367,8e106aaa-a954-419a-8859-3ba96ae2e772,0.448,17.9,4,1,1
49368,b0365c6f-7238-4068-9dcf-b95d025a97e4,0.397,14.5,5,1,1
49369,f055d891-7ad7-4b02-a0eb-5b5ac98d664c,0.258,5.0,6,1,1
49370,81d90731-2f07-43e6-b491-5ebb7999244d,0.582,56.2,2,1,1
49373,32b56bf9-de5b-4ce0-a9fd-63276054feeb,0.318,4.4,4,0,1
49375,b1de7c4d-9113-4324-9aa6-9868ab726cae,0.412,25.0,4,1,1
49378,2eb7deed-f974-43fd-8c34-2d9870399125,0.342,0.0,4,1,1
49381,0af942af-cd67-4887-8766-51aaeac52bfd,0.261,30.1,6,0,1
49382,f49d8830-6638-4daf-9344-da9918aa5949,0.251,5.3,6,1,1
49385,66a42ae8-97a7-4cc5-b8dd-45fa2b1de642,0.283,0.8,5,0,1
49391,bc402aa3-bfaf-49ce-8596-5063593fea9e,1.000,3.3,1,1,1
49392,80082f4c-fa70-4495-8652-3ee140e4b5f9,0.239,1.9,6,0,1
49393,69418206-99ca-4d07-ae8c-3ec77d2b404f,0.293,6.9,4,0,1
49396,ffddc5fa-c9f2-423f-9126-0f1111c889a3,0.309,22.6,4,1,1
49399,8195a8f1-423c-4003-9662-f1a50798b25b,0.527,13.9,4,0,1
49400,9d11f883-1741-41d4-82a7-da4d7a4a38e9,0.647,11.4,2,1,1
49401,ea4f8730-5ee0-4484-af86-5fec7a1f9bb3,0.616,0.8,2,1,1
49404,8815db78-314c-492e-b25d-03a5be7f7178,1.000,12.7,1,1,1
49407,5bd61354-a7ce-4fdc-8b13-9d65d03a12a8,0.352,3.1,3,0,1
49410,7ced6e09-0982-4cac-b7dc-4838f85e995e,0.360,7.4,3,1,1
49413,731f3051-cb93-4033-a79a-6866260a9a27,0.341,8.1,3,0,1
49416,092627dd-e294-4a36-ac89-b64e0dc64f13,0.607,33.7,3,1,1
49418,c057b775-6115-44d9-8a88-55cc9135d1df,0.786,9.7,2,1,1
49419,032838a7-1fcf-458d-9b14-eae7c3b1bfd1,0.281,100.7,2,1,1
49422,271d4d4a-473b-4732-96fb-a22b400695b2,0.826,4.1,3,0,1
49426,4b41610c-31fb-40fb-8524-f7b0607699df,0.977,5.2,3,0,1
49427,3a081bec-42e9-4102-a112-5776cf60297e,0.558,0.2,4,0,1
49428,30f49b7b-822e-4272-99d5-22b28f12bf59,0.031,533.4,2,1,1
49429,065a4ec0-bd01-4ad8-bca8-a95709bdc513,0.458,8.3,4,0,1
49430,077ba34a-4ed8-4180-a5a2-62a720c314d5,0.249,18.0,6,1,1
49433,0812dabd-4538-49f5-8bc1-024f49fc5cca,0.931,18.1,2,1,1
49436,e7c24810-0142-4a0f-94ad-df46ebb5efa5,0.467,11.1,4,1,1
49437,b9a50bbd-ae19-4ade-b863-0ce3341e2b96,0.329,5.2,4,0,1
49438,d412be81-46bf-41b8-86b0-369a6fd3470e,0.503,3.4,2,0,1
49441,d8d2719a-3323-41e5-abb8-19dc9addd255,1.000,11.9,1,1,1
49442,6418cb46-2c7c-4d85-bc42-381eee5e09b8,0.515,5.6,2,1,1
49445,1c68a7b8-f393-47dd-b673-c8de41bbf2db,1.000,68.5,1,1,1
49448,3bf9c02c-63df-411e-be4a-ceab98cfeb93,1.000,185.0,1,1,1
49451,b6345d8b-040a-4e4c-8e2a-d7cb63fb37ca,0.808,26.8,2,1,1
49452,405893b0-9b2e-4134-b36f-89110e9ebad0,1.000,10.0,1,1,1
49455,7180beca-492c-41e9-a49d-c90fb01c4f11,0.384,5.8,3,0,1
49458,4909adf8-fc79-43c6-a4ce-85f26e95e9a1,0.235,11.1,6,0,1
49459,b5c116f6-efbd-4d90-9df1-7f0c0c368b67,0.406,18.9,3,1,1
49460,328bcbe3-efec-46aa-b8b0-075d85d7789d,1.000,2.3,1,1,1
49462,0ca4fa0f-0797-4b72-8809-069eb982f121,0.837,6.7,2,1,1
49464,c9fa821b-d7cd-4543-8e31-c75e16688d7c,0.374,0.1,5,0,1
49467,1ad8d0bd-66ea-4902-aed9-d68cd463e37e,1.000,13.2,1,1,1
49470,dde1f9d0-8a81-49ac-8943-7ed67f802ebe,0.507,15.5,3,0,1
49472,90e318d8-0f88-48d0-b36b-27a6daf74afd,0.503,5.3,2,1,1
49475,647e002a-3852-4b14-8991-eb14934b7e9a,0.829,643.5,2,1,1
49476,e83ff342-881c-4e45-8000-5d249ec4c18c,0.902,391.6,3,1,1
49477,71e504c4-c60c-4c8f-ad79-5c937b08f381,0.739,153.5,4,1,1
49478,a5273331-d48a-4a0e-b601-1a0d48484757,0.532,15.5,4,0,1
49479,90042a54-b9d7-41bd-80e4-1be250e40602,0.479,8.9,7,1,1
49480,df743d1c-8a70-4c35-b9c4-0ec5d97275f7,0.497,32.4,5,0,1
49481,3601dce8-fcbd-463a-b30e-11198258586c,0.637,5.8,3,1,1
49482,970c20fd-4608-4993-9e24-5904aa925918,0.466,6.1,3,1,1
49485,cc26497c-4be5-47e8-b693-350572798060,0.300,16.4,4,1,1
49486,37ad1a70-2c11-43fe-b74d-6142f61ecf8d,0.229,0.0,5,0,1
49489,6e9030a6-a41e-4e44-b830-0082043a419b,1.000,2.3,1,1,1
49492,d8e37e24-ac2d-4373-9bef-f2191905376c,0.196,7.5,7,1,1
49493,7beae146-1d2f-4b67-b2c0-470edd1c8c05,0.137,27.0,7,0,1
49496,b7dd4bca-7aec-482b-a1df-4fd1303ae79f,0.365,14.2,4,1,1
49499,149795bd-9b1c-4e95-b23b-33dd7ec0cf83,0.517,18.1,2,0,1
49501,3c48942b-d85d-44bd-9df2-494e65300288,0.515,21.3,2,1,1
49504,8b804586-f8b7-4457-afd3-67a8da3dbd89,0.310,17.5,4,1,1
49507,20a4b569-b15e-492b-9934-74c6b8feec1e,1.000,13.2,1,0,1
49510,9fae8234-494c-4fff-87a2-93c4381bc0e3,1.000,4.8,1,1,1
49513,f2d979ea-8850-4423-b66a-4e5ab7f04d3e,1.000,98.4,1,0,1
49514,95b70b93-0cc4-4ec9-9207-25f348983f3d,0.583,1.2,2,1,1
49517,c9a3854b-7c6b-4023-a94a-28f5893a0f4d,0.351,13.7,3,0,1
49518,372a50e6-253c-4e4d-bd2f-558ff260efa8,0.749,23.2,2,1,1
49521,11ceb97d-a345-4def-802f-a725c6334381,1.000,32.4,1,1,1
49525,f6fa9b36-df11-427e-8eeb-ddb56f7a3473,0.265,3.6,5,0,1
49528,0bc6f257-bc8a-4b7f-828f-594b4a673a4f,0.512,17.4,2,1,1
49531,a7ff7b76-34a1-46a4-97ce-da2e525b48e2,0.504,15.5,2,0,1
49534,af31625e-7af9-4030-8916-7de6f624acb2,0.505,22.1,2,0,1
49537,4f10fcee-81ca-4089-b89c-18a1e1350433,0.652,18.0,3,1,1
49538,bd819fa0-816e-455a-8ffb-87e27e615dec,0.556,4.1,2,1,1
49541,a5f450bb-83a2-4fe3-a2d2-3385792dc276,0.674,3.3,2,1,1
49544,43c14d74-d79c-4603-a0d5-6412eada1e5a,0.446,6.2,3,0,1
49547,660c6793-9727-4f43-aa62-414ce982cedc,0.832,5.0,4,1,1
49548,0c4c25cf-829a-45fc-82b9-c8b52a2ced35,0.314,24.7,4,1,1
49551,d48736a3-45e6-42d0-9bdc-0a3f751627cd,0.444,14.6,3,0,1
49552,30d6cad7-61b9-4b34-98f9-66b7955f4e20,0.842,30.8,2,1,1
49555,5228a647-9357-4229-9376-0a0bf00b3c60,0.487,19.7,3,0,1
49556,26a3cfd9-4fb4-4f1c-bb70-683bd21e2d54,0.421,13.2,3,1,1
49559,abf2fa71-3c08-49d9-9f66-334550f9db5d,1.000,80.4,1,1,1
49562,c63dfccb-1955-4802-ae27-fa10c4a19476,0.417,15.8,3,0,1
49563,e1a682a2-cbb0-4326-8d50-27b378919eed,0.511,12.2,2,1,1
49564,597112de-c16d-4b1d-8de2-ceedc1193b8d,0.338,1.6,4,0,1
49565,6de9cf01-a852-4cb9-9062-822e8437d081,0.356,0.6,3,0,1
49566,95116d88-d19b-426a-b011-580889dcca59,1.000,7.9,1,1,1
49567,f0bb73af-20d6-4b6b-ae14-35d4feaf6335,0.340,10.8,3,1,1
49570,e8a64903-284c-4cd1-8103-9d5320c8f012,0.411,7.9,5,1,1
49571,4029d22c-0f5b-42ab-b0d7-cfd5f37baa9c,0.665,30.1,3,1,1
49574,23f801fd-dc9b-43fd-ac80-b3c181b4c6fd,0.501,12.5,2,1,1
49576,9bffa523-f0a0-471b-8fef-fb6126b8e37a,0.478,4.1,3,1,1
49584,ebf551ff-c09a-4fa4-8bbb-d47f7702fdca,0.333,68.3,3,1,1
49585,c8b9097c-70ed-4dec-8fee-ec70b5947b52,0.270,15.4,4,0,1
49588,ccea6398-c3be-4884-804a-9a3df463004b,0.262,1.4,5,0,1
49589,cb9462bc-f756-4250-83c2-a59432d19c0e,0.658,93.5,2,1,1
49596,4963ff8b-cf40-4ff2-a37e-fbd87749fb5e,1.000,22.0,1,0,1
49598,13db9865-ef83-47f9-a6e6-c1ab8312fc88,0.365,4.8,4,1,1
49601,aa1610cb-9c45-445e-b551-c494a1243c41,0.497,14.0,3,0,1
49606,723a8ae0-9279-4410-8f5f-1501fd463ed0,0.408,9.6,3,1,1
49610,48ff0419-ce47-40ed-92f2-e8be6d928605,0.482,6.6,4,1,1
49613,45aaf8e2-20fc-45ad-949c-5f708eede4a9,0.602,16.2,4,0,1
49616,5b582d11-3232-4c15-b829-e8ef8be1020e,0.335,2.0,4,1,1
49620,275de6db-0ef6-42a2-adfc-1bbc743678f7,0.392,6.0,4,1,1
49623,a7ad8e90-db6e-4fad-9633-4adb243b8d06,0.328,7.9,4,1,1
49624,2c35aed0-db8d-4dcc-aad9-ef5ce75557b8,0.262,5.6,4,1,1
49627,e35655e0-21b1-4286-adab-b6a0966260cb,0.540,2.2,2,0,1
49630,d3204280-81a4-47a5-8ef8-52da66cebf05,0.335,73.8,3,1,1
49631,33bb6c30-9215-423a-9de7-abac2a98378a,0.339,11.6,3,0,1
49634,9b0f35a4-dd16-4d8f-809d-50fc62f7fd45,0.340,0.1,3,1,1
49640,f4bc717c-8637-444d-97bb-c9cb826406e4,0.608,20.6,4,0,1
49641,6a08aad9-c2a8-4ec0-8ec6-c14016ed926c,0.211,9.0,8,0,1
49642,0f4f75b6-3f44-44e6-b772-7e8a96595941,0.237,1.3,5,1,1
49645,7f161855-5667-41fe-8bf8-859f7a4b7a3a,0.234,0.2,6,1,1
49646,f6973bdd-21fb-4268-a764-a9a9925d27f5,0.222,7.1,5,0,1
49647,094ecbaa-9093-49b6-a579-781465599375,0.271,0.3,4,1,1
49649,6ef26684-c043-45bb-bd6a-d75169207865,0.264,0.4,4,1,1
49652,84e98f39-83f1-4645-876b-62e427675748,0.366,4.3,3,0,1
49655,78a98c2d-c04a-44db-90e6-fbbc01348268,0.210,0.5,6,0,1
49656,f427e80f-b9c2-4ff9-a41a-a6dfe45877bd,0.342,0.1,3,1,1
49657,dd1637ce-edb1-45ea-b0bc-80a604625812,0.260,2.6,4,0,1
49658,796a175a-ecaf-4d48-8d95-940a39ed294f,0.521,0.4,2,1,1
49661,fa2be757-73ca-40bf-987c-a68d2dd61343,0.272,35.1,4,0,1
49664,98a97416-55a2-41cb-857f-bc671f356164,0.215,4.9,5,1,1
49667,41f77019-4353-4c37-817d-71bbf4c7b592,0.527,6.4,2,1,1
49670,1933de2d-ed5f-46e6-9bc7-5b879a494ab9,0.975,78.9,2,1,1
49671,0523fca5-0c08-495c-bbb3-030110bc6066,0.346,4.1,7,1,1
49672,3c4f72fe-8d01-42a5-95af-5e7462730cc9,0.290,19.9,4,0,1
49676,2d6d82d4-b7f7-4cc1-b82d-7222d629e6d1,0.341,7.2,3,0,1
49679,dc8c56d2-dde2-4d88-8162-23b00673ef86,0.502,7.3,2,1,1
49682,818d1a29-6dc0-4532-aafa-70d7faf7947e,0.592,3.1,3,1,1
49683,78ff7338-2928-4680-aedc-f742014cd06d,0.307,20.2,4,0,1
49686,c592bf12-ffb3-4b8c-8a7e-17f834e2d44f,0.268,12.7,4,1,1
49687,3ad746a5-c9f0-4e58-9754-87b8a6506e21,0.340,8.9,3,0,1
49690,e36e3919-6dc5-4d76-b6a0-21282067fc44,0.498,191.8,2,1,1
49691,9deef602-a015-416e-a589-35881a0c11a4,0.337,32.1,3,1,1
49694,ff620e34-3699-4c2f-a3f0-094dde6f44a2,1.000,9.4,1,1,1
49697,21355500-04c1-44d8-a2ad-f9b144a307ff,0.701,22.4,2,1,1
49700,9b7e6414-1fdb-489b-90cc-ec89f6625dc6,1.000,4.9,1,1,1
49702,6af28e83-c947-4963-b227-a95dbaf1c8e7,0.541,0.7,2,1,1
49703,ba4c23dc-32c4-4a9a-8d99-f936edfc7c1c,0.336,4.3,4,0,1
49704,97ba49a5-3789-4070-b016-2f197cf3cdb7,1.000,11.4,1,1,1
49705,ea4e752b-3aca-4072-a138-06781c314a0d,0.383,3.9,3,1,1
49706,961359e4-a41e-46a4-a15f-f7446a9c6692,0.231,173.5,3,1,1
49707,c3d9961b-5b91-4a73-aad7-cc021b391f10,0.246,44.7,5,1,1
49708,9e2500a8-6cde-483d-87bc-e954163da49d,0.300,5.9,5,1,1
49709,a7fd7066-cf88-46c4-a4e9-e25950469760,0.294,2.9,4,0,1
49710,5c103c9c-e542-493b-97f5-06b869484aaf,0.278,6.8,5,0,1
49711,ca019c08-8cef-41b3-b182-36698f7f48e9,0.450,6.3,5,1,1
49713,e5831714-3812-4dbd-85ee-d14008a0a7b3,0.088,254.8,3,1,1
49714,e165bb90-1060-442a-bad7-ef291ed2ba09,0.467,4.2,4,1,1
49715,548eb902-d8fe-40eb-8cd2-6e414d32b1a1,0.310,119.3,4,0,1
49716,2ed15a82-04d0-4f2e-bc9c-00c4bd351448,0.307,25.2,5,0,1
49718,1adf356b-55d4-423a-b55d-b30e053e9884,0.263,4.4,4,1,1
49720,ca3bcab0-61db-43a6-a165-8d41b1abf987,0.277,2.4,4,1,1
49722,ac15eec8-c637-4438-859f-ea62b213c127,0.343,9.4,3,0,1
49723,fc7e3bfb-a27a-4a6c-aca6-98a76417a837,0.518,34.7,2,0,1
49724,d988ab1e-8304-428d-92e2-ff70081775e1,1.000,124.1,1,1,1
49725,e7d48b5d-efd1-44ab-a700-27eb9e57a66c,0.408,3.2,3,1,1
49726,40bb070e-89d7-49f6-b04e-37167891cb01,1.000,14.2,1,1,1
49727,83281d89-64f5-4ed9-a277-1c80a716faff,1.000,127.4,1,1,1
49728,6d597483-986c-4d35-8d09-92977dd39a90,0.339,9.9,3,0,1
49729,5a4ad258-6191-498b-a719-b098937a2c28,0.437,45.4,2,1,1
49732,3e4ee885-0995-4547-8730-f9b43fa2d5ef,0.389,23.3,3,0,1
49734,ef123a1e-43f3-483d-a2d1-1795ae899cd1,0.506,2.6,2,0,1
49736,027add2e-96c6-4be3-957b-822641c44bef,0.262,17.5,4,1,1
49737,1d45b718-a4ee-4d0e-9e60-64e6ad99aa4e,1.000,6.7,1,1,1
49738,f0f1897c-76a8-4ef6-a7fc-c21f29e12109,0.393,318.0,2,1,1
49739,edb2a5ce-2ee8-44ef-96fa-cccaf9f0f300,0.589,4.4,5,0,1
49740,0bc64f7c-2c83-498a-81dd-246231ed80cb,0.214,1.9,6,1,1
49741,4d928418-e4ed-4e41-96d4-120b6ac542e4,0.504,1.5,2,0,1
49742,cae362d2-268b-4fb2-8d4c-114bd4bfc50b,0.379,0.5,3,1,1
49744,b7a6b53b-f285-47f4-855e-7cf5915c6400,0.324,22.0,4,1,1
49745,05527411-bcd5-4b72-a41b-721801271aef,0.234,0.8,6,1,1
49746,69cdbd4c-258a-4da5-96e3-21e0d2a2dffb,0.352,8.7,3,0,1
49747,6d2811ce-ec26-4594-9b3e-95b8bfe05ff4,0.366,3.7,3,1,1
49748,e0a0dfb9-cef2-4871-bd27-21a583b9ae62,0.361,26.0,3,0,1
49749,f0360a12-bb1a-45bd-90d3-0269d4e80693,0.295,13.8,4,1,1
49758,83123a04-dc2d-4ad2-9080-20f138a8f53a,0.345,8.0,3,0,1
49761,97ba16dd-4a67-41b3-8f40-cd13905220c5,0.508,29.8,2,1,1
49764,2eed256b-aac7-4819-a09a-d4c8f04c4b91,0.251,127.6,4,0,1
49765,608e5af6-91eb-42f1-98af-c3b44818b15f,0.266,9.4,4,0,1
49768,eade4600-9518-43fe-a996-0930c16d04da,0.367,3.1,3,0,1
49771,1fea02d3-4660-4795-85d8-f9c5e75e306c,0.264,200.5,4,1,1
49772,e4155210-3731-4e90-88ea-4ae963f4a8d8,0.255,60.8,7,0,1
49773,42eaeb6a-33ca-4a83-ba1a-ee27486a0a45,0.228,5.7,9,0,1
49774,5e7f120a-18c0-48d1-a7b4-fb50efa7643a,0.251,8.0,8,1,1
49775,3e83cd3f-69b5-4260-9eb3-fadb1aaf16a9,0.240,52.4,5,1,1
49776,6562a2dc-7793-4575-a8b4-34e012b7973c,0.211,4.5,5,1,1
49779,f69c9348-a143-4e3f-b6ec-f042609e302f,0.476,28.4,3,1,1
49782,8fd2ef22-fb0c-4450-827e-ade764963d89,0.389,6.7,3,0,1
49785,69b75df5-4d11-4c71-8a05-acd39e113cb5,0.245,4.3,6,1,1
49788,a6649e29-df0e-4d87-bd9f-74ee179f3365,0.839,2.2,2,1,1
49789,50430cce-ff70-4c42-92aa-9b5afa88c441,0.379,3.9,3,1,1
49792,cd604a13-0335-4b5c-bf8d-d5146bdc31b1,0.969,3.7,3,0,1
49795,2e89a9b9-7baf-4aca-9199-fa516955e00f,0.579,14.1,4,0,1
49798,d7cbf812-b81c-4823-9ad4-b977146d5caf,0.151,0.8,9,1,1
49799,e4fe5a92-c277-48c5-91b8-1c579027271a,0.133,12.8,9,1,1
49802,26da44f0-1c5f-4822-b469-dedfe8a0dbc2,0.545,8.1,3,1,1
49803,22fc54c9-baba-425e-83ab-6754a0867631,0.336,2.0,3,0,1
49806,aceb402f-1af6-42e1-a291-d99c3d7f9c00,0.512,0.3,2,1,1
49809,dc247177-72aa-4369-b532-3b0a53b173e6,0.326,12.8,4,0,1
49810,cacdacb6-7a77-4134-a602-68e2da6c9a63,0.352,4.4,3,1,1
49814,43761502-2383-460b-a2db-6cbe538b4acc,1.000,7.6,1,1,1
49815,63346189-6f3f-4b19-9c16-a1f97e99b315,0.291,3.8,5,1,1
49816,1eae208b-839d-4315-aa29-e148bfb600c9,0.321,12.6,4,1,1
49818,023bd2fc-0c3d-45ed-a9ca-0647280e36f9,0.548,0.2,3,1,1
49819,29f7d23a-b5f1-4384-b52a-973de193f08f,0.822,11.5,2,1,1
49820,c39f5512-913e-459c-9311-2abc890b995d,0.633,2.1,2,1,1
49821,b7f7dc24-5ccf-4a71-b3ed-9467b2f86acb,0.346,0.8,3,0,1
49822,525c81b7-5b1d-4689-928a-8faf80796a45,0.458,27.8,3,0,1
49823,25dec7b0-4f88-4eb3-a4dc-ce21234c0c56,0.606,6.1,2,1,1
49824,5ad856b7-363d-4145-8ee8-d60a07d0950e,0.370,18.0,4,1,1
49825,9114c3d5-3e07-4782-b381-2c860255cc5c,0.435,1.1,3,1,1
49826,b2c951ae-46c7-4f76-8a2e-1e11375d601f,0.502,3.3,2,0,1
49827,fa6b4f90-e19a-4c41-917c-7f0c31d2b41b,0.485,1.0,3,1,1
49828,626fd7ef-5d36-4567-a1ae-cc88211afb61,0.406,9.1,3,0,1
49829,d9d7703e-4b68-48da-9d45-05e61d72b415,1.000,23.1,1,1,1
49830,47b3338d-9a32-4d61-9fae-79b8f60489c5,0.488,17.9,3,0,1
49831,657cb679-f3b5-41b8-abda-907e63fd9f98,0.519,5.2,2,0,1
49832,889af7bd-9aa1-42cb-82bb-31329bccd6e6,0.501,2.6,2,1,1
49833,83abecdd-9ac4-4378-8dbe-019e4b9c826c,0.872,67.5,2,1,1
49834,ebc2d0ba-8639-4dc8-b57a-802bc92d40e4,0.346,1.0,3,1,1
49835,a17d8806-285c-4985-89f2-068b9132393a,0.566,3.7,2,1,1
49836,8130cff2-c35c-4a51-a88f-6560b037a448,0.338,2.4,3,0,1
49837,8e421c13-a063-4f97-be60-edafd0b71303,0.517,1.7,3,0,1
49838,87c44bd5-df1e-488f-bac3-e2947ca31fe9,0.850,6.7,2,0,1
49839,eadc6afe-46b6-4505-8106-e1678c9b4257,0.372,0.3,3,1,1
49840,e16d7ec9-c1f3-4c00-94db-9a656dcf5957,1.000,16.7,1,1,1
49841,225092d2-055e-48ba-a97e-f964a2470930,0.390,108.3,2,1,1
49842,98ea50c7-6e5d-4b6a-8b46-f1812f669244,0.393,0.4,4,0,1
49843,59e9fb3d-a15e-4e30-91df-c7e682b8851a,0.339,6.0,4,0,1
49844,71379072-d0d9-4353-a5de-b53389bd48c4,0.379,7.5,4,1,1
49845,31450972-7d59-4bcc-89f2-0268e27ac823,0.346,22.7,3,1,1
49846,bc7106e8-e02d-4b47-b9d3-a2db134cdec8,0.315,35.9,4,1,1
49847,e50cbf69-969f-456b-90f4-d473a2d27b47,0.351,4.8,3,1,1
49848,b9660095-fd99-4f9b-9bd7-20a75715fd40,0.360,2.8,3,1,1
49849,b2f2ec61-2180-42f3-8abf-20f544d4d85e,0.365,0.2,3,0,1
49850,51ac28fb-5bbb-4c6e-a6a6-7b40869a9868,0.338,4.0,3,1,1
49851,1a2a0a6e-eb2c-43b9-921d-17294e7b44e1,0.345,0.5,3,1,1
49852,7c41ff34-691a-45d5-9e4a-cfa278922c0d,0.860,0.5,4,1,1
49853,a133002d-bef8-49ef-b450-d9f6938c9d77,0.902,73.7,4,0,1
49855,24354fa2-fe41-4bf4-9d2e-00560d095727,0.511,80.0,3,1,1
49856,3358c379-71dc-465c-83f3-2a48d6da2adb,0.510,2.9,3,1,1
49857,26699a05-504a-4531-9c79-931b1b8890b5,0.265,1.7,4,1,1
49858,02172924-4bfe-461c-bb8f-91235f6dbd82,0.510,311.8,2,1,1
49859,05058338-8a33-47c1-a74d-cf918e2fff98,0.342,27.5,4,0,1
49860,12b9a84f-d6a1-446c-b5da-ce2fd903f774,0.655,33.8,2,1,1
49861,2bff64ce-9b68-48b9-a4d2-2c990f2871a3,0.378,5.4,3,1,1
49862,96b2c268-eb67-4d58-a8e7-32f3bf925c42,0.355,0.6,3,1,1
49863,ade03d49-129c-411c-9e6b-3d4360432374,0.373,4.2,5,0,1
49864,ccb9f1a8-d803-4dfc-94c8-42287a85a216,0.501,4.1,2,0,1
49865,8d3be44c-2137-4a00-a4bc-ae88fc7b5513,0.266,1.3,5,1,1
49866,a67dcce2-158f-4879-bccd-d8d60604f985,0.715,4.7,2,0,1
49867,ced3fb97-7eae-4268-9b40-3b8a8f427548,0.314,1.9,4,1,1
49869,57936fc7-2d48-42be-bdcc-60a1068befa2,0.488,10.8,3,1,1
49870,0ee59dcb-e375-451b-9ef0-71dcb9ad0178,0.987,29.2,2,0,1
49871,c2ebaf5c-342f-4537-bc44-14ef0241ea42,0.960,44.4,2,1,1
49872,945893d1-f280-4874-b26a-669658312f36,1.000,180.1,1,1,1
49874,99dd6ced-e048-421f-9a11-0fedf67e0101,0.422,14.5,3,1,1
49875,816e4d55-5aa0-4dd2-87cb-820d4a217cc3,0.513,6.1,2,0,1
49881,65b2adad-85d2-44db-949a-9bda7b064046,0.371,0.6,4,1,1
49884,c52f1314-a297-41af-aa0d-c2102d40d159,0.298,12.9,5,0,1
49887,6f6aac7b-479f-40dc-878f-0067a64ebb5e,0.707,2.0,2,1,1
49890,f80851a7-d291-43a8-826f-81b31075287b,1.000,2.9,1,1,1
49893,84442f1b-b3a1-43db-adc7-615d240a0725,0.277,0.1,4,1,1
49897,276b43d8-713a-4a5d-bf0a-d8d959c73365,0.694,10.3,2,0,1
49901,a28063ce-a165-4a2f-822b-354e0863fa33,0.558,0.5,2,1,1
49904,b54704b1-0ab2-4f5d-a19f-c276d0024711,0.266,55.7,4,0,1
49905,57c03fe7-d5ce-4c43-8a57-98f276d6cd87,0.220,5.6,5,0,1
49908,72f313d1-5d01-4b96-9ad4-13a06c6bed90,0.576,2.8,3,0,1
49909,4d1bd1d3-dfc1-47e0-998c-f2cf308e421d,0.680,17.9,3,0,1
49910,c42a471b-d42a-4e9b-bc7c-6928c911a5d0,0.251,4.9,5,0,1
49911,481244c9-0574-4f3e-ab8e-5130f43e9989,1.000,5.2,1,1,1
49914,21284786-012c-4ad3-a136-7735eb51550c,1.000,261.9,1,1,1
49915,e657f4df-f00b-4b51-8fb4-09c124e3c03b,0.454,117.8,3,0,1
49916,556881f7-db1b-4d3f-8f01-31a4aa62fdc6,0.392,2.7,3,1,1
49917,b1192a2e-48d4-4e36-b03b-4f7daee25819,0.503,16.3,4,0,1
49919,8ae4c2bb-288a-4dff-910a-569afd8f14cc,1.000,4.0,1,1,1
49922,824457ba-3a46-4b6d-babf-f59d5cb86636,0.359,12.7,3,1,1
49925,ec3c87d0-fa7f-40ce-8213-a11c9563203d,0.681,33.1,2,1,1
49926,eb309d92-e0af-4b84-8581-15dd1c91d7f7,1.000,3.1,1,1,1
49929,7228dda7-520a-4378-8c2b-204109fd6078,0.896,6.7,2,0,1
49931,0125f9c9-4d65-4fcf-ab37-6493721609ad,0.474,11.8,3,0,1
49932,49fa3fef-0f9e-4a53-90cf-ed2d52958978,0.540,1.6,2,1,1
49933,c597128f-1717-4d36-96c5-ece6c682c983,1.000,98.9,1,0,1
49935,de9bd4af-77c4-4f13-b2e4-18f97a84136c,1.000,1.2,1,1,1
49936,8a859dbb-4892-4bf5-9692-5c0a634d5fe0,0.499,1.5,3,1,1
49937,64f86475-13fa-490c-b592-47a560984c44,0.379,9.7,4,1,1
49939,e15a89df-c846-4be0-8852-f8f17cd7d770,0.467,0.6,3,1,1
49940,ba33570e-ba11-493d-b1ac-e28906cbe460,0.648,3.8,2,0,1
49941,441be4c4-1093-4e8c-9c99-0c45df3fd6cb,1.000,72.8,1,1,1
49942,cc4bc396-57cd-413e-bfbc-aa51d8d49a37,0.354,18.0,5,0,1
49943,aa7e6120-69ae-4e9a-bf2a-299daeff9feb,0.463,266.1,4,1,1
49947,673ac76c-54ce-4834-89fa-12e40642f6fd,0.283,0.3,4,1,1
49948,48e4f6ba-e872-4e12-94ee-235843f2c128,0.339,3.7,3,0,1
49950,482d2be0-2612-4f9b-ad2e-ead600f5a599,0.434,8.4,5,1,1
49951,459b95c0-a8b6-4c90-b24d-4a8a3f32d9df,0.334,31.3,4,1,1
49952,eed49e12-9d5b-4601-ae2f-5a22aa2da9a8,0.340,5.1,3,1,1
49953,354ae555-b8bd-4923-a5fd-9b75ade5491a,0.347,9.2,4,0,1
49954,0056905b-5f8e-4ddb-9166-e8de6b295907,1.000,1.6,1,1,1
49956,6d9d6946-333a-44ab-a44e-4c77d34972f2,0.508,4.0,2,1,1
49958,05c582b7-1036-4232-8114-de1989c42570,0.543,8.0,2,1,1
49960,659df22d-e454-4d72-8400-b3015fbd9402,1.000,2.7,1,1,1
49961,dc6f4114-c56e-4f3e-9704-6adf8723dcd4,0.255,7.3,5,0,1
49962,22a8bbc7-1da9-4a05-ae3a-d4ed28c2bba0,0.486,16.1,2,1,1
49963,220b9e58-cc63-4b55-bc1e-e25da18a53e9,1.000,14.9,1,1,1
49964,06224fee-9079-4f0b-bed0-83ec10b8d5cb,0.523,5.2,2,1,1
49965,a2f373d4-e26c-46b2-931e-7bb94e9a4b74,0.693,16.8,2,1,1
49966,7c59a8d1-29a2-4cae-abd4-f75cd1a5fcbc,0.998,6.8,2,1,1
49967,7b9205a2-fdec-434e-b5c8-a586c2466bfb,0.443,20.3,6,1,1
49968,c6642b3b-1516-47a8-97c0-dbd6d1f3e5a2,0.352,5.3,3,1,1
49970,1abd5920-ee05-4b65-b2e7-ccb1b61db612,0.683,12.2,4,1,1
49971,a0dbe471-afb7-4ed9-a727-12c6774e64cc,0.558,8.1,2,1,1
49972,cc04819c-3d1f-4117-a432-5f355ccb7959,0.999,54.1,2,1,1
49973,9e23f8de-73ea-4a3c-a3eb-cd114b28d982,0.399,12.5,4,0,1
49984,aa587056-1e9e-48e6-a85f-e872cc533caf,0.317,3.3,5,1,1
49986,122b2ca1-bdfe-467f-a6c1-1c070e5888c1,1.000,26.6,1,1,1
49987,bd0fffc9-ce3f-4426-b174-060bebedd2c0,0.347,13.1,3,1,1
49988,6a876797-7578-4c8e-af95-67300428c4a0,0.292,11.9,4,0,1
49989,063bc195-b962-4dc9-8271-aae7597ee4fd,0.269,1.8,6,0,1
49990,ec971b20-6316-4861-b56c-7fe49d6e3204,0.274,12.0,5,0,1
49991,bb7d9e1a-30dc-4370-95b8-853a187cd5b0,1.000,2.0,1,1,1
49992,5e3366c3-2eae-4a6e-8f5c-04f71803aaad,0.106,143.1,5,1,1
49993,b8f0a08a-fa59-4afd-bcf6-255c689e546f,0.208,34.7,6,1,1
49994,2f92a285-1407-43f7-96be-b1a50cac4242,0.508,8.2,2,1,1
49995,836f406e-f37f-4abc-b399-fb0080a167cb,0.389,11.5,3,1,1
49996,eba1a189-2c86-4874-abce-186706fd7e34,0.456,7.4,3,1,1
49997,01617d75-31fa-41cb-bc5b-359c259f28c1,0.503,2.1,2,0,1
49998,778dc30f-df1e-4335-885e-df5ead89f0f9,1.000,206.6,1,1,1
49999,656e53cb-24cc-4efd-ac73-4ced59c98910,0.922,9.0,2,0,1
50000,3415dba4-06bf-40f4-ac9a-d4c93cbe695d,1.000,24.4,1,1,1
50001,11d90f3a-7c5f-4e19-b4f0-50794a7bf57a,1.000,169.6,1,1,1
50002,0af37982-a0dc-4515-9dfa-3c5c17d4cd73,0.308,43.4,5,0,1
50003,118c8ca3-d593-4817-8b78-74f2f5b3c31d,0.627,12.7,2,0,1
50004,dae44656-cef8-4d7f-9166-aeee57d6836f,0.390,0.4,3,0,1
50005,ec7f6800-5b02-4672-9731-9469e1389f49,1.000,11.6,1,0,1
50008,6162b67e-c304-46a7-b6df-c5009753f232,0.409,15.6,3,0,1
50009,ba77ccf5-d2ee-4072-8289-594c74b40f7d,0.344,2.2,3,1,1
50010,5e836566-d109-4949-83e3-1853111b71f9,0.558,2.3,2,1,1
50011,e7b2dc5a-0291-449f-88cc-73ddecef98b2,0.523,6.4,2,1,1
50012,82dedaf5-f7e3-41e8-a4f7-32091a1924a0,1.000,10.7,1,1,1
50013,0e3c88e5-c6fc-4fe6-a5a0-6d143b0a6653,0.283,2.2,4,1,1
50014,e727f562-124f-406d-97d9-46a20e8a11be,0.269,6.2,4,1,1
50015,a91797e3-031d-4ea8-b982-fcd3a6961bad,0.354,5.9,3,1,1
50016,60d2f6b3-be95-41d7-a66c-5590e5be3f79,1.000,6.3,1,1,1
50017,3a34dc0f-da33-45f8-bc71-1ccbbc3b6abd,0.366,14.3,4,1,1
50018,710867d9-e7ee-4d47-b1c5-cb091ea6c3e1,0.283,4.8,4,0,1
50019,77553c50-11f0-4620-bebf-9f53a9c67728,0.711,14.9,3,1,1
50020,437afaac-19c7-435e-a51a-d75b9d40b08c,0.510,14.5,5,0,1
50021,42abc100-28d3-4135-a05a-6a8e53ee064c,0.403,10.7,4,0,1
50023,2875e20a-127d-4519-aa82-b056535798bf,0.813,44.0,2,1,1
50024,d07b4b24-50e9-40d3-8500-946630f42ebe,0.676,13.9,2,0,1
50026,d8b1191e-1207-49f7-bdc0-dd321de99367,0.819,22.9,2,0,1
50028,994ecd7e-4675-462c-b2df-9f0500e5a3bc,0.518,22.5,2,1,1
50029,b2ded203-648c-40f8-a461-21e981be1c87,0.460,4.8,3,0,1
50030,3d88076a-061e-4215-8975-2208bc188ec7,0.431,26.1,3,1,1
50031,533317b3-bcec-4b19-8851-5096eda16ed6,0.502,6.2,2,1,1
50033,f3a89bf3-ff16-45da-9739-5e26acd4ee7d,0.559,24.0,2,1,1
50034,9ba3ac1a-13dd-4a0d-a5b4-ae92807154ef,0.357,9.7,3,0,1
50035,c18405d9-0958-452a-8ef4-d12ce2c1403e,0.564,14.9,3,1,1
50037,7dce47ae-aa28-4851-acab-e6d9a020af08,0.749,0.2,2,0,1
50040,ea895b6e-a580-44dd-b050-2c0347a23f2b,0.817,7.4,3,1,1
50041,aa6112b6-e284-4624-b55a-5828fe31a34e,0.495,8.0,3,1,1
50047,72f0a397-803a-460a-b5a4-20558f8ef45c,0.305,98.7,4,1,1
50048,d9ee8715-3e80-4d1a-996b-949bcb681c77,0.232,0.1,7,1,1
50050,939b9c9a-7b87-4d51-8696-c8a8108a7016,0.359,6.6,3,1,1
50051,0dbfa325-e739-4b9d-8bd8-81754288d434,0.678,2.0,4,0,1
50052,5799b582-12c9-4bfa-9abd-c8ba2f5e1fe8,0.899,20.1,2,1,1
50054,4711a860-8e71-4737-aa58-c83d21fc6f6f,0.538,6.9,4,1,1
50055,d1df8b12-8707-4203-aa3f-15318349e3b7,0.530,4.9,3,1,1
50056,2d3b0497-1c76-430e-aa71-b8603024f7ca,1.000,110.8,1,1,1
50057,28eb1767-66ef-401c-8816-2fa4255e26cb,0.707,6.5,2,1,1
50058,4e605500-e688-4dd3-83a8-885e8e48c16d,0.999,31.9,3,1,1
50060,1592db6c-91db-438c-91a1-91cd60ba944a,0.542,9.1,5,1,1
50061,3ea229de-de61-4176-914e-6aa09b614a3d,0.430,11.5,4,1,1
50062,fd123415-90e3-4b57-aa5e-9d542f39fe7d,0.160,143.8,3,1,1
50063,0d80ced7-49b7-4008-8d8f-b63b551d6fde,0.307,16.1,5,0,1
50065,bdc4806a-41a0-48d5-b48c-47f05692f243,0.276,5.3,4,1,1
50067,4a8d9ec2-621c-449a-b103-a9f89ca48b5f,0.505,12.2,4,1,1
50068,bbfad3b4-448c-486a-9052-c2f243fccfbd,0.490,0.1,5,1,1
50069,d491231b-c331-4d6b-857d-e995de8680ea,0.848,20.0,3,1,1
50070,968821e2-445c-4ddd-9950-2d3f4e3d6f98,0.925,9.3,3,1,1
50071,26163c50-b97b-43a9-8da9-b107ba84cd68,0.483,3.1,5,0,1
50072,3466cec1-77f9-49df-a79b-f6e5b2c1b4b2,0.485,0.6,3,1,1
50073,a965b68b-a666-46ed-8d99-81eb86b69e7b,0.571,27.2,2,1,1
50076,b323dd96-6916-4f31-8a5f-316a3a06dcf4,0.513,7.5,3,1,1
50077,acc03f92-8237-454e-bb9b-030110d79f6d,0.669,7.5,3,1,1
50078,d6a30378-cdcd-4c5d-9042-edf27a4b544a,0.506,32.3,2,1,1
50081,79444ee6-b2ac-4689-8216-da7c38827274,0.298,3.3,4,1,1
50084,215882c8-f315-4f3c-b703-d4a51a3b4b93,0.584,7.5,2,1,1
50087,adf6ff4b-9a90-48ba-8c7d-b75e0238faef,0.509,4.7,2,1,1
50088,d3234e10-4c15-4499-b32b-b2969e8a8be8,0.785,8.2,2,1,1
50089,79548703-9639-468e-9928-b0b45dd34aa5,0.955,15.7,2,1,1
50091,95ee414f-8901-42e8-a397-7be25819c576,0.188,114.5,4,1,1
50092,a9046f70-8af9-4b35-8e20-6cc5a7b07866,0.334,19.9,4,1,1
50093,54fad209-79d7-4311-8f1d-a6d7735581bb,0.317,15.1,4,1,1
50096,4a20a42e-cd1e-494b-a9ab-287fe3518298,0.473,8.6,4,1,1
50097,cb3874c4-433c-4bac-9200-b559969c12a4,0.232,2.2,6,1,1
50098,9efd6561-8856-49ca-8405-dbf6d23e80c5,0.500,4.5,2,1,1
50101,8e0b3ae8-9d6d-46fb-b243-421a1f270a51,0.397,86.4,3,1,1
50104,5ff17ae7-a244-456e-8ffe-15a527dd9777,0.405,62.0,6,0,1
50106,82e2e5a8-c90c-4e5e-ae97-53bc233f2eea,1.000,31.7,1,1,1
50113,356f8d8a-0c4f-4e21-9d93-6050d7bed93f,0.527,11.6,3,1,1
50114,d56189f8-17fa-49e6-8f0e-c6be74f0b822,0.934,85.7,3,1,1
50117,a289f7ba-a78e-4f73-a4b9-008e7c4032bf,0.177,26.1,6,0,1
50120,dae9bb3d-3dc2-4625-9a41-9d3fb9f74cdc,0.341,141.1,3,1,1
50121,c6339408-8f8d-4d58-ba5f-9c4aed66e23d,0.608,50.9,3,1,1
50125,ded0edba-e3a4-4295-9203-7b846f3dafc6,0.324,173.7,3,1,1
50126,401cec19-76fd-4484-8ad5-d3e012d340f6,0.384,15.3,3,1,1
50127,24f173f9-39db-404b-99cc-ce3315ac498e,0.456,6.8,3,1,1
50135,4c821f06-15d8-470a-b0b3-6eb93733be36,1.000,14.0,2,0,1
50138,a444f913-23ef-498d-a762-55a25b8f079d,0.816,17.6,2,1,1
50139,6a4d1962-a511-4e77-9f96-0d5cfc151583,0.371,11.6,3,1,1
50142,37a27283-ceef-4af6-9c5a-f9eb417fde6d,0.284,10.3,4,0,1
50145,22f81a09-2b5a-44b5-ab27-ed346c0c2384,0.808,27.9,3,0,1
50146,7977139d-4902-4fbb-b29b-41322dbf7443,0.354,3.5,4,0,1
50147,1996879b-d2dc-4af1-a928-f15be05ee28c,0.259,4.6,5,1,1
50148,2161bd1c-7030-4c3f-81f8-3f7de1ab8cd1,0.324,24.2,3,0,1
50151,ad57d51d-6cf4-4320-a45f-64110d21d3f0,0.373,3.5,3,0,1
50154,285f46b1-760d-45cd-b317-58379d3a7294,0.742,18.5,2,0,1
50157,e54a11f4-fa88-445a-b188-da87d9654b76,0.385,3.1,4,1,1
50158,ba1823da-a06e-4eae-84e7-1c44bdafcb47,0.420,1.0,3,1,1
50161,2b9ba7c4-d422-4099-a261-0add713fbbdf,0.265,8.9,4,0,1
50164,69691085-401a-4957-a9db-0c26b655cbc4,1.000,278.5,1,1,1
50170,23c5f6e1-17ce-4210-8721-c10e4a565dbf,0.398,7.5,3,0,1
50171,d6ba3619-592b-4941-a80e-fb40fe3ebbf3,0.375,12.6,3,1,1
50174,0b7a8769-b099-4d68-9ec8-d9d5e7f0fd60,0.873,29.0,2,0,1
50177,3cb1a084-c3d3-49af-9e57-d725e531587e,0.322,5.8,6,1,1
50178,bc7ddede-2630-431b-ab99-1221b43ae28f,0.398,119.2,3,1,1
50179,af18fbaf-ac87-446f-9c02-3d38953bf879,0.283,56.9,4,1,1
50180,36359412-f485-479a-b966-2d64c18b7706,0.300,1.6,4,1,1
50183,cda16870-dd75-4a93-885c-edca84647302,0.862,15.8,2,0,1
50184,ebf8cd55-c7bd-403d-a20d-b0fdb53e4676,0.456,11.5,3,1,1
50189,bfb070d0-ce1a-4b02-95b5-79ddb5609c1d,0.489,1.9,4,1,1
50190,8ddd5c97-509b-4b13-a355-d28d31068cd8,0.436,5.4,4,0,1
50191,5971bc8a-fb6b-4e88-9d5b-75ec639b6697,0.278,14.9,4,1,1
50194,8d372e9d-a98a-42a9-8c66-31519bb3a474,0.871,185.3,2,0,1
50195,9e727adf-c7e2-4a03-8158-92691e14cf68,0.293,3.0,6,1,1
50196,ab00d4c2-f526-421c-8d1d-c38efd7f32c3,0.385,16.9,3,1,1
50197,494bfb08-3539-4e6d-801b-3900cfec4a04,0.358,1.2,3,1,1
50198,6f97260c-634c-4645-a066-d86d7d4edbc6,0.494,21.0,3,0,1
50204,844a22d1-9884-4f9c-a2be-0abe8f8eb2f5,0.808,2.0,3,1,1
50205,3c586e70-3c7f-4889-9202-fe8891f57754,0.579,20.4,2,1,1
50208,1f008081-9aff-4f97-9dd4-0a477c8be4f7,0.470,1.4,3,1,1
50209,fab87f8d-f5d7-49fc-838e-306e44490d7c,0.353,0.7,4,1,1
50212,9a6d20ad-e262-4a2c-86ff-4b34308c5d0e,0.698,3.0,3,1,1
50217,40c11393-a66b-4aaf-97be-967d6ecb52cb,0.270,24.8,4,0,1
50222,483a6bc0-7c84-415c-b389-33c5d9fa058f,1.000,201.6,1,1,1
50223,c0a01ec1-5864-4c06-a6dc-1ad88e3107e2,0.524,18.1,3,1,1
50224,0b347bec-6e52-4671-a2f7-af966a93a63f,0.503,16.5,2,1,1
50227,888ae4c1-ef87-4e70-92a4-79dc83d21dec,0.584,59.6,3,1,1
50228,c1230e70-1c72-457a-9bd3-3a588a6fc13f,0.411,11.9,3,1,1
50231,aac88447-4f77-4f3a-bd81-494bc483c579,0.347,108.2,2,1,1
50232,09989252-bf21-4393-8c0e-4c043a1a6d7f,0.480,0.7,3,0,1
50235,8f9e7002-0d37-4615-bc49-434195cafb1a,0.508,10.5,2,1,1
50236,f149b57d-03cf-4e36-ab1a-67764aaa32f8,0.418,18.4,3,1,1
50239,b95bf1cb-0c6f-4814-8c80-4875ac37b64d,0.355,13.7,4,1,1
50240,0b79e322-013d-4ff7-8f87-dafc6f00cf54,0.503,3.1,2,1,1
50243,9d284a3c-059c-432a-b376-f8b97d47ead0,0.337,1.4,5,1,1
50247,3ed98a32-6ef5-44b0-87cd-4672492d37cf,0.461,8.7,4,0,1
50250,ecca752c-c457-4cee-8a2d-a720029743af,0.350,0.2,4,1,1
50253,25164fc1-f1d3-4682-9997-5be5f356141c,0.234,3.6,7,0,1
50256,2237dac0-d048-4347-bd72-cda62da07193,0.311,94.6,3,1,1
50259,aea1e30e-86f9-46ed-addf-e299902f0b74,0.521,3.1,4,1,1
50260,f6bf2dac-ff61-4f6e-bfcb-0c7802481922,0.316,3.2,5,1,1
50263,c4b8a6f1-95f2-45c7-a9aa-45a53e0c2900,0.520,2.6,3,0,1
50266,bd07d568-02ab-498b-8aa1-3c0ff3025362,0.396,62.6,3,1,1
50267,4f85d478-a452-4b8c-848e-60a83a4d5c80,0.287,5.9,4,1,1
50270,62ce5a3a-6e06-408c-8f2c-450fd6e029f1,0.988,11.4,2,1,1
50271,bfcf8edf-6805-441e-bd65-17fa0a833018,0.855,97.7,2,1,1
50272,88b32d9b-512f-4614-baae-de96859d8839,0.226,11.2,5,1,1
50275,7e6a1039-d794-462f-b4da-643e741b75bc,0.470,200.0,2,1,1
50276,81b51299-0a89-4f4f-b291-daddb17ffe07,0.322,113.9,3,0,1
50279,0657f728-1aa7-4fff-8ebc-2cb08c8d3b6b,1.000,6.8,1,1,1
50280,783bb029-d049-47b0-a622-232f2ae04ef1,0.268,5.6,5,0,1
50281,e005082f-b610-4967-b3ad-ddb1bbf4a0dd,0.264,2.0,4,1,1
50284,2a06fa62-b985-48fd-91a8-2218114620de,0.633,2.0,2,0,1
50285,f438044d-f8df-487c-b9f9-c06fb6f5679b,0.849,8.8,2,1,1
50286,345b524b-0019-4785-9276-6518f8669d87,1.000,17.2,1,1,1
50287,b2df4de1-1ed2-4ae8-a652-017f1877fca6,0.526,12.9,2,0,1
50290,903dd9c4-6092-452a-b856-6aa041eea0dc,0.384,29.0,3,0,1
50292,22093ee7-7169-4c4d-84e2-7747f4dcae0a,0.551,16.2,2,1,1
50295,ee622f69-0458-4930-aa43-50de2845a7c0,0.504,0.6,2,0,1
50296,c5e2e5fe-3adf-4408-91a3-ba16b8c07956,0.934,20.7,2,0,1
50297,6d436e06-202e-4337-83fc-5be9acdde1aa,0.494,188.8,2,1,1
50298,b8dbd500-c6a8-4e62-b7db-7be1f12f9be7,0.265,8.6,4,1,1
50301,415521f6-a6dc-4642-9c13-e32bfe5dfee2,0.477,4.2,3,1,1
50302,7ef512d9-ca4f-48a1-9cd3-f82c3ab05ae6,0.652,9.8,2,1,1
50303,f1536c12-266a-4577-a302-928523bea645,0.362,1.5,3,0,1
50304,6f89f210-1718-4e6a-a0ad-3e68f9176ff2,0.517,66.6,2,0,1
50308,bcb70dfa-795d-4735-b48a-5e7162b87fe2,0.379,4.0,5,0,1
50311,901c8170-91b8-4001-a99a-504a2ffc68e1,0.293,49.6,4,1,1
50312,bb9ae5f4-c0b5-4d04-8bae-5b3d229147e9,0.223,7.8,5,1,1
50315,e4c7612e-4a7f-4d4f-aa51-dc1c250d3d52,0.372,1.3,4,1,1
50316,932b9561-704a-40cc-b366-caf30aaccf59,0.347,0.8,4,1,1
50319,9c66f663-46d8-4298-ad8b-0caff3d46e33,0.519,12.3,2,1,1
50322,73bb88c4-cffa-4f63-957b-23522f602d66,0.000,935.8,2,1,1
50323,ebed9559-07fd-42a0-bb04-d4ae25be3456,1.000,7.8,2,0,1
50326,0abb8591-af62-4eff-bc4a-bb37facf69f6,0.653,69.7,3,1,1
50327,78441d96-a4c7-4c96-9183-7f60884c02d1,0.988,8.5,2,1,1
50335,69de0a64-5677-47a0-be4c-b488ea847db5,0.779,21.9,3,1,1
50336,e635f0cc-e849-43f0-ac98-a9638170a34a,0.390,18.3,4,1,1
50337,e16aac84-e329-4393-96f8-2a64f43730a5,0.627,1.8,3,0,1
50338,d1f487d3-1dfa-4607-8577-f1a92675afcf,0.214,4.5,5,1,1
50342,62626700-21ef-48ad-8102-da2f7edba766,0.576,13.2,2,1,1
50343,8b190446-2f01-4555-adb4-b64b5c9ada54,0.225,0.3,5,1,1
50346,69422ec7-eaa6-4009-b9a1-0f26778570c6,1.000,9.4,1,1,1
50347,8bb6a613-5102-412e-aecf-2cc0ccd2a028,1.000,9.1,1,1,1
50350,fea662e4-4b2d-40cd-bb2c-836969ffbcc6,0.288,2.3,7,1,1
50351,e8e9a983-e032-4808-8a28-940e8cdcf9aa,0.335,17.9,4,1,1
50354,ff82c48c-835f-4247-ac7c-8df369b9282d,1.000,25.1,1,1,1
50355,c6d78d76-7ec5-4797-b3f5-2b4d916c7e50,0.430,40.7,4,1,1
50356,849ccdee-8f91-43db-b140-2143940e77c8,0.249,7.1,5,0,1
50357,26c65065-7e33-44c0-9b9a-0bdc278260d1,0.290,12.7,6,0,1
50358,ca32ffd2-401e-416b-858c-3833ef5d3311,0.202,88.5,4,1,1
50359,ef823f54-f9d3-4826-90ed-e9200c48cb47,0.258,23.1,5,1,1
50361,00bb20e6-59a6-46b9-a70e-1b0d544c81db,0.667,4.2,3,0,1
50365,e0a56d60-0bf4-42da-bcc1-94d3bc7ff555,0.181,6.3,6,1,1
50368,a2fe1de8-1df2-4863-af18-43e9d2d8865c,0.222,10.4,5,0,1
50371,319b09c8-a1c8-4d30-86fc-2cbf5a5db128,0.672,28.6,4,1,1
50372,9ddf1e0e-df6d-49e2-a7c6-3fd0812f608a,0.248,91.3,5,1,1
50373,92521508-876e-4153-b895-ad5782050277,0.332,0.9,5,1,1
50374,d64f7710-d5f9-4019-8a17-945309e9b581,0.874,9.7,2,1,1
50375,615d3939-43a3-47cf-b4ce-8ab73f294507,0.631,9.0,3,1,1
50376,5545c97b-88ef-4cb4-a4fb-55447dd53f4e,0.530,21.1,2,0,1
50380,728411bc-ae7a-403c-8de1-126349d515db,0.361,1.2,3,0,1
50383,943cd314-75b0-4997-a518-d4bbdf7dc266,0.507,15.3,3,1,1
50386,9dc29d7b-9640-4dc6-96b8-5e69d3e0681f,0.235,19.0,6,0,1
50389,2ebdd448-f91e-43a4-82d2-a44c0934fa88,0.355,9.2,3,1,1
50392,2f07901b-a8ee-4603-ab39-cb3f3d954b3e,0.526,16.0,7,0,1
50393,3c26259a-93bb-411c-842d-92e8a15949a4,0.305,18.3,8,0,1
50394,3df79c6c-cfc5-42cb-bd6d-512b5cf4395a,0.247,11.9,7,1,1
50397,a2b1877a-df61-43de-9d74-f09bd59933b2,0.161,5.3,7,1,1
50398,e3c55de5-6274-4b96-9712-d7fac1b2b9f4,0.157,6.0,7,1,1
50401,8ef829e0-8370-4979-94f0-a4c2300d43ae,0.348,4.3,4,1,1
50402,b1448a94-b229-4008-a9e2-99f7d84c1edc,0.381,4.9,3,1,1
50405,a56a8c46-40a2-46ff-b597-6416e2faa52a,0.502,8.3,2,1,1
50408,e5edcd8d-2b71-45e5-ad36-e1ba209779ec,0.533,2.6,3,0,1
50411,e225bb91-c394-4ab1-9c0b-245402b8ae70,0.535,1.8,2,0,1
50422,d52355f1-4f56-4e2b-9a4a-d41f7104d7f3,0.685,3.2,2,1,1
50425,ce6f2a9f-773b-4d0c-ab4b-76375e5e54ee,0.552,23.2,4,0,1
50430,6b87d015-d659-4f48-8482-28236fb5c858,0.425,0.9,3,1,1
50433,21345dab-2d86-4cf6-bd6f-141ba5a31fab,0.226,78.3,4,1,1
50435,465dae98-fd93-459a-bded-5ce70abbeaba,0.327,11.1,4,1,1
50437,52d57f56-abbe-4279-bebc-07a73ed0e862,0.467,40.8,5,1,1
50438,84a82949-38d1-4dc5-ac00-78eae82aeef3,0.457,25.3,4,1,1
50439,6ebf7bcb-eac7-49d3-883a-866c7ccdf647,0.305,23.8,4,1,1
50440,672d26de-db5f-4d53-9211-5fcaee968048,0.287,2.0,4,0,1
50441,23fb6718-2e97-425c-aa1f-05f379afb220,0.529,1.9,2,1,1
50442,e47f6d7f-7a47-4ac7-9d7d-7024998bb29f,1.000,27.6,1,1,1
50443,60b315cb-8352-4fc9-b66b-0253939315c5,0.567,13.7,3,1,1
50444,0a9e0486-0fbf-45de-80f7-11627e3f3fbd,0.520,1.6,3,0,1
50445,a0bbd8e5-2f5f-4713-a6f1-6589041d2523,0.369,0.3,3,0,1
50446,eab09a08-e7a8-44f2-8aef-34bb04d73868,0.264,5.7,4,1,1
50447,9906a04d-648b-45c5-b461-eee18dbb9979,0.536,1.4,2,0,1
50449,efddc915-cc7b-4b2f-aedd-353724e45b5f,0.261,5.8,4,1,1
50450,1de88b8f-4072-44c0-8ca9-a630115772ef,0.335,21.7,3,1,1
50451,4e9b82b8-75cb-4acc-a55d-e9203338a4a7,0.402,2.8,4,1,1
50452,44c2611c-e21f-4113-9aff-4aeccbbb1da9,0.269,24.1,5,0,1
50453,94e8ea90-49fc-496b-82b3-e9e1cb0f2611,0.473,15.7,3,1,1
50454,cf4675fb-b545-4fa8-9e83-496f87c1310b,0.011,461.2,3,0,1
50455,90022c0d-26ea-4ff3-92ae-5b3d1797cb1d,0.260,5.3,6,1,1
50456,eb0d9516-d2cc-4089-a3de-1a71141661c7,0.161,9.2,8,1,1
50457,e3ad03f5-05f7-4915-96e0-46259960541d,0.329,19.6,4,0,1
50459,96895368-52b1-4664-ab49-27072e15ebac,0.354,3.5,3,1,1
50460,258aaa88-d7a6-4744-89c1-61dfa34a3f47,0.961,31.4,2,0,1
50461,856015bc-b4b7-42b1-a30f-961214236b9b,0.385,4.5,5,1,1
50462,783ec4f0-cb36-4e39-ad25-bd46e59bc02c,0.546,7.0,5,1,1
50463,0aee4267-e339-40ca-a85f-b4cbc053b030,0.134,96.2,6,1,1
50464,9b390f0d-87e7-4996-8909-af6e4b783218,0.279,8.3,6,0,1
50465,5d7e0291-e1d2-4431-a4c2-6f01b104ee63,0.250,2.5,5,1,1
50467,63326e19-9850-43bd-aea3-300e5a1b1214,0.295,5.7,5,0,1
50468,eaacdc10-af83-4b56-a3aa-242398280633,0.479,12.6,4,0,1
50469,357b5841-6e11-4b3a-b760-bcf5e008ec20,0.480,50.3,3,1,1
50470,daf058e6-93cb-41d9-812c-21a5c926e0f9,0.181,0.2,9,1,1
50471,1d8ceb14-9dbc-4ae7-8c99-cbc3e7215e72,0.352,8.8,7,0,1
50472,393efbc9-a6ca-429b-9519-0b9432381e97,0.461,12.5,4,0,1
50473,c6db636c-f077-4dbe-a1d3-5a8ca5c06fb6,0.227,120.2,5,0,1
50474,0fd27a94-efe5-4cdf-a294-be28fcd63046,0.200,1.2,6,1,1
50475,0bc2e29a-54ac-4b40-9bf0-ec93f45e2ed6,0.800,14.9,2,1,1
50476,8374e7d4-5f16-44f1-8520-b13d6f319222,0.257,7.3,5,1,1
50477,755b44c1-a825-4a17-8e7d-2f5d4b99d728,0.212,0.2,7,1,1
50478,a28d5a01-52b1-4ad3-9216-5ea7b008b741,0.899,27.8,3,0,1
50479,b4f32daf-35ee-4ccc-8d26-8348cbfae432,0.230,3.6,5,1,1
50480,24c0c010-05aa-46a4-8b33-dd2662a6a9a6,0.651,14.3,3,0,1
50481,21de6b19-4683-404f-901e-a9fa72061536,0.217,2.8,9,1,1
50482,44eaa007-3d17-4abe-a44b-2b3999e17187,0.473,21.3,6,1,1
50483,46c48cac-f8fb-47f2-b101-2395b5f93cbf,0.448,14.6,5,1,1
50484,164b1798-98d4-4a0d-a5ce-8ae33415c4a8,0.560,4.2,2,1,1
50485,658aa60c-7e5b-46fb-9c19-bafc145b0469,0.918,9.3,2,1,1
50486,7f552918-66b6-4ac7-8437-a972354cd8ee,0.324,1.0,5,0,1
50487,7fd78ece-b3da-4d00-ab04-2308f1dcf589,0.529,4.5,3,1,1
50488,e713b2d7-a8f6-40a7-8956-4faf0dfc3831,0.517,0.0,2,1,1
50489,7f882252-b24e-4433-bec9-7403d1e98443,0.497,15.2,3,0,1
50490,32e3b540-37f0-49ca-8c77-1031f23ac3c5,0.531,6.9,5,1,1
50492,efeae4aa-14b5-48a9-b34e-26bb0fb15924,0.385,57.8,5,1,1
50493,879858f2-e66f-4eae-a1a8-1e398ad6dfc5,0.191,7.1,7,1,1
50494,ee569c62-ca47-4630-ba6e-7a5d0e0b87fa,0.183,1.0,7,0,1
50495,19ec77b9-219f-4c7d-a399-d3588a929863,0.288,54.5,4,0,1
50496,5729ff45-84dc-4ed3-8cc5-82b39dd5dd3b,0.206,4.0,5,1,1
50497,c2b06121-48c0-4008-b6c6-8046375c4e3c,0.535,0.4,2,1,1
50499,9939b86e-9ec7-4dd9-a5ea-554064e8f475,0.354,4.0,3,1,1
50501,a98414ff-6663-490b-a345-95785e3a915a,1.000,8.8,1,1,1
50502,795baa3b-b7ed-4750-b241-e7cb8d734956,0.623,105.7,2,1,1
50503,a15442cd-e78f-42ea-8119-bd355f1d024b,0.281,6.4,5,0,1
50504,c7c7bb27-d267-42b1-9ef7-c6668803a4c3,0.502,4.2,2,1,1
50505,d0e3058f-ab1b-4630-a480-e7d781c29ccc,0.455,9.0,3,0,1
50506,4e052e76-b922-439a-a331-0e300e7d998d,0.260,0.6,4,0,1
50508,2b858bd1-78e9-48a3-9dd5-13329711a6de,1.000,45.1,1,1,1
50509,607aa48f-2b6a-4e43-8e5a-fa184d9726cb,0.669,3.3,4,1,1
50510,f1aaa6de-c65b-468a-993f-4e45475de893,0.226,20.0,5,1,1
50511,23df4a2a-4a26-4e42-acc7-cb69ef8c74dd,0.278,4.8,5,1,1
50512,a7e2d444-578a-4ecd-8edb-d03bcbbbacf8,0.220,3.4,6,0,1
50514,80d39e95-07b0-4222-b9a2-79090a72b96b,0.526,139.8,2,0,1
50515,bc5281d2-cabc-4133-8962-eb82acfecd2d,0.503,4.0,2,1,1
50516,3ca108fd-0a9a-46e2-9fae-3782ad956b1a,0.322,5.7,4,1,1
50517,fd278b73-c72a-493c-9489-91fae459a8ac,0.317,7.0,4,0,1
50518,d2033bb4-54c1-49a7-95b9-d6a6ffee8d63,0.501,10.5,2,0,1
50519,c56109ec-d69d-4604-8d7d-52126e2ab55b,0.351,2.1,3,1,1
50528,4cfaa532-64e1-42f3-9349-c348cae11acb,0.440,18.0,3,1,1
50531,ff1bde1f-09f8-4faf-953c-95a3b7eb6c36,0.568,8.4,2,1,1
50532,eb0e4f66-8673-42b5-98ef-888e715eb01b,0.551,3.0,2,1,1
50533,66b845db-944c-4a78-adbf-0cf25255df6a,0.535,3.3,2,1,1
50536,959d4cf3-c16d-4d66-8436-9d6dfe53fa5b,0.541,15.4,4,0,1
50537,b39a7d3d-3124-4c8c-afbf-b595ee525f1d,0.339,12.3,4,0,1
50540,98da306f-c027-46e0-bb3d-c52cc684fb17,0.345,13.8,5,0,1
50541,9168548f-03f3-407e-98c3-06f5d7209285,0.419,4.9,5,1,1
50544,7821dbf2-65d8-4890-aa91-f4e8fda922d7,0.964,8.0,3,1,1
50545,e74d014f-65e2-405f-9d6c-6512dfe93d1f,0.258,329.1,2,1,1
50546,5911f300-ffc3-4667-a7cc-a805c3a05de8,0.561,19.9,4,1,1
50547,44f36318-5d05-4c86-8dfc-0f8fa9e6c05f,0.343,6.9,5,1,1
50548,37211b03-2b9d-4c19-9a46-18364601daf0,0.300,15.3,4,1,1
50551,d1b3f708-31af-4a02-96d6-3b223d7bd1b4,0.544,0.1,2,0,1
50554,73b92dd0-7f07-49b5-97fe-70bb8fa29af8,0.478,24.7,4,0,1
50555,4af78d5c-c9a5-45bf-9710-37599fb175ed,0.544,180.8,2,1,1
50558,7ed7a7da-e8ea-4edb-9746-a7d844375e82,0.632,20.0,3,0,1
50559,d014263a-9874-458c-a79e-ff6d7790c2a2,1.000,128.5,1,1,1
50560,3a835f4b-a0e5-41cd-816c-8fe472053662,0.298,2.8,4,1,1
50564,394b897d-d838-4fc1-adfd-27370a91b56a,0.360,6.1,3,0,1
50567,738cfee1-e2ff-4551-a92a-1eab54f7574d,0.535,12.5,3,0,1
50570,ae9897f3-0c1f-4aae-8919-2dbf232c6d1d,0.346,12.0,4,0,1
50573,cd0f4471-3ae2-47ec-b1c6-d589ccda4021,0.501,30.5,3,1,1
50576,cc35d93c-4b8e-45c6-b9c9-4f8b1e974927,0.244,10.3,8,1,1
50577,2f2f3964-5407-4cfc-bd7d-0a1c9a1bcf27,0.150,4.5,9,0,1
50580,2792984c-ffeb-467e-9430-c23649caf7bb,0.453,2.0,4,0,1
50581,2456e4a5-6675-4692-9f3d-057938c19342,0.225,4.8,5,1,1
50584,b338300f-6044-40e4-bcba-c4113b22f456,0.521,56.8,2,0,1
50587,dd506b59-cb84-46d6-98f4-c762ccd2ae58,0.511,0.3,3,1,1
50588,cc41db35-b35d-4a68-bb58-ebd3f1d91bca,0.334,15.3,4,0,1
50589,1de1dfc2-5f20-4305-95d2-cce72d546423,0.523,2.3,3,1,1
50590,565380e5-87f8-47f0-814c-5c78a1a969e3,0.341,18.2,3,0,1
50593,cfa16f17-6783-4324-b0ea-c61678686152,0.269,30.2,5,1,1
50594,b9fda5af-32f1-4046-b178-57c45a649568,0.229,1.8,5,0,1
50597,4a144b2a-0a7f-468a-a006-46d7256227e2,0.499,5.4,3,1,1
50598,06f71332-3620-4e2a-96b8-00915f2fdfad,0.129,118.3,6,1,1
50599,6f4aa00e-0d4c-4ad9-8277-0482b07d7e0e,0.332,4.2,6,1,1
50600,7027bdff-effb-44bf-a5e3-c7e83db48e2c,0.217,6.3,7,1,1
50601,2bcf1d16-66c2-43c1-83b8-86e4ec74f23d,0.234,24.0,5,0,1
50602,362cd506-e583-432f-b5e7-340e117cab81,1.000,15.1,1,1,1
50603,77f3b67e-50b1-47a7-8848-1e52b6a7de33,0.647,10.9,2,0,1
50609,6274fc48-f2fd-418f-ab83-76360226406c,0.284,14.9,4,0,1
50610,a4bf7c1d-48ea-4b50-a76d-676c0d0e761f,0.370,6.2,3,0,1
50613,19933faa-bb25-47c2-99f6-dd9e79dab661,0.543,1.7,2,1,1
50616,e302360b-79b0-425f-b68d-ccaa07376ed5,0.508,6.0,2,1,1
50617,bcd2d90c-c8e4-4297-88de-70e110ef408a,0.607,8.1,2,1,1
50623,3b9b9937-2faa-4894-9472-8e89b6e85a2e,0.254,2.2,6,0,1
50624,049e1b80-59b9-4852-b358-fa23b7731a20,0.126,7.0,9,0,1
50625,da3fb771-c23d-4718-8d95-54578c2f3236,0.504,9.0,2,1,1
50628,c3a659c4-508a-453a-a880-2dbab5c87a34,1.000,4.4,1,1,1
50631,feaa4f05-4090-4ee6-bad8-792988b17208,0.270,14.5,5,1,1
50634,04e3b958-32fb-403c-a893-7158df3dc554,0.349,9.7,3,1,1
50637,58ef22ba-c5ad-42b4-843d-961273d2bc6f,0.341,7.9,3,1,1
50640,d0e38317-ccd2-4cb3-882f-8d4c029ddc1c,0.679,29.0,3,1,1
50641,66c9d7c6-a504-4f51-964f-f04ce1175eb2,0.323,8.0,5,0,1
50642,dbf059ff-afab-47e0-bb4d-0b3c6c4ea774,0.240,14.4,7,0,1
50643,b28bcfee-5da4-4db0-8d96-076136ffaf2a,0.214,1.3,6,1,1
50644,5bb561cf-88f6-48e0-9226-b45cf1207ec5,1.000,76.1,1,1,1
50645,80607929-bf25-4c33-b9f0-55e02150b1c8,0.663,2.0,4,1,1
50647,39f791e8-9f4e-4210-88aa-ae1a89c98107,0.458,135.8,2,1,1
50648,bdf78ea7-b47f-4bac-87d1-f0b3d4c4ccd8,0.339,6.3,3,1,1
50654,6303709b-9846-49e6-868c-7f9722fea23a,0.319,7.7,5,0,1
50655,ed379a1c-1a5b-4a0b-a080-f6a666768c89,1.000,148.3,1,1,1
50658,169aeeb7-ee3a-4176-961f-f3bd0256ff7e,0.378,8.6,5,0,1
50659,ca61b1fd-7ad3-4b44-b13c-90fc5acebda4,0.516,8.8,4,1,1
50660,7cdd071b-29be-4cd5-9d00-0a792df45c60,0.526,26.4,3,0,1
50666,c39a6e6b-10ac-49dc-9716-143938e95c10,0.352,8.8,3,1,1
50669,ad05ee83-a009-4305-bc6c-49e0fc3e320d,0.850,7.1,2,1,1
50675,9c61d582-ced0-472c-8c44-9c99d549f5e4,0.278,12.9,4,1,1
50678,39155003-805f-4f27-ba9c-0f40dbc607f8,0.344,5.7,3,1,1
50681,779a13b2-4a72-4842-bac2-0125f5ce1d50,0.232,27.0,6,1,1
50682,16731ed6-16e5-4edc-8389-df6d781db22b,0.584,12.5,4,0,1
50685,aba2755b-a9a8-4236-b59d-e5afb2ed3152,0.422,11.0,5,1,1
50686,5a50238f-ca21-4d05-a2c4-c64aa7ba21c1,0.562,2.6,4,1,1
50687,c34a0700-ac4f-4ba1-b2d2-91aa625d8cc5,0.735,23.3,2,1,1
50688,f99e8180-c440-4fc8-9c16-30c496e251bb,0.509,6.9,2,1,1
50694,5e58aa6e-f729-4872-9b46-f21e8d45f8a5,0.211,5.1,5,1,1
50701,78854c91-e015-473e-a3a2-5b8bf228cd57,0.357,3.6,3,1,1
50704,bad73976-1ca1-474d-86b6-2ac7dc03f316,0.283,7.2,4,0,1
50707,fdf3bae5-a018-4f60-9587-41f32edb166f,0.429,10.9,3,0,1
50710,036adb32-9493-44d9-a615-e9c183e77f17,0.902,11.0,4,1,1
50713,17ab172b-81c9-41d3-bc68-0bc9d7ecd1fe,0.443,19.3,4,0,1
50716,72d9e176-7bde-4b00-a421-e5ab0cd6fe26,0.385,0.3,3,0,1
50722,4af9f891-f429-4f23-9370-2975929d523b,0.370,13.5,3,0,1
50723,4397cab5-f066-4293-bdfa-d02949a60928,0.347,18.8,4,0,1
50724,df025131-f792-48f6-9efc-76c81a76fcf7,0.678,2.1,2,1,1
50725,964a380c-68ee-44b4-9267-b24e910a79f1,1.000,74.9,1,0,1
50726,f53bb2eb-4e51-43b4-a2d8-9c2085248e3f,0.511,5.2,2,1,1
50729,2c0f052c-1062-49c5-8e3b-d9206c48fb16,0.199,5.9,6,1,1
50732,b4366b3c-d3ca-42f9-ac49-e048c999a95d,0.956,97.1,2,1,1
50733,b665fb87-7852-4666-aa3f-63eff79914cb,0.489,1.2,4,1,1
50734,3d366dbb-f8f0-4d51-ae0e-ae9793d172ba,0.337,0.0,4,0,1
50737,02690874-ec85-4adf-ad86-95fd75009b62,1.000,6.2,1,1,1
93771,467ea48d-60f7-4fc9-bb11-9fa59a1a4472,0.662,9.6,3,1,2
93774,bab0b301-ade4-4ea9-9512-3a01edd6ae3e,0.545,56.2,2,1,2
93777,b6b269e6-bb7e-4f4c-b97a-5c5e7d0099bc,0.148,112.5,4,1,2
93783,ac810390-9629-47a9-96b5-87fe0c8726a0,1.000,0.1,1,1,2
93784,9932bd7d-888a-418c-a7f3-4f6d0f4601b2,0.553,5.6,3,0,2
93787,b133ff87-da17-4ac6-b7b8-b4c6f968e26c,0.196,2.8,7,0,2
93788,a391bf1b-9d8d-40ca-a9f1-990fec4e5a64,0.410,13.4,3,1,2
93791,00f52e4a-2c0c-464c-820b-1c9901e0424e,1.000,13.1,1,0,2
93792,996ef483-bae3-4730-a26a-8fc3ede79bb0,0.384,1.3,3,1,2
93795,00d5aec2-70ae-44b6-8ecf-131197b314bc,0.994,125.5,2,1,2
93798,07e0aad6-9b43-4d09-81d8-f1f55b6eaaf4,0.979,3.6,2,1,2
93799,40d74cdd-8eae-4bcf-959f-dd70fe9a1253,0.907,42.3,2,0,2
93802,e5520d15-5923-435e-83b5-00fa6618b2ad,0.507,1.7,2,1,2
93805,64c8b031-d10c-4e77-a10a-dfd7e75e2d2a,0.238,71.7,5,1,2
93806,6c697426-e3fc-4a24-af3e-8c5d67c1d094,0.295,6.7,5,1,2
93807,21505cdc-5afe-4559-b653-f92e7b002d65,0.264,13.6,4,1,2
93810,0fe4b383-c838-474a-95a9-d13df8c86996,0.380,4.8,3,1,2
93813,a144d4b3-8ab2-4d5a-b571-f728b079e504,0.998,17.2,2,0,2
93814,b79ec4f4-1629-407a-b68c-ef7d728493a7,0.289,1.8,5,1,2
93815,60d6e286-fec4-45f9-99dd-1afe133e8553,0.466,11.1,3,0,2
93816,7c74dd58-a4fe-4068-80b0-f24c7c5f7c60,0.211,1.0,7,0,2
93817,1296af5d-133a-49e3-80bd-95f45dfd0164,0.614,107.9,2,1,2
93818,e7df666c-8e56-48ea-993e-e78593db8eb1,0.452,8.5,3,1,2
93819,b0f46043-5e5c-444d-a1fa-f4f2a7ffbb6e,0.407,42.0,3,1,2
93820,9196ee7f-9c34-4156-958b-b6f7a9e5c98d,0.334,97.6,3,1,2
93821,1927e8f4-e9a7-4c90-8886-9e56125f0ee5,0.338,43.7,3,1,2
93822,ad5799b5-721c-4445-a6a5-e589106128b0,0.185,12.8,6,0,2
93823,1df28f57-3aa6-4db7-8141-7e4f96ffad07,0.341,18.9,5,0,2
93824,85dfbd0c-73a8-476c-ad16-0e7f034376fa,0.458,12.9,4,0,2
93826,50b063b5-c684-422b-8e15-7208ba12b1a5,0.747,5.8,4,0,2
93827,b6112990-36fb-40d9-8de8-da94b4916b7c,0.218,133.9,5,1,2
93828,e9696990-bc83-4bf9-a02e-f68a630af4ba,0.296,16.4,5,1,2
93829,e5bc95e0-9308-4828-9455-e5c92b58d70d,0.260,7.0,4,1,2
93830,8dec6f51-cb0a-4a00-acc1-c0ca43cdd17d,1.000,20.9,1,1,2
93832,5ef1cb3e-ab5d-4e23-b27f-0604ca648cc9,0.335,26.1,3,1,2
93833,0f6cebea-3a08-4c0d-af48-0a402500d6d4,0.565,4.7,2,1,2
93834,0ee1cc15-964f-4132-a24d-a311cfd3b260,0.518,17.7,3,1,2
93835,b6ce6609-26ad-4f6b-a403-48e29a4df0ca,0.244,10.0,5,0,2
93836,09a966f0-7f57-41ba-9825-42df8080e230,0.375,0.8,3,1,2
93837,2e8c5905-3f8a-42f3-8d93-11d9dce5e95c,0.609,3.3,2,1,2
93838,4d30ad24-61f6-4103-b5fc-9454022ffe50,0.345,9.4,4,0,2
93839,5d3e4e41-9a63-4cb0-8dd5-fcf277a842b0,0.680,132.2,3,1,2
93842,91fc8504-bc56-4205-a6c7-a9063866fa5d,0.412,4.8,5,0,2
93843,2ce8d04d-9af4-4f8a-97f1-001cabf9a3b0,0.581,6.2,5,1,2
93844,a5fc88ce-2081-433d-97b2-f98f14c5de5b,0.409,76.1,4,1,2
93845,ba278c98-b327-45bc-bddb-706a52143a63,0.268,1.9,5,1,2
93846,dd180e52-892c-4ace-b21d-f93d20cfdf42,1.000,8.3,1,1,2
93847,956b7066-a06d-4883-a044-215906c6e41b,0.252,4.1,6,0,2
93848,d34f8e80-b2d6-4939-b365-d9b12ef5897a,0.703,76.6,2,1,2
93849,45328345-85f3-46dd-8805-2fb2375c44cd,0.790,6.2,2,1,2
93850,90365332-3b09-4de2-905b-fcdecaae4a24,0.834,13.9,2,1,2
93851,befd91a2-c7df-45cd-a45c-acbbf146cb36,0.688,20.2,3,1,2
93852,ddfcf416-0b04-4732-b543-ca850b3aad30,0.343,8.0,4,1,2
93853,e8ea1bbe-f5f8-4524-9f95-7327b5c2f0da,1.000,15.0,1,1,2
93854,098710e5-ec68-4730-aa7b-473bb55d022d,1.000,14.9,1,1,2
93855,3d02a160-b61c-450f-99f5-1d96d546ecb7,0.761,28.1,3,1,2
93857,b23c66d7-a3f6-4ffe-92b6-404485377ba9,0.858,9.4,3,0,2
93858,1acd0de8-7fa9-4310-8323-e428caa14ce9,0.793,5.3,2,1,2
93859,fe035e7e-0688-460a-aeb7-2a05484aef43,0.634,17.1,4,0,2
93860,19eff05e-d7aa-4508-846a-a5ed23d80bef,0.478,35.5,4,1,2
93862,92e3c07c-6f8c-40c4-8699-7b3faef52294,0.366,307.9,2,1,2
93863,04c82c02-f57a-47d4-8636-e0c8a47d90d9,0.459,70.3,4,0,2
93864,d1868165-d330-4f81-b1a1-cc6ba72fd578,0.262,3.7,6,0,2
93865,1a6c45fe-992f-4f1e-b61e-9c5d07ac54df,0.324,4.2,5,1,2
93866,80be6aa5-fe06-40f8-b6f7-b283d6e4df27,0.332,0.8,4,0,2
93868,5ad86f0e-fe65-49fa-a153-97e31d421986,0.484,23.1,3,1,2
93869,0121b238-4b61-41a8-ad6e-f4e35e9410fb,0.228,20.9,6,1,2
93870,c3b73c10-8f95-40e1-b829-032cabc5801b,0.402,9.8,3,1,2
93871,7785103f-7eb9-40ce-a31d-a8e2b45f7663,0.364,1.2,3,1,2
93879,8828b738-319e-48e4-965c-e1482efecbda,0.751,25.0,2,1,2
93882,63cb951d-3d20-461e-9986-dc3b9f9a5d61,0.495,121.5,2,1,2
93883,4518cbdc-c6d3-46e9-b336-551582cd05b0,0.505,41.7,2,1,2
93886,ce87a7e0-3a49-494f-aa92-3e70430edf0d,0.439,47.3,3,1,2
93887,39c88632-02df-4644-b533-607f3bd970c7,0.327,8.9,4,1,2
93890,76d2291c-8969-445c-88ae-58f16b9f2982,0.524,1.2,2,1,2
93893,d3e466f5-17e9-404f-aacf-677b86689da5,0.396,17.6,4,1,2
93894,c26abea4-36ac-4597-90a9-39d22a05def6,0.999,9.2,2,1,2
93897,ecccc9f7-a1a4-48f5-8a59-425eac3f8bf3,0.196,10.3,8,0,2
93900,729a5860-661d-40f0-aaa8-b2f472f246d0,0.936,8.0,2,1,2
93903,db4ce943-64bd-4331-a9e6-675f4d2e9558,0.514,123.3,2,1,2
93904,e11b1c71-735a-4289-8bf3-0a05311cb852,0.265,8.0,4,0,2
93913,26644708-9d8d-44b9-a434-f5f06d70aa53,0.917,11.5,2,1,2
93914,d488739e-5237-48e2-a73e-31f609c39497,0.663,20.1,3,1,2
93917,813fe908-a4b9-447b-a70d-0d9baae5b6b3,0.375,190.7,2,1,2
93918,35cae25b-e033-43b8-a3c9-87af2bfe06f1,0.626,11.6,2,1,2
93921,9a3a1381-291a-4d77-ae36-10b1ebb5fc13,0.954,14.5,3,1,2
93922,a4de73d1-da64-430e-ac47-cad900894cd9,0.378,17.4,6,1,2
93923,1689b530-b61b-4015-af17-20dcbe4b357e,0.267,25.2,6,0,2
93924,7d705d83-69f6-4be9-bf91-84ece5dc9c41,0.933,7.3,2,1,2
93926,d0c75c84-2c9f-444f-bc67-b81babca32e9,0.894,22.1,2,0,2
93927,23eba644-ed4f-4055-9820-60a468b0f3d4,0.257,11.8,4,0,2
93928,a6a365c7-3dfe-44ae-bef3-3fcd5326bf2b,1.000,67.6,1,1,2
93929,26816a06-4717-4441-a8f6-f5c9fe204b94,0.361,1.3,3,1,2
93930,c2614337-b84f-43ff-8996-e9406cd68a4c,0.519,10.4,2,0,2
93931,38988404-5753-4ec9-8aed-02c785dfdd4c,0.789,4.1,3,1,2
93932,3fd1f800-ba31-43eb-af63-c48c82f772b0,0.493,37.9,3,1,2
93933,30d97936-5b41-4ae7-a332-b22f6488b1b1,0.409,16.8,3,1,2
93935,c2e35e51-67f7-4e40-b405-4c5ee6260b7b,0.459,14.4,4,1,2
93936,b67bdf87-859e-473c-afee-46ac6ab601fc,0.985,54.3,2,1,2
93937,736f4ce2-e84c-4bc3-9cc2-3a2bb035f752,0.253,8.6,5,1,2
93938,18312c60-c513-4d62-98e7-c2a3e8e43ac1,0.592,166.1,2,1,2
93939,81811795-03d9-453e-b535-c09bdfdbae4b,0.296,11.0,4,0,2
93940,7857d076-e543-47f1-bc94-f158913bdc02,0.353,9.0,3,1,2
93941,a4fefdbe-6189-4c4e-997a-ad7a7b1301e5,0.339,10.2,3,1,2
93942,70aae95c-398f-4dd3-9197-3577b7c36882,0.783,10.9,4,0,2
93943,c8809ba7-d229-450b-b252-069ebf13958a,0.368,41.5,4,1,2
93944,e85d92db-9eee-43ed-9402-b1a5db7d9874,0.277,2.7,5,1,2
93945,5cdd0257-1e69-47ba-b430-b55fd6d192c0,1.000,0.9,1,1,2
93946,ec6fb1b2-8dd0-4a2c-ad59-069ef496304a,0.416,28.8,7,0,2
93947,8e87370b-b14c-4018-ab3f-bd8ddeb4985c,0.212,20.4,8,1,2
93948,c8bea61d-a41b-4f2c-a86b-a9127a63ef32,0.783,27.8,4,1,2
93949,c3f84c4b-afea-4ebb-956e-2132261509b0,0.433,106.7,3,1,2
93951,93964fdf-5b8c-43d7-976f-6db9587961d7,0.545,5.9,3,1,2
93952,21adde5d-3b06-4c39-89a7-43e3a48e316c,0.291,9.2,4,1,2
93953,4b14987c-0671-4c31-8e2c-f8981388eb74,0.256,9.0,4,1,2
93954,3d5ead61-c5cb-45e9-9e4a-ac318280e9e8,0.502,5.4,2,1,2
93956,544e55bf-ab1c-4080-bd80-bed23dfc0e9d,1.000,10.4,1,1,2
93958,f0d30829-e814-4055-8cd4-6882a87acd2a,0.519,7.5,2,1,2
93959,ee304e1e-9e2c-49cc-a60b-f12c8e7a2a6e,0.537,5.5,3,0,2
93960,108f40b8-cc7b-4b52-9904-c3be4b0d9a75,0.900,6.8,2,1,2
93961,d5421d80-4966-4121-a491-e8eecf2e0b39,0.463,4.1,3,1,2
93962,005ae6ca-15fe-4382-afb2-e9e3d9dcc3ce,0.770,6.7,3,1,2
93963,4edf462b-3706-4bf0-9d13-dc6fbdca5a0f,0.387,12.4,5,0,2
93964,e5ac2542-f7b0-44a0-954f-c6f43ab4f741,0.471,11.5,4,1,2
93965,b9eb6c9a-43de-472d-b928-3d0bfe220890,0.622,15.0,3,1,2
93966,4fc0d6bd-99a5-4abf-93fb-ed0ce2a226f5,0.689,22.4,2,1,2
93967,e97945c7-a65d-4c5e-a0be-5985c5dc25c5,0.660,5.8,3,1,2
93968,33a4fc08-8a7d-4fb6-8b8b-01284a00d34e,0.288,3.7,4,1,2
93969,f2e2ee04-a173-4eb1-9f22-fbd197931fed,1.000,18.7,1,1,2
93970,5762bd8c-631e-42d5-a6a8-869d91d4a2d0,0.337,4.1,3,1,2
93971,0043501b-928d-46be-acbc-a357dc9b6b8d,0.311,0.8,4,0,2
93972,dd2bb7f8-08f9-4009-831c-f9e20a720d30,0.587,6.1,3,1,2
93973,3da110be-f10b-4a11-adc1-cdf82dee8a81,0.981,0.7,2,1,2
93974,00bf5e13-ed13-4815-9f59-6362aaa2efcd,0.498,8.9,3,1,2
93975,c2c5cd7d-72b4-4bb6-a542-b9dfb4b75443,0.504,20.0,2,1,2
93978,321c9c80-e100-49f3-b6bd-01d21852cc0c,0.340,14.3,5,0,2
93980,ebc2a36d-971e-4479-b136-98891a1cc0af,0.512,29.4,2,1,2
93981,276bfea4-b2f9-4d62-9911-839d0ca9baec,0.861,129.1,3,1,2
93982,98116f85-2b1e-4134-976e-4bbb5907825b,0.552,60.9,4,1,2
93983,a750fc14-f0ae-4a74-9674-ac22db529a50,0.302,15.8,6,0,2
93984,1f50c9a8-0651-4c7f-bbdb-b64fbea336e6,0.354,0.5,5,0,2
93985,092ec7dc-51b9-40e6-83f1-56217c9715f1,0.982,30.1,2,1,2
93986,9f9d3db6-b970-4530-a31c-dd644fcffed2,0.537,5.0,3,1,2
93987,ecf71451-3396-47e9-8afd-12d580dee635,0.950,5.6,2,1,2
93988,60b56c6b-caaf-4da8-9c61-9f1e9a295085,0.444,27.8,3,1,2
93989,024fda87-face-4e0c-8a96-d6525bfefe05,0.279,10.4,4,1,2
93990,b1eb8dc0-bd1b-462c-b919-b1b4bfee3d3d,0.649,19.9,3,0,2
93991,16b048f3-b1d1-46c5-b4e5-291d44487ec9,0.770,3.6,2,1,2
93992,d394f975-1621-411b-b631-a52f1c9e1948,0.361,6.3,3,1,2
93993,a81975b5-4b24-4b7a-a9d8-d5b3dafbc04e,0.439,5.1,4,1,2
93994,870c2282-bd54-46b2-acef-2e36700e0e8b,0.563,5.6,3,1,2
93995,a5d00299-f56c-4383-b9db-ae95a4c7791d,0.278,1.4,5,1,2
93996,328ce342-d002-45d2-9f35-431a731f4fff,0.512,6.0,2,1,2
93997,ff580764-d782-4630-88df-ea9203fa21f9,0.260,144.7,5,1,2
93998,30930dc0-3a23-4a91-8de3-0c98a3e6d815,0.334,5.4,6,1,2
93999,44d77c67-ad6a-45d0-b011-c8253cb1b68c,0.329,6.8,4,1,2
94000,94d37344-7c74-4a1e-8394-70d9a63270ce,0.409,2.1,3,1,2
94001,b999544a-12da-47d3-8764-fff47c46c60d,0.643,6.8,5,1,2
94002,7ac842cf-1622-496a-bd26-07be2021e5cc,0.241,28.1,8,0,2
94003,431c39b4-bd6b-418a-b695-71fede255021,0.161,1.3,8,1,2
94004,6ca4e1fb-5896-492f-984a-c961becbe505,0.534,163.9,2,1,2
94005,e6367702-d2bc-4b68-9ea3-35264f493c35,0.205,6.4,6,1,2
94006,b183a98e-0141-4da4-80b1-6cdbe7d41e03,0.258,13.2,6,0,2
94007,1ef5e682-0465-4854-b2a8-c9e26bbeab54,0.554,4.5,4,1,2
94008,82f95e53-935d-40f8-a1bb-b55ebb3492ea,0.513,9.2,3,1,2
94009,9d8eb459-3d85-4510-b47b-6c9640bbd835,0.977,59.1,3,1,2
94010,b2c17f51-24e6-4cdf-81db-d083bd80f4ce,0.479,54.3,3,0,2
94011,29123aab-af35-4054-9d5f-4640854f0779,0.954,6.2,2,1,2
94012,a3301d61-389c-413a-b5e0-f494009be799,0.436,8.6,4,0,2
94013,c77faec6-0401-44b4-b650-5a7f59c3c671,0.986,365.3,2,1,2
94014,36a46938-d5ac-469a-a0c1-d4e8c63ab1ff,0.363,10.6,5,1,2
94015,1f86743a-1c4b-4048-9db3-5ac5c1c4118a,0.362,5.6,4,1,2
94016,0e5705b5-78a3-4a14-9944-22a225372fe5,0.282,0.4,5,1,2
94017,c1729f20-c1b0-48b1-95ee-e0b88f52dc50,0.145,6.7,8,0,2
94018,93d1c0c1-938a-439d-8d95-e6a70a76b1d6,0.362,6.7,3,1,2
94019,68609618-2bd3-4a83-aff1-07be26f0a033,0.979,20.3,3,1,2
94020,209184e0-540d-45cd-b17a-ddacea2aae45,0.588,69.8,3,1,2
94021,e3e09371-ea3c-4404-8520-8aafbac58d3b,0.518,12.7,3,1,2
94022,0537de42-68de-4bd0-8bec-840f99f267c3,0.283,117.6,4,1,2
94023,b69cb77c-8086-435b-acef-51a5f85964b2,0.403,61.5,4,1,2
94025,cb0c5754-988e-4c7b-b8b4-4d309b90250c,0.286,10.5,6,1,2
94033,32b68e74-8756-40c0-ab1e-aaf195db3adc,0.341,6.7,3,1,2
94036,f71dbef2-30df-41d7-8663-3bdcd11df3bb,0.577,3.4,6,0,2
94037,c125c8d0-46c6-424c-b742-80d4bbbbef49,0.268,4.8,7,1,2
94038,3ee68e3e-0f16-4f2a-a0e2-b0a306491f5a,0.364,2.5,5,0,2
94041,446ec14f-69a3-41a9-94aa-e766908fbbd0,0.441,3.3,4,1,2
94044,3967d3c8-ee49-49f2-8d41-3fed0d697c0e,0.223,76.9,9,0,2
94045,30a81786-1140-4c9a-a11d-0684b5873954,0.237,11.3,9,1,2
94048,f57e863d-10c6-43fd-9eba-76a4e4c2b538,0.203,27.0,7,1,2
94049,1a15ffed-a362-4546-96b6-369db09ecd9c,0.265,11.6,4,1,2
94054,35d3b97d-c434-45dc-bb10-53120a818562,0.269,106.8,4,1,2
94055,fa0a580c-a05e-4aba-8e33-29a8a80a3831,0.357,1.3,4,1,2
94058,cea965bd-d3c7-41ec-8964-d65a802e22a2,0.495,22.5,3,0,2
94061,7e242917-4d37-47b4-aa4f-2873ea2892fc,0.364,4.0,3,1,2
94064,178d6e85-a5a5-43b0-8115-c6b3b3a63a3c,0.506,8.9,2,1,2
94067,92bf37ed-22b1-46c2-9dea-927cdacafd16,0.515,4.2,2,1,2
94070,ad4b0fcf-35e0-41dd-aeb5-2dca771f8c5e,0.377,6.4,6,0,2
94073,793f529c-e8b6-49a6-aec2-a7d054dbd448,0.337,11.5,3,1,2
94079,db007cb7-9a6a-47fc-ae67-50a9d4a6e52c,1.000,2.7,1,1,2
94082,196aff41-0a3a-4b55-84d0-7bbdffe784b0,0.590,39.7,3,1,2
94083,7fc04304-afe8-467c-8529-1f849a623910,0.355,23.9,3,1,2
94086,0f81aba8-7e62-4902-90c6-fc47803c6be9,0.333,87.7,3,1,2
94087,bacff7f6-dbd1-47bc-81ca-9389a26c12da,0.606,4.8,3,1,2
94088,c3c4f5ee-c884-4505-8d06-5cbef69ccc32,0.292,3.1,5,1,2
94089,faa6e16c-cef1-4337-9527-e95c71ca2d92,0.322,58.9,3,1,2
94090,ad93c4d7-6fdc-40d9-9d3c-fe9ce195904c,0.343,5.0,3,1,2
94093,9346ee03-acbf-4317-a2dc-2eea29915c3b,0.395,12.5,4,0,2
94094,77597a91-f66c-49ca-9f06-889b85f0120e,0.365,14.8,3,1,2
94100,b0617076-b237-461d-9f7f-0ad0a8c02b50,0.302,33.4,6,1,2
94101,81d3b74b-94f3-4c5e-8572-a517864db97f,0.320,1.1,6,1,2
94102,f4ce6284-e755-4882-9ca0-f0f03ff1872c,0.665,17.7,3,1,2
94105,dac7d6e2-5972-49a9-a530-ab1403c51d8c,1.000,25.3,1,1,2
94111,32e979c8-e729-4e43-8c20-6561995d26de,0.536,29.1,2,1,2
94115,2808c00f-9488-470e-9d75-179f39253ce7,1.000,13.2,1,1,2
94118,55d69b7c-34c7-4e5e-a0ed-0115048ced3f,0.524,4.9,2,0,2
94122,44e1320e-5562-4a03-b8c4-6522742292c9,0.738,29.8,2,0,2
94126,d9bc2aa4-d399-4d18-a56b-273e0ee86794,0.711,21.1,2,0,2
94127,25477fc2-2858-4de0-8c6a-3349c06ab2bd,1.000,13.0,1,1,2
94130,39c1fc2f-c198-4b10-beca-a76bba078b9c,0.504,11.3,3,1,2
94135,e28bb626-0fcb-4ca7-8b13-5f25ec43cb5a,0.864,10.3,4,0,2
94136,33b640ed-d183-4590-9acb-589677791fdd,0.375,11.8,5,1,2
94137,ee070240-bb97-4cb3-b192-4f67d4d557f3,0.885,3.4,3,1,2
94138,b6e331fb-5817-4a04-9459-de6208b6a677,0.511,138.2,2,1,2
94139,409862c7-a783-45b8-a604-5c5e7dd32636,0.358,6.4,3,1,2
94142,8fed99f7-e3e8-42e8-8e1f-71ca87c4afb4,0.635,1.5,3,1,2
94143,e71f2e0b-702f-429a-bef4-04916b198af2,0.810,9.3,2,1,2
94146,29720892-781f-429f-9d76-171f40af981f,0.256,2.3,4,1,2
94149,84bce8e7-4f1d-4333-aac7-ec09aaffc565,0.605,9.9,4,1,2
94152,e06febd5-958c-49e1-91ab-79a77ef03a85,0.640,29.9,3,1,2
94153,4efecc32-d00b-4820-814c-f655c1f45ff0,0.303,6.9,4,0,2
94154,5512a5b0-6110-4614-9f24-e0dcf8335512,0.340,9.7,3,1,2
94157,b05805a7-8d80-4915-b311-6ccb35859cd2,0.391,48.1,3,0,2
94158,b739d31d-510b-42c8-903a-7d94cfc1454f,0.270,2.7,4,1,2
94163,2d535b7d-5825-47fb-8197-80894d29e895,0.843,21.6,2,1,2
94164,a099caea-5c38-4401-830c-6f99122ed16f,0.404,0.6,7,1,2
94165,661ccfd1-6fa7-4ea5-bdc8-4c8736545f73,0.415,9.1,6,0,2
94166,47a92463-30cc-431a-8168-4700dbafbd66,0.389,7.2,3,1,2
94169,a744ad09-15ea-4026-beb7-e808d0561f8d,1.000,23.8,1,1,2
94172,32a60a1b-d56d-4c19-b26b-c4c662f9f5ab,0.611,14.9,6,0,2
94174,d10ec66c-26ff-40dd-bc88-96bf2829b30b,0.328,19.6,7,1,2
94175,7e17fe36-a96d-43de-af81-9a5329b039e9,0.427,0.1,5,1,2
94177,063741e6-432a-4dfb-b64b-8eab534e494e,0.327,2.6,6,0,2
94178,fe768a0c-a301-4b2d-9748-34a832e3fe50,0.337,5.8,6,1,2
94179,12526789-6af0-42b0-a723-bae81bf1ebce,0.297,1.5,4,0,2
94180,37121da3-7d9e-4516-aec2-ae25b2196b58,0.234,5.0,5,0,2
94181,2be295ea-ab16-4150-b602-fad2b6dca151,0.345,5.0,3,1,2
94182,a6ef9873-cb76-40bb-970e-995a0dfa3b9c,0.480,15.0,3,1,2
94187,eca847cf-8f87-4538-b3fc-f41d713e36a9,0.540,3.0,2,0,2
94188,6142ff6f-1b2e-4c15-bf43-debe30ddccf9,0.594,9.8,2,1,2
94189,2b22e758-879a-4178-ad46-b9ac25719eb4,0.348,384.2,3,1,2
94190,5415a50f-d629-4bdc-8b4e-3d803662d55f,0.506,18.6,2,0,2
94196,186057ed-e848-4358-9923-5ebd54887388,0.850,5.9,3,1,2
94200,ee5fc463-4362-4cfc-9726-95d13c83c17f,0.364,79.8,2,0,2
94203,81a446aa-e3fd-4fe1-9172-2b240ac62b6f,0.325,2.3,4,1,2
94204,746e564a-1d5a-462c-af77-b58d1e040e32,0.500,5.7,2,1,2
94205,4af8593c-193b-4279-844f-98bce3cfa6ec,0.359,1.1,3,1,2
94208,2fcbd0f7-64e8-4551-a2c4-8671d66fb873,0.496,6.6,3,1,2
94212,ab9db32b-d0b4-46b5-b993-146254d69060,0.316,114.0,3,1,2
94215,a9390912-ad29-4be4-a37a-8700826f7a4a,0.323,24.5,5,1,2
94216,b8571b12-b34d-45cb-81e0-2205109844b4,0.461,15.1,3,1,2
94219,f7249958-7f12-49c6-aacd-82d0fb96cf0e,1.000,5.4,1,1,2
94222,eb37fe55-ef6a-46d6-94ba-b2406d410e4a,0.223,22.4,8,0,2
94223,d9ba06f4-0804-4ce3-b65d-863b81643fb7,0.242,2.5,7,1,2
94224,3eab7ee5-7b2e-40c5-92b5-669ba3c9eb34,0.960,12.8,3,1,2
94226,a39a04c4-51cd-400e-8253-2bb29e7cf42a,0.429,49.7,3,1,2
94227,9f86097e-2c21-4fcd-8daa-f4bf07a6aebc,0.431,5.0,4,1,2
94230,20939948-1f79-419c-bdf1-eef75f4e056d,0.202,2.0,7,1,2
94231,1336def6-d01f-4826-8eed-39b0527aa929,0.805,9.1,3,1,2
94234,f8ff35db-ac6a-4739-a22c-b431f94f2458,0.339,4.2,3,1,2
94237,eed9011a-947d-40e8-a364-def36666e31e,0.476,4.2,4,0,2
94240,6c188c1f-59d8-4150-b67c-ec17802368b4,0.498,10.1,4,1,2
94243,7a0fa9d7-296d-4abd-b8ca-6eae764f9ca5,1.000,14.7,2,1,2
94244,e498ac38-3142-4770-8756-7282d33d76f8,0.371,21.0,4,1,2
94245,5b2eb25a-a08a-43e0-be1d-988c07359b01,0.339,11.4,4,1,2
94248,52513947-ba77-4211-be30-90e61da2c7cf,0.367,10.0,5,0,2
94249,77d7e6d4-28cd-4a99-a6ee-cc0f2973ee0e,0.303,7.6,5,0,2
94252,429f4ebe-cc13-4057-bc44-40a9d32181de,0.518,8.5,2,1,2
94255,8045fbf5-8d07-429a-8d2b-8da3987a8011,0.253,290.7,2,1,2
94256,2bf57628-9534-4fb8-986a-14eb41d484b4,0.167,151.1,4,1,2
94257,d8cab67a-253f-43af-b853-3db82e281cae,0.439,5.9,3,1,2
94260,644538fd-1352-4286-9513-942c13e39446,0.923,142.2,2,1,2
94261,ab933e90-a41d-4bb1-9e9b-88479bec1ab1,0.426,6.3,4,1,2
94264,caed21dd-1be4-487c-9dbb-50878823caf6,0.505,6.7,2,0,2
94271,95dae661-b33b-4714-8ab1-967268434d89,0.529,24.2,2,0,2
94272,98adc0c7-bcf6-4a4a-8d1d-c521b1c17cb9,0.726,6.8,3,0,2
94276,e44db4ed-029d-4dfc-9ece-89ee1e687231,0.999,16.1,2,0,2
94279,859db525-4dbc-408a-aa46-90c6152e5af3,0.288,23.1,5,1,2
94282,3405c4f9-4d03-4533-a03a-30265e4f3eac,0.321,11.7,7,1,2
94285,59ff3af5-01bc-49c6-a37d-174a55b2ad85,0.499,2.6,3,1,2
94286,9bd8fbb0-2ac1-47c6-a339-b5329f3d437c,0.246,3.9,5,0,2
94289,13cd26a2-afd1-47e9-a644-0b3cbb217964,0.503,17.1,3,1,2
94290,39958767-81f4-4a67-a570-1bb377a64712,0.310,6.0,5,0,2
94291,c770fe4d-3b3f-4dc4-850f-8282634ac09a,0.338,9.7,5,0,2
94292,d7dd117d-71d8-4cef-b309-b114fca18f1d,0.641,58.2,2,1,2
94295,e90c8637-ca54-4ec5-bdfb-9084b11cc8ed,0.303,17.7,6,1,2
94296,fab0e194-86d2-443e-9e72-393ef4819c13,0.288,5.5,6,1,2
94299,5ed7e983-bae7-4bf4-875f-25747997e3a9,0.721,187.1,5,0,2
94300,9d3d1b64-1053-4a92-9007-da6fd25f3a8e,0.379,59.0,7,1,2
94304,05e4beec-1fb3-4c98-8bed-658005adb8a9,0.387,5.9,5,0,2
94308,66f7c34e-7f58-4c7a-95fb-18cd5b041a2b,0.445,5.2,3,1,2
94309,9d255a45-abf9-4a66-9a58-2229773f8dac,0.522,50.0,2,1,2
94312,aa68b6f3-4f06-456d-863e-2c67687eddf4,0.565,22.5,3,1,2
94315,f2c1721a-c460-4770-b1e9-2151609cdde1,0.286,192.8,3,1,2
94316,b4c949ff-1d4d-4d67-a183-c5e3b1da3830,0.270,12.1,7,0,2
94317,61c304e6-7b85-4b80-9765-2570c6059789,0.381,0.5,3,1,2
94319,22a2b77d-b9de-4096-8523-ecba41405dd5,0.385,0.6,3,0,2
94322,2a1c2885-d3c4-4416-83c0-926ba44c2540,0.170,7.7,7,1,2
94325,b3d73fb7-947c-4821-8ba2-27c3edd57565,0.659,8.0,4,1,2
94328,b0d52b51-dfbb-4a76-8a57-1349841f44b2,0.494,26.8,3,1,2
94329,355da5af-cba5-4a0e-a0b9-111345bc5ecf,0.589,177.6,2,1,2
94332,08b79bb0-742f-4cde-93fe-787f920ca565,0.719,28.4,2,1,2
94333,6d1d2ab8-3a83-4e31-a217-29096f0f1ba1,0.513,32.3,2,1,2
94336,f05c2666-4adc-42a7-9a01-8691fecd61f4,0.304,23.9,5,1,2
94337,f55076c3-10ff-466a-9a2c-a8b6b3762373,0.381,3.9,3,0,2
94341,fec2425e-eaaa-4a6f-a056-a9d241a5d71c,0.316,19.7,5,0,2
94344,92aeeed8-1e95-4c67-ab27-007ff6826383,0.512,3.9,3,1,2
94347,86b4b24c-256b-43ad-bd89-e32ba6fc3082,0.605,31.4,3,1,2
94348,3f0376c6-342f-4c96-9c50-56dbb6c7590b,0.583,8.4,2,1,2
94351,8a3137d5-ffe2-416b-9e76-31ee9f7beb4d,0.342,11.4,4,1,2
94357,6e874158-4124-42c1-9d70-a56cac777c64,0.683,6.4,3,1,2
94358,0549ebc6-421f-4b4f-a9d6-54e230e5a35e,0.250,4.1,5,1,2
94361,26e879a5-1ffb-4886-a250-78f72ea27339,0.412,146.3,4,1,2
94362,af07b748-6cfb-4576-b282-99af63f3ccf7,0.351,3.7,6,0,2
94363,66faf793-fc8b-4c5a-9304-3cbe91f96629,0.479,9.0,4,1,2
94366,0709497c-d659-4c19-9dcb-2dcff584dc8b,0.792,2.1,3,1,2
94367,5550199f-abbf-4e36-a278-1deb9414e3bf,0.232,108.2,5,0,2
94368,e4d567a3-df80-46ab-a782-99c21fe39692,0.285,22.9,7,1,2
94374,c881d3ea-aead-4a4f-8a58-2892c33e6c2a,0.257,7.6,8,0,2
94375,aeeaff83-23b0-477f-a699-2a5e62dfaf2d,0.275,8.7,5,1,2
94378,5af96dbb-972d-45e5-90ec-a656c8fe5f91,0.501,8.7,2,1,2
94386,e63372b9-72da-4fe5-8c45-09843566ff4f,0.558,36.0,2,1,2
94389,6904c565-e041-4148-87fd-6af67151ef05,1.000,37.1,1,1,2
94397,7a4ff6e9-86c9-434f-82a8-a53b78eaea83,1.000,11.8,1,1,2
94398,4250e021-58b3-4ae0-af58-6954c743876b,0.502,9.2,2,1,2
94401,8b1cad4f-6e55-419d-9807-e0478136123b,1.000,1.3,1,1,2
94404,a275e7c7-944b-45a6-a01d-e3c25cff84c3,0.308,44.9,3,1,2
94405,1e2ed328-0e82-4482-8cd2-e99783722478,0.170,294.4,3,1,2
94406,14bbfff3-a937-425d-a5c9-3b1465661b3b,0.177,6.9,11,1,2
94407,e1eff848-d6da-47c1-8604-7ed355742a91,0.200,22.1,11,0,2
94408,8849773e-4229-4604-9e28-d4f21da3af78,0.428,7.7,5,1,2
94411,0788ca37-3fb1-4e93-aef9-139feb425f3c,0.390,48.3,4,1,2
94414,c1665c95-1cc9-4946-abfa-ab28d84134f2,0.272,2.9,4,1,2
94415,f52ffeea-9c3b-472e-8db2-5df907f1d3e7,1.000,156.8,1,1,2
94418,4535d65b-0119-4ae8-a991-9fe36cce02ac,0.644,29.6,3,1,2
94420,2ff95f0b-f983-4e61-9080-877430b59313,0.643,6.1,5,1,2
94423,4c5c50a2-0bad-466f-9e32-e745f3abb8bf,0.233,3.1,7,1,2
94424,3975483c-cdad-481f-bfa6-11c6a34f005c,0.344,12.2,4,1,2
94425,cad0d991-31aa-4459-b9c4-1da6022c24a7,0.237,3.3,6,1,2
94426,1563d74c-8c58-40c0-88ed-e653fdb31e8f,0.502,32.0,6,1,2
94427,914d536f-fca7-4759-a8c8-fca31de8134d,0.370,32.9,5,1,2
94430,f79cdaf9-465f-49d3-9f38-317aca6f1512,0.503,1.0,2,1,2
94431,fa5a4147-d20b-44a4-9fd4-8ad34d069f1c,0.506,9.1,2,1,2
94432,554092f5-b926-47a6-8124-deb3852248be,0.701,14.1,4,1,2
94436,5ae5a861-52dd-4095-ba52-ce72cc35c63a,0.199,7.5,8,0,2
94437,39c4a124-6b48-4a76-96d1-56ed08b9ddbc,0.334,1.3,4,1,2
94440,d1b5822c-0ed6-4074-afb4-31ce05384888,0.300,29.5,6,1,2
94441,668e2ea7-ecb1-415d-96d8-accfea9cfef6,0.337,0.4,4,0,2
94444,98af7827-dbfd-4289-af85-d6002371cb92,0.464,38.5,3,1,2
94447,98c2d23a-2d45-4ef9-8d90-6b512e9e5796,0.795,7.4,3,0,2
94448,db024ae5-082c-4a64-97f3-c8beb448fd66,0.440,14.3,3,0,2
94451,326b1b45-9183-45d2-a87a-8164b536244d,0.259,6.3,5,0,2
94453,fd55186c-8e35-43a9-8a99-b756b17e792b,0.166,100.4,4,1,2
94454,b8673d19-eafa-4134-bd11-c172eeee922c,0.365,6.2,4,1,2
94457,b2bf6556-8b6c-4576-a740-dd63d59bb317,0.504,11.1,2,0,2
94460,53984ad7-abe1-4348-9229-3ede4648c97d,0.273,4.8,7,0,2
94461,cb2e7b06-8531-4b40-a209-5ff24724cfdd,0.263,8.0,7,1,2
94462,531ea6be-326c-4eb8-ad1f-a1b69a92015e,0.179,10.4,6,1,2
94464,ace1e4ca-049f-4acc-9302-d94cc72ecaaf,0.301,10.0,8,1,2
94465,76c6a0ce-6573-4233-a78d-042d88bc1b28,0.360,9.2,10,1,2
94468,95a6efd7-d201-4dc7-844d-0f6288822eaf,0.149,4.1,10,0,2
94472,c1fbfed1-799e-4de6-bdf6-83fcb3eedd88,0.347,4.5,5,1,2
94475,cc3fc013-2c94-4fc6-b9c5-8e0cb344f104,0.287,0.1,5,1,2
94478,0a7326e0-578e-442f-a7de-813035dc0211,0.562,24.9,2,0,2
94481,6b9c06f7-7092-41ac-9d01-3097168abbb4,0.321,23.7,5,0,2
94482,a97188d7-e6df-4583-b0da-b29b7f4a39c7,0.258,42.9,5,1,2
94485,7ac8e17c-0f73-46c8-bb80-2f39ecd69d11,0.471,32.0,2,1,2
94486,23e96294-661e-4e5b-941f-a21d4e1e024f,0.504,4.5,2,1,2
94489,d62a4279-fa27-401f-aec6-f54661db1b09,0.336,17.7,3,0,2
94492,1bfa6a38-9c3b-4ed9-b280-b9426aec167d,0.280,5.7,5,1,2
94493,8edac209-706b-4684-9611-5daafda2c827,0.524,2.3,2,0,2
94495,d0c24c4e-07f9-4161-bf4d-1069557b750f,1.000,240.5,1,1,2
94497,63d50593-4499-4cbe-8f27-9bb833c8c886,0.217,3.0,5,1,2
94498,cc577bef-5018-4acf-9d7a-06ab6ed16662,0.198,3.0,6,1,2
94499,618af43f-846d-4222-af23-0cfbc82f80b8,0.507,6.9,2,1,2
94500,c5b7474e-016a-452a-b496-5ce8dcc069bf,1.000,364.4,1,1,2
94501,aa101244-90fd-49c6-8e6e-a1450f7c2ee8,0.471,20.9,3,0,2
94502,a82953c5-d9e3-49ac-98d2-750a72ecb090,0.478,3.5,3,0,2
94505,74a63aff-f94b-4184-9c6e-6a2eb50f5ae8,0.504,39.7,2,1,2
94508,3758de68-e630-436e-8c3d-ebb2454c676e,0.441,5.9,4,0,2
94511,f1f57353-f768-4940-8226-69df43a8345e,0.905,62.3,2,1,2
94512,ee167b55-d674-42a3-8649-c3a057be540c,0.478,7.2,4,0,2
94513,eac4e8bc-70a8-430c-a0d1-a90d13f8cf44,0.749,3.3,3,1,2
94516,9ed1af35-9700-4f7c-844c-72ebddce21e5,0.341,45.0,4,1,2
94522,de98021d-65cd-41ee-829c-2ec51b3505bd,0.433,8.6,5,0,2
94523,270ddf5b-c0c7-455f-a902-901cb1a779d5,0.553,9.9,4,1,2
94526,bd7c1b6e-5958-4e72-b55c-7cb9dda3997b,0.230,1.9,5,0,2
94530,e92d2a03-869f-46b0-9fd1-c67d7b99bf5f,0.278,2.4,4,1,2
94533,4fbddcae-1cb6-4950-a0a1-60212d187fca,1.000,23.9,1,1,2
94536,d515fdf3-ec24-4e13-9c78-ccaf5937ddb9,0.635,34.9,3,1,2
94542,acc66bdc-8ede-4ea6-bd15-56172c51e3ff,0.369,16.5,5,0,2
94543,520ebeaa-04f4-42bc-8a7d-c30dfe44ffa2,0.502,2.0,4,0,2
94546,a8b72265-6eb6-4483-a5af-e3a0eae9fdd5,0.374,2.4,3,1,2
94549,206624e6-5195-4cf4-8252-5a9aacad5645,0.400,7.4,3,0,2
94555,65ad058f-6b2b-4824-97d0-9fb594280e2c,0.261,2.4,5,1,2
94558,618e68e4-10bf-4281-b8e3-fd0e9dfa592c,0.930,25.7,3,0,2
94559,beba5fa5-fc76-4e4e-896d-d3e3f398694f,0.463,3.3,4,0,2
94562,581d38bd-470e-4534-993f-64b7e9a359de,0.301,4.7,6,1,2
94563,5b13376f-7085-4484-beb4-af04c6c39b82,0.606,20.4,5,1,2
94564,e54da02b-d8eb-4466-bfef-2567f8d34dd6,0.822,10.7,4,1,2
94569,cc970a2a-3734-4980-a35a-307c5229973c,0.171,186.1,5,1,2
94570,0082430e-4a84-48f4-a3b5-cc4443296761,0.244,10.1,8,1,2
94571,2a6cb028-550d-464a-9e4d-03d502a1b343,0.325,10.4,5,1,2
94574,ffdf5e2a-b0e2-43e7-aa59-a839a900c60a,0.678,50.0,3,1,2
94581,9a739d7e-a014-4f47-900f-61fb000bd198,0.284,27.3,10,0,2
94583,66ca417d-600c-4643-8009-7adffea04bc1,0.048,233.1,8,1,2
94584,adca3e52-e111-405b-b0ed-ee00e377acee,0.231,45.8,8,1,2
94585,e390b9ec-f892-4513-b410-82f41dc10dc2,0.209,3.4,9,1,2
94586,4f8167db-0a6d-4054-9875-a6f874742331,0.167,4.1,10,1,2
94587,bead3bc3-9927-4baf-86b7-dfe61cc85ba1,0.157,7.0,9,1,2
94588,a846cccd-b133-45dc-8ab9-9706d4ede564,0.753,29.6,2,1,2
94589,5bec2e35-a739-401e-bd35-698a6d96fca2,0.506,2.7,2,1,2
94595,a676345b-9610-47b3-9ade-0fcb3fecd0f5,0.802,104.7,3,1,2
94596,dd7e73d8-e1ab-4867-841c-02b1e2f4e0dd,0.518,10.7,4,1,2
94599,ff210eca-a04a-4a4b-8066-f264d96fe3cd,0.329,201.5,3,1,2
94600,39fa5f40-0090-4408-b2ef-2129666596e9,0.268,2.8,4,1,2
94606,5523ce31-d4a6-44d6-a6d4-6716021cc5dc,0.490,51.3,4,0,2
94607,e6cb69f4-38f0-4005-972b-f7d4571be6e6,0.506,17.3,4,1,2
94608,53bfb1ad-dd9c-46db-8e29-b8089eb943bc,0.937,8.5,5,1,2
94609,cb9d7698-abaf-4d6f-aa32-84e3d3701215,0.204,55.4,7,0,2
94610,8be6b195-0a80-4fbf-96d1-5e3c3bba1863,0.195,7.4,6,1,2
94613,715b6942-0618-4355-a30d-c2139150af37,0.781,3.1,2,1,2
94614,4429a157-f055-4874-9096-1168b35477a5,0.368,7.6,4,1,2
94616,331b4090-0a2a-42ce-a49a-7cae31583719,0.661,11.3,3,1,2
94619,85449dda-fcec-479a-a7ca-1048831c43f1,0.335,11.9,5,0,2
94620,5fb55c0b-7f79-4e20-910d-9a0495118341,0.273,8.2,5,1,2
94623,27637bf3-b82e-4d2c-81f5-64b73696b022,0.478,107.1,3,1,2
94624,49d325e1-b87f-44d0-984a-83c45ee71a8c,0.486,8.5,4,1,2
94625,cf173387-e411-4c93-afaa-ed63f200fc14,0.188,104.0,6,1,2
94626,503bf868-c6c3-401e-9aa4-6ea5584f48f3,0.309,3.1,6,0,2
94629,29eff91b-1abd-4542-a0b4-a7f3e8b4838e,0.608,9.2,3,1,2
94632,e7eca734-b2ac-427a-9000-dc43b4d3ddcb,0.550,29.7,4,1,2
94633,02a5c976-1f36-4a0a-857f-20f9a5fbd979,0.745,27.9,4,0,2
94634,bf49a438-4c16-4e0e-88ae-042764375baf,0.212,3.8,7,1,2
94637,4a4223f7-f7c9-4e8e-a07c-9723945f1c8d,0.500,8.5,4,0,2
94638,0aaf4e10-53b8-450d-82fb-3147d087d759,0.889,34.1,3,0,2
94639,44b61f75-68e5-4104-86bc-ead380efa7cf,0.233,6.5,7,0,2
94642,d01f0059-1d5a-45fb-8339-513618b8acc0,0.917,596.0,2,1,2
94645,afa25c00-87f3-4840-867f-e6b920595c41,0.444,0.5,6,1,2
94646,ca082a0d-34b6-49c0-9922-68e3b393ce62,0.182,12.3,7,1,2
94649,82d9a224-8da0-4ef3-8688-fe3e4981eb5e,0.319,3.4,4,1,2
94650,c0e83934-1f5a-4fe2-ad92-fcbfa983467f,0.442,2.1,3,0,2
94651,9b699606-f2b8-4e5c-8c00-49b0b0ed623c,0.543,11.4,2,1,2
94654,a9ea33b4-0a27-4fb2-843a-65f2af71c7f6,0.343,70.5,6,0,2
94655,3e19d9e4-c67e-4830-ab32-a8705f6d255e,0.476,3.6,3,1,2
94658,55f826ba-dbb0-4597-a683-0be1c2c93326,0.435,28.9,4,1,2
94659,9659b4a5-1e66-44df-a173-f57619527c94,0.355,16.5,6,1,2
94660,4be278b6-b2ef-4258-984c-a8700d4a242b,0.480,9.6,6,1,2
94661,5afcb4b0-e9a7-49a0-b990-0273aa82f640,0.298,31.1,5,1,2
94664,9a320bcf-2979-4ed2-a3b8-108c9d3161ae,0.360,2.1,4,1,2
94667,f95560a6-b83e-441b-aa44-04df3e9700b3,0.501,3.8,2,1,2
94670,c4608d69-5f32-465d-8ae6-1802690c456a,0.213,4.0,7,0,2
94671,a4348c7b-9a95-4e25-bf5a-6bfc410065d5,0.215,27.9,5,1,2
94674,65515596-e416-4507-8106-0c77a8e2e640,0.746,8.7,3,1,2
94677,46777ffe-9d7b-45ed-9f5a-b86cc8b87b30,0.282,3.2,4,1,2
94680,bb66e9e0-a872-45c3-89d9-2813ca602bf5,1.000,32.4,1,1,2
94683,01e89f6b-a1cc-4a98-b483-cf79ba379dde,0.504,17.3,2,0,2
94686,5b1fcd04-c88d-46e4-8675-165cd995a7a8,1.000,22.1,1,1,2
94687,c01dd7bd-15a9-4f5d-98a3-801882267c42,0.693,10.1,3,1,2
94691,ef33c6fd-156a-45bc-927d-3ac514a2aa53,0.320,7.5,4,1,2
94694,dba39662-0db5-41cd-9a7b-2e87b1ee08c4,0.609,2.1,2,1,2
94695,c6caadfb-e3ef-4e7b-b630-02cf5e4dc972,0.295,0.8,5,0,2
94698,0b0a6b6c-cde5-4c75-bd7c-4545973eba14,0.393,16.4,8,1,2
94699,b50c6323-9bc3-4f57-875e-1a9b38d06f21,0.223,16.3,8,0,2
94702,efd8b2f2-88dd-4c5f-8726-1cd3211b2834,0.298,9.2,5,1,2
94710,2e92fd37-ac84-4bc6-9ac2-20b169b0c518,0.422,6.8,5,1,2
94715,65dd7373-235f-429d-a1d4-9c33bc9b7678,0.505,72.0,2,1,2
94719,4c396a51-57b7-4855-994a-2edf8cd9261c,0.350,40.9,4,1,2
94720,cbdfde93-19c2-4b2b-a77d-3ab54fce6a6e,0.355,9.6,4,1,2
94721,70c24750-bd72-4449-b3db-b676dde3d70e,0.390,11.3,3,1,2
94722,ac37fdfa-bec6-40b3-ac10-fc4773bb002c,0.344,8.3,3,1,2
94725,8a392304-95ab-4f59-8d78-c8ea826a91ff,0.557,15.6,3,0,2
94728,38d73ccb-b98d-4fea-9af9-2423c235f072,0.677,14.6,2,1,2
94729,7317db56-8e02-4d3f-aa51-9d40579470d2,1.000,10.1,1,1,2
94732,961d6442-2099-43b7-bdda-68b9e6a76ff2,0.341,35.4,4,1,2
94736,315b6519-c61f-4981-b89c-9d690b6a36c1,0.614,6.4,2,1,2
94739,296ca76b-18fd-43a6-9507-d5197a05765d,0.338,4.6,4,1,2
94742,b681dd90-48eb-481b-8edf-178d2ef8171e,0.990,6.5,2,1,2
94745,a13cd9bf-121b-4d69-a086-3a83130a89ea,0.505,4.6,2,1,2
94748,695f3d5a-4460-460e-8cad-2007c8b5def5,0.345,2.4,3,0,2
94751,cd7e7d74-1fca-4e25-beef-a01fbb8dcfb5,0.285,3.8,7,0,2
94754,f89d4757-d510-479f-a8da-3ccc932a5d45,1.000,91.8,1,0,2
94760,a9d12296-a24e-4889-96f9-eeb174bc4eff,0.357,10.7,4,0,2
94763,34fe6b72-9af1-4afc-a2e2-276c503f7474,0.540,2.8,5,0,2
94771,ae58e846-22ae-42d6-ad72-098ad3105912,0.466,118.8,4,1,2
94772,49aedbeb-1fa4-4c1c-ab87-b8ffb75afa71,0.501,9.8,5,1,2
94773,6021d589-d001-4170-9a7a-88453aad89b3,0.474,6.2,4,1,2
94774,ca3c08ec-9c41-4d57-9e72-a5e14d5e629a,0.523,11.0,4,1,2
94777,5c0c2472-c459-4dbe-a9bb-21c1247e6294,0.523,0.8,4,1,2
94780,2329f8ad-3b3e-4c01-88b2-32bcc1f27416,0.539,0.5,2,0,2
94783,4ab9fbb0-9354-4de8-917e-3d4f563adf99,0.458,11.3,3,1,2
94786,ed5d41c9-1127-4163-8fba-a1060ea8fde1,0.388,0.6,3,0,2
94789,c635d2cf-2a68-430f-9c3c-25968926fba9,0.970,8.2,3,1,2
94790,f4cad649-1c1d-41a9-bb0e-7942088fc8ab,0.536,23.3,6,1,2
94791,dee49f15-56b7-48c9-8063-d587419b9387,0.349,31.2,7,1,2
94792,830fa55b-78d5-4dc4-97cc-236f6faaff95,0.354,11.0,7,1,2
94793,a57c8f40-0deb-49cf-88cc-30dff47cfe2b,0.324,7.6,5,1,2
94795,bc6b74be-c56c-432c-8ac5-e6dbd31c1db6,0.420,18.2,3,1,2
94798,39624dce-3845-473f-8a71-0eff1fbce712,0.475,14.8,4,0,2
94801,d53287a1-f4d2-4754-951f-a791c6a38e21,0.184,62.6,8,1,2
94802,552d2a75-cb15-4a0a-a49d-80578cbbc4ae,0.209,2.4,7,1,2
94805,e6640cc4-87de-40a0-83bc-390b3d280b13,0.674,28.0,3,1,2
94809,4753d7ff-899e-48e6-944f-9beb14559bf1,1.000,13.3,1,1,2
94811,678edf54-0b48-4699-aa86-2c6c3f91a9d0,1.000,7.3,1,1,2
94814,00db3609-b8b2-4ae4-bb96-e66d9cef0afb,0.441,0.1,4,1,2
94815,97ca6386-07c6-4054-9e35-487c47e3781d,0.346,1.0,3,0,2
94816,b8e6cc51-3369-4ca2-8ce4-30c3129d3777,0.281,10.5,4,0,2
94817,46266d9c-815e-4d86-91b9-961631beba44,0.506,1.2,2,1,2
94818,d0ea4644-973e-4a87-815c-8fe9ecd7292e,0.913,4.4,2,1,2
94819,73589182-dd1a-44cc-ac4b-5ea77c9b1a67,0.472,86.6,3,1,2
94820,c6958470-e965-4b10-a3d4-9649379d4512,0.478,4.6,3,1,2
94821,203332dd-63b8-4cdc-af9f-190c2cc66f4a,0.689,38.1,2,1,2
94823,ceec537b-474e-4503-bdfc-9dc5bbfab2b0,0.343,20.0,3,1,2
94824,d32ad967-adaf-4067-862d-09cf64e942b9,0.419,60.5,4,1,2
94825,aed130cb-44e5-4aff-931e-2967f10c42ba,0.355,95.3,2,1,2
94826,ecb685bd-54a0-4181-9cae-d94f19adaacc,0.420,3.5,3,1,2
94827,f8483e2e-1676-410c-a935-aadb3cbce456,1.000,14.9,1,0,2
94828,3e653387-c342-42db-8f16-ff9258e74cfc,0.682,0.5,3,1,2
94831,64a5a4d5-ad0d-4493-a6df-101f2bfe98bf,0.805,4.1,3,1,2
94832,70653b12-b8c4-47c6-95fd-73475d5a7186,0.049,306.3,2,1,2
94834,ad2517da-cab6-414d-961b-7f2f76798b60,0.606,21.6,3,1,2
94837,8ad80c92-8b2c-446e-a3d5-a539d155002b,0.255,8.4,5,0,2
94838,0bf7a78f-a292-4c20-a991-3dd03de8bd9a,0.310,17.0,5,0,2
94839,bfcd897d-75c7-4340-8416-6ca84e6fd225,0.315,6.5,5,1,2
94840,97a48438-10cd-4174-b1c0-e009325c4fed,0.877,6.8,2,1,2
94841,5c589fe7-16c7-41e0-903b-7c5c03e7b4af,0.425,3.5,4,1,2
94844,5995f34c-5fa8-4447-a736-6cd54416f3ab,0.338,4.9,3,1,2
94845,a2d579ab-ac73-446c-b19f-b335e51d50e8,0.468,11.5,6,0,2
94846,fb1762ac-77c6-4739-8c1f-6279ff7481e2,0.386,9.5,6,1,2
94847,410be04a-6b8c-4e8b-92cb-d9deb10acac5,0.590,0.8,4,1,2
94848,026c8694-8a3b-41d4-bfac-6f797012158a,0.339,8.2,5,1,2
94849,6d11b4d2-0330-4326-88ee-9b8d9ae23282,0.341,1.6,3,1,2
94851,b4454129-5b4b-4f7a-9aa7-052698ed62c6,0.459,28.0,4,1,2
94852,3fcbf138-2cc2-4fa0-93a4-8e172d2590d3,0.377,4.6,3,1,2
94853,a9b8eac0-f7de-4b3f-89f6-5b86ee3cacc4,0.353,0.8,3,1,2
94854,273bc824-8fc8-4f7a-a143-618e0c59f421,0.914,12.6,3,0,2
94855,7dceb842-5342-455c-8167-408c681be040,0.477,90.3,4,1,2
94856,5814bb79-08ba-45dd-912b-feba587b3a63,0.332,14.8,5,0,2
94857,ca81d015-0298-4c6b-b61a-b5e825463ec9,0.584,6.4,3,1,2
94859,4174e31d-bc60-4d17-b586-7cb95005c297,0.599,2.6,3,1,2
94860,fd110ecd-2609-4375-aeaa-48b1fbe909a0,0.300,2.1,4,1,2
94861,bd6d710f-b516-4ecb-8608-bc80edb05158,0.353,4.9,4,1,2
94862,37b378e8-4c48-4b61-a1a1-1cba27b87e9f,0.295,29.2,8,1,2
94863,89d8e1b7-344f-4eda-b93f-637d48884aed,0.303,4.8,8,1,2
94864,42c64fae-f849-4844-b21e-94e6c7c3d039,0.465,8.7,6,0,2
94865,77eb7246-a747-4e02-9215-3f4dd0a17474,0.273,197.4,4,1,2
94866,a9a5084b-defd-4008-ae8d-32f8751a5f6e,0.207,1.5,5,1,2
94867,b4ab6f9a-8db1-47d9-bce4-e1003e8f251a,0.485,5.9,3,0,2
94869,5079f2e4-36e4-4cad-abea-de8ab00e016f,0.352,5.5,4,1,2
94870,ce9f1270-6785-4895-8db3-83f99f2a1105,0.271,5.5,5,1,2
94872,27e55936-6ecc-457d-9dfc-ac99129dc217,1.000,24.0,1,1,2
94874,a568b0e6-63be-49ac-9a32-e92e0862c8ce,1.000,390.1,1,1,2
94876,470aa24f-5ead-4536-bf48-3b6a11042395,0.545,24.9,4,1,2
94878,a1d46664-caa8-47d5-9aed-7ff50295c4fa,0.270,2.0,4,1,2
94879,38778a3f-3624-4831-8377-8d1e31da044a,0.634,2.2,2,1,2
94880,b957d69c-62c0-4f94-9f37-c4f8407e949a,1.000,1.4,1,1,2
94881,230cf2dd-4a5e-4eb4-809e-1588cf43e006,0.538,2.0,2,1,2
94883,aa0b44e9-df0f-440f-96c1-2c9410078b94,0.464,9.3,5,1,2
94884,a2f8ddea-5cc1-45a4-9112-05191d7a473e,0.220,5.2,6,1,2
94885,c8a0ac62-1601-4dc5-989f-e482351c42d6,0.212,3.1,6,1,2
94886,1a19f9f8-3c3b-4632-83be-66d1b7c58f00,0.410,0.6,5,0,2
94887,7e13d138-a8df-42ce-b3b2-fad8c7f330e0,0.320,0.3,6,1,2
94888,64b19009-a1ed-4b6f-8a02-dac92515ffae,0.266,3.2,5,1,2
94889,ed962b87-0d15-4c92-bf81-1cb7c1010996,0.969,51.9,2,1,2
94890,996d742b-0958-4b8b-a5ce-5a374e7018c3,0.548,16.5,4,1,2
94892,6b6b7e8e-a4c7-4604-9502-47babcdb9e57,0.204,1.2,6,1,2
94893,85a33557-1939-4656-b105-f3dd2dedba4f,0.245,5.2,5,1,2
94894,5a10112f-da0c-47ec-930d-d87b9e2dfe52,0.507,13.6,2,1,2
94895,43b62245-d9e3-4c8b-9542-e8dfc3d085df,0.512,66.8,3,1,2
94898,2a081b44-2a99-4b09-b456-368b419272af,0.223,24.1,5,1,2
94900,f2e4c85d-4f50-40ee-985a-01d8dd953e71,0.261,28.1,4,0,2
94903,37c2244f-dfab-48fb-b1a3-03a6ce9d5fb3,0.296,4.6,5,1,2
94913,7ae2de41-22d2-412c-9a6a-4dfa5d799ae6,0.530,9.4,2,1,2
94916,18338fb4-5845-462a-95f3-8741d6c1581a,0.233,2.8,5,1,2
94919,f2c2e652-72a6-455b-a578-b7fd09a6bf29,0.236,6.8,5,1,2
94921,c1341309-018c-4204-a4d3-f063a3fe3581,0.209,24.3,6,1,2
94922,f1256740-a50c-4a73-95c6-8517660627b3,0.243,3.7,5,1,2
94924,d8e713f1-8bb0-402a-93fd-4bb85c68abcf,0.023,340.3,5,1,2
94925,81781bd6-7743-4762-8265-7e9182c7db3c,0.612,1.9,5,1,2
94926,57a68622-cf1f-45cc-9fb9-0c6e2bcb10c2,0.324,70.8,5,1,2
94927,12bdd2e6-6592-4f59-adaf-0d8ac2822f36,0.326,12.4,5,1,2
94928,401c13ea-f054-4c0f-b067-fe6d57888046,0.308,9.7,6,1,2
94929,b59330f6-3bc0-4d44-8837-dc19aff3490a,0.348,121.6,3,1,2
94930,f766fe83-773e-46a9-a7c0-6c5a38fb695c,0.271,7.0,4,1,2
94931,ac328a4e-aa2c-4854-9e9c-6b400d29f50e,0.045,236.7,5,1,2
94932,a31301ee-fb0d-4d1f-acee-3d11d0d008e6,0.450,7.0,5,1,2
94933,01a7b77a-3818-414d-af75-7782a3245a45,0.425,20.4,5,1,2
94934,eb9e74e2-3101-40e9-a9c8-92f643c1e2fc,0.455,23.6,3,1,2
94935,4f1a9cba-7ea0-434d-8282-ff15a8da04a5,0.547,17.1,2,0,2
94936,afde1f25-44f6-47dc-808f-0cf262c4bfdc,0.259,18.8,5,1,2
94937,05a67367-2df6-46fe-855f-3b2eb4ee5a8a,0.665,19.1,3,1,2
94938,9b566aff-4857-4b69-96f3-2905b4105068,0.531,14.7,2,1,2
94940,d5ea006d-b5f3-4495-81f5-7e224857e449,0.396,135.5,2,1,2
94941,48810f20-ce35-4857-a21c-a7e7dc6f4172,0.438,6.3,3,1,2
94943,3e619e07-65df-47c8-b956-68dec9fe0f0d,0.483,1.7,3,0,2
94944,69dc8735-1d4a-4cbb-928f-c5444b1fe0ae,0.529,2.8,2,1,2
94945,139a532d-dc3a-4db8-be72-17a1e41f0ccb,0.462,48.5,5,1,2
94946,2c141c91-c713-437b-b818-89cbb53d998f,0.495,1.2,5,1,2
94947,a9cbb0c0-b2a6-4641-b186-5322619a70c9,0.350,211.9,3,1,2
94948,ee118f8d-0c0b-4e77-8d24-23c5ae639c55,0.647,41.5,3,1,2
94949,0bc4a4e9-4d2b-4325-bde3-bf6dda02b42b,0.356,1.1,3,0,2
94950,0ab05238-723d-493b-b744-9338a3586162,0.531,18.8,3,1,2
94951,29ce876f-db70-4a2d-a118-eb105fd67229,0.266,39.5,7,1,2
94952,4856a258-08e2-4985-b83f-3cb44cba3028,0.189,7.2,8,1,2
94953,b4136055-27c4-4f3f-82e9-6f02c73fa9f6,0.304,2.5,5,1,2
94954,b722b4e6-e132-4cfc-97b7-817fda365b68,0.509,19.9,3,1,2
94955,e1e8181a-3a01-46e6-985b-6cad4b50e882,0.413,2.0,4,1,2
94956,9e57d23b-f15a-4198-8913-8e01e7a95edf,0.368,14.7,4,1,2
94957,c836f175-9fe4-4e64-81d6-3749f0bb97a7,1.000,9.9,1,1,2
94959,a938aeaa-67e0-4280-8067-8b6dae94c5a6,0.238,1.5,5,0,2
94960,1b547758-76f0-4a67-bf39-d3c4016ed453,0.186,3.6,6,0,2
94961,0fdc2b31-8d4c-41f0-8ab9-1f43d7249d91,0.889,10.3,4,1,2
94962,067e3a38-8b22-412f-bf43-1dc3bf75fc4f,0.402,126.8,3,1,2
94963,72c70cc3-0a07-4b96-8ba6-871b30eb3512,0.462,100.3,2,1,2
94964,a031e778-45f7-4a36-b8bb-f3d47188d424,0.538,7.7,2,1,2
94965,344b95ad-7ad1-408e-8d3b-b9f093b5746d,0.357,8.1,4,1,2
94966,9f8d99db-8251-4e5d-92a2-725295581c1e,0.340,1.4,4,1,2
94967,8e6360bf-b68a-4090-9904-93ecdad0b3f6,0.313,5.4,6,1,2
94968,f8f80c6d-05dd-44e4-a600-82c7bea205ee,0.377,10.0,4,0,2
94970,e5b16b4d-5178-4dbb-97bc-055c7747c84d,0.156,289.3,2,1,2
94971,21982d68-86b9-43d5-a724-fe58f15222e0,0.844,9.5,2,1,2
94973,91f92394-e7bd-4a46-a26c-99d255dadfc9,0.253,92.8,4,1,2
94974,98f16daf-edb1-4268-a981-408aaf4ac8c2,0.911,6.9,2,0,2
94975,ab8a9b34-4e4c-456d-b0dc-58004d944d0d,0.541,11.1,2,1,2
94976,f1426f84-1a20-474d-b672-2f1b67c17d77,0.548,14.1,5,0,2
94977,47a4884d-80ee-4ee1-935c-01c464143af7,0.200,103.4,6,1,2
94978,35e7fcee-e6df-4757-b4a9-773a95a0549c,0.367,20.7,6,1,2
94979,57883ef0-fbad-4f52-bf26-7085b20665c5,0.423,2.6,3,1,2
94980,cba591e3-567a-4cd8-80e6-a019b00a6ce5,0.587,15.0,3,1,2
94981,76dd48c7-676c-465d-90e0-fdd647aa058c,0.367,2.6,4,1,2
94982,5e199bcf-0861-4521-bc12-9a7541c35e77,0.786,6.5,2,1,2
94986,b7b3a948-9914-402b-bd66-db724df36b43,0.489,36.3,2,1,2
94987,e01fe2df-2d3e-49d5-9539-747ac25413fb,0.351,9.5,3,1,2
94990,f84c0209-53d3-4091-badb-28167a938c93,0.785,19.2,4,1,2
94991,038b6727-76e8-413b-b365-d76218be8f83,0.620,11.0,4,1,2
94992,f98f11f6-fc08-46b9-ae5d-44c2d0fe63bf,0.296,9.7,5,1,2
94993,b0471ba8-7168-4bd1-b0cf-c6482e0fd2cc,0.359,24.3,4,0,2
94996,e6f0875c-0284-49ca-b764-b46150ae34d8,0.416,63.8,4,1,2
94999,0302c516-c34c-4f67-8076-bb1e92774a08,0.455,84.3,2,1,2
95003,baa3cbd5-1b29-4d22-ab5b-23fc3ab05149,0.545,0.1,2,1,2
95004,c2bae37a-884b-4e0e-b029-cc02876b641c,0.400,9.9,3,0,2
95005,7eb08121-7726-4177-a751-e4d3437b3a59,1.000,15.6,1,0,2
95008,72f812d4-b74c-41bd-8077-9b5bd4727785,0.332,143.8,2,1,2
95009,8fa4e17d-6642-48c3-b5ed-5e8735a394ef,0.474,6.1,3,1,2
95010,c11d4c9e-45b2-4c2b-82d4-f28bd6d30252,0.000,729.7,3,1,2
95013,77915d1c-e3b0-4324-a302-15c1a5bcca47,0.329,23.4,5,1,2
95014,56ae52c3-a03d-4a10-bdfa-fed3316fff9f,0.550,27.5,4,0,2
95015,26c853e3-8453-4cf4-8419-30ac90a2afc7,0.207,6.5,7,1,2
95017,7006fb37-8b08-42b6-845a-f4e8850d4737,1.000,4.3,1,1,2
95018,feb99100-3458-4203-83d7-c6d2a7a6b3aa,0.550,3.7,2,1,2
95021,c9ca465f-2230-4e98-9632-9a92df2b3600,0.403,8.5,5,0,2
95029,3dd343e3-ff46-4e1a-b27d-5dd3c2bc0850,0.552,172.6,3,1,2
95035,9f994246-ad41-4194-b4d4-51eb298d61b0,0.348,2.9,3,1,2
95036,be9416fe-c495-4059-8508-aa0edd27ef00,1.000,4.0,1,1,2
95039,33891799-d295-43fe-94c7-6fc891d903fb,0.715,66.2,3,1,2
95040,0174df38-1b50-4727-9508-2710ca179a7c,0.514,103.9,2,1,2
95043,87cdf529-6d59-4301-9a63-cd1cf7c3b8a8,0.987,46.7,2,1,2
95046,ccb70136-8aac-4baf-8f6f-b63797f9f57c,0.389,11.2,4,0,2
95052,ad3b6c38-9cc6-4a61-ab9d-7e31b596d04e,0.488,304.7,2,1,2
95055,5096d389-69ec-4cba-b97d-784919f7701a,0.497,12.5,3,1,2
95061,baa96e8e-6ecf-4790-b40e-9e490b08df66,0.226,8.4,6,1,2
95066,3c707ab3-5a2b-4394-aad8-b71c4b6db825,0.324,19.6,5,1,2
95069,32278e1e-68cd-4231-9686-dc56e0163c97,0.709,14.2,2,1,2
95072,b7c6d7ee-e7d1-439e-a2b0-d18c61b979e4,0.412,103.5,3,1,2
95075,caa92f77-ef77-4169-88e6-859856097cc4,0.501,18.4,2,1,2
95078,dfcbaa66-3097-486c-96e3-3698ab41bc9e,1.000,60.3,1,1,2
95079,ca9a0a53-fb8a-48bb-bcb9-35051e890620,0.922,4.1,2,1,2
95080,8a9e75f6-796e-4eb1-be0f-a159afed71bf,0.761,8.7,2,1,2
95083,44eff549-6400-4546-9eff-2a0cf8d69da8,0.503,5.8,2,1,2
95089,6080a01f-6f8f-4126-8cc5-dd98a9491224,0.275,4.6,4,0,2
95092,29852ac8-c106-4e61-b253-8411102d5672,1.000,10.0,1,1,2
95095,46cc9ab8-c999-40aa-8561-a63d230d0ba8,0.344,8.8,3,1,2
95098,08df8d13-db58-4f53-b81b-b25752d82cb0,0.378,0.8,3,1,2
95101,c03cded5-d8ad-4f94-a31b-1465f5cdc803,0.347,9.0,6,1,2
95102,a0480284-a197-409b-b492-7c65306fb34c,0.313,6.6,5,1,2
95103,bb004b52-cfb5-4a03-bce1-af25f0a36298,0.260,4.0,4,1,2
95106,506a78e4-5fcc-4f4c-b048-96fb43af1f0a,0.541,2.2,2,1,2
95109,635f86f2-a2c4-43f3-88c6-878703513a67,1.000,14.8,1,1,2
95110,0bce7e06-f933-4636-ba21-4d876cd561cc,1.000,9.4,1,1,2
95113,177e0fc1-05fe-4355-bea9-8dfef25a40bf,0.544,4.0,3,0,2
95116,0fde7e64-0e3b-46be-ae52-9a4f003d7d07,1.000,86.1,1,1,2
95119,831d65fe-91b3-48d0-b088-65972439e9ee,0.381,216.1,3,1,2
95124,19b36e33-d771-4d80-9250-001ce71dcaec,0.499,15.0,3,1,2
95128,bdfd7433-65fd-4eed-a57e-e5302e1185a0,0.759,20.4,3,1,2
95130,19247ad2-9d3c-4b63-89d4-a06615b5eeb6,0.529,0.5,3,1,2
95131,54f4cb85-3ae0-45d6-95da-cbe5cfee54ee,0.502,0.7,3,0,2
95132,e5dc43ba-a948-4c31-82c8-4f23b3fcf8b6,0.491,17.8,5,1,2
95133,eb13785c-1f37-4b73-8dfc-c9da4c2bd19d,0.524,210.0,4,1,2
95134,0c98d73d-ea9f-43b3-b80c-c4ba51278233,0.475,11.2,4,1,2
95135,b14a909b-bc97-48fd-94b0-418bb9cb2a9f,0.192,291.0,4,1,2
95136,a2c16f6a-aa25-44eb-b93c-700d1a699a49,0.393,0.4,7,1,2
95137,236d367e-d2d1-4906-b5e1-3d3a30008f61,0.240,77.6,6,0,2
95138,6a0751f1-f8d5-43a3-8bed-d64673f76bc9,1.000,3.8,1,1,2
95139,f3adffe5-7578-40d2-85e5-e4a53dc4298c,0.937,6.6,4,0,2
95140,b529abdb-9c3e-4509-8e0b-9b03bb1cbd72,0.435,230.8,3,1,2
95141,0395f51b-6c8b-424c-aaf2-32f59e0caae7,0.270,13.5,8,1,2
95142,30481656-fc7c-498b-bc77-032bd011e8d0,0.437,31.3,3,1,2
95143,384a65b2-2ac6-46a7-825f-dfc10e2b9523,0.341,0.6,4,1,2
95144,e1aa48a2-8968-4627-812c-007c2d59bb00,0.513,34.3,2,1,2
95145,d2dacb11-5316-4965-92fd-00cbaf10706a,0.256,1.4,4,1,2
95146,adfb9ace-6815-456f-82fa-c739e57dcb10,0.414,2.2,4,0,2
95147,35294d96-1960-4027-b92b-449a7c2930cd,0.508,9.0,2,1,2
95148,f75f17bf-d315-4462-bd85-82fccbbd0dc9,0.282,5.1,5,0,2
95149,b5fddd90-03b9-4f9a-8280-df92da999302,0.306,3.2,9,0,2
95150,d022cde4-9983-4e74-a94d-65d6f662d336,0.225,48.2,7,1,2
95151,36609983-c8e7-492f-b48d-6375da6b4699,0.227,14.5,8,1,2
95152,52c8b697-76ac-44e1-923c-4c921a2972e1,0.254,16.9,7,1,2
95153,e590b8a8-bc03-4840-bd46-22d4f5fffd35,0.278,5.6,4,1,2
95154,120dd663-f7ce-455f-b6a5-634c04325eed,0.342,6.4,6,0,2
95157,03d718e1-5d24-4f6e-a902-d02fb62a8e6e,0.890,207.1,2,1,2
95158,016784c2-d4f4-44df-b563-382a1f132210,0.366,3.9,6,1,2
95159,a1c17595-03bf-4174-9a5e-42877351532e,0.304,12.4,6,0,2
95160,361bbbe0-4ea5-4baf-a7e9-feee4df34566,0.547,13.7,3,1,2
95161,e4a06aed-31a2-4c82-b00a-d2fcf3403f1f,0.336,3.0,3,1,2
95162,cb5a7c3c-fdfb-4d23-9963-623c7a4adc6c,0.264,0.4,5,1,2
95163,04b0b834-56b6-48a2-ab6d-7f64731705bd,0.225,0.3,5,1,2
95164,a5387499-d784-46af-a66f-e03edbb59a3a,0.882,7.5,2,0,2
95165,95827c7d-4f51-4006-a01f-913dc9a2c2c1,0.227,3.0,5,0,2
95169,fe3d0cc0-a0ae-4b8f-adc1-8d5c07e70c08,0.515,5.9,2,1,2
95170,4bbb2727-b71d-4f1f-b729-ccbc7837af49,0.465,14.0,4,1,2
95171,79000dbc-3d96-4aea-b5d9-1c411674c344,0.326,5.0,4,0,2
95172,783d089b-f471-4b1e-82a3-0e1554ebe50e,0.386,32.6,4,0,2
95173,e4c7f9e1-849b-4f30-8b05-ea9b7aaf3ee1,0.347,15.6,4,1,2
95174,980c189a-cc43-4d2b-955d-ec334ab3e271,0.479,25.0,3,0,2
95181,40d0ec24-898c-4c99-b180-0f70bb10e58f,0.254,11.4,6,1,2
95185,5fa6e6f9-d71a-4d5b-b56c-8494b4942a3e,0.497,38.6,2,1,2
95186,0926c32e-da75-47a3-b87f-7735b7a16f35,0.467,6.4,3,1,2
95187,b99c7369-0403-4cc5-83ab-cf435d10a52c,0.318,7.6,4,1,2
95190,a6458513-8748-4ffa-9829-d3d1152ed126,0.434,5.7,4,1,2
95191,3a9acf7d-65f4-47b1-9fb2-2ac9d8dff9fc,0.306,23.0,4,1,2
95192,d65862d1-0767-40e9-9e55-97a46b7be53f,0.476,23.7,3,0,2
95193,7b7c8077-b7d0-4a5d-97c1-f43019177df3,0.338,15.5,3,1,2
95194,e470f4e7-462f-4747-8738-a0a85bb38b91,1.000,23.6,1,1,2
95197,61e9ddba-870d-41ef-8ad5-9850f05572c2,0.638,38.8,2,1,2
95200,97dd924a-c320-476d-8edf-9e81aef9f468,0.305,10.4,7,0,2
95201,69212ccf-6d68-44d9-9f95-f748bcef783e,0.258,9.8,4,1,2
95205,a32d5d04-f43f-487b-ba99-5e749a3377bb,0.999,0.3,3,1,2
95213,be1a8e09-2ffa-4692-b507-0619c4399f6b,0.575,11.5,3,1,2
95214,e30b37a6-d1a0-476c-87f2-da49e11f9db3,0.389,12.1,4,1,2
95217,763bc546-6968-49e0-94e6-ee15ee934619,0.236,296.0,2,1,2
95218,f1fc4089-cc6f-44ee-9df5-7f394442f47d,0.772,0.3,3,1,2
95221,a39f6418-fe2f-4326-978f-6a5a5829dcc3,0.508,2.0,2,1,2
95224,6e28db64-e7f9-4da9-baaa-460b2a466272,0.528,9.0,5,1,2
95227,f44f2387-b37a-4422-8b2c-52c764f9835c,0.242,146.7,2,1,2
95228,ac62e3e6-e559-40f1-9eb9-918ec590a4dc,0.316,4.2,4,1,2
95231,ac0c1ea7-95c1-4a4b-be11-067b6a751643,0.532,32.6,2,1,2
95233,6fa52365-2736-4e47-8ec8-c268e588e5d6,1.000,102.7,1,1,2
95235,2614551a-1103-4b9f-97ed-e7cff1dea245,0.268,1.5,4,1,2
95238,3fd15a93-f27e-4e95-bbf1-6f8356c5af3b,0.515,6.8,3,0,2
95239,21c524c7-08d5-4515-a743-c7fc5a270ec9,0.719,2.8,2,1,2
95240,1e891390-9067-4db8-8f11-add1cfd60817,1.000,32.3,1,1,2
95247,88c4696f-cf44-4bc1-9e36-8014dddae5e0,0.504,4.4,2,1,2
95250,4ab1a06e-f51f-4576-9b29-34dc40e6bd6d,0.571,24.8,3,0,2
95253,f95aa783-558c-41ec-9ac9-3c40ad0ed5ca,0.589,46.3,3,1,2
95256,b63ed2f8-3113-4fbb-8454-6b908345088c,0.071,296.6,2,0,2
95257,6831c95f-8195-481c-ad67-b9c445b1686d,0.929,35.5,2,1,2
95258,abed0155-b687-4d27-b8ea-9506abefd99d,0.460,17.1,4,0,2
95259,0afb36b7-16e2-468f-80ef-ac6bed03eaec,0.205,18.1,7,0,2
95260,35c3885d-ff8e-4df2-b5b8-7c5b5bd5f8ea,0.423,11.6,4,1,2
95261,5ca3988b-eb48-4683-9788-578b6b55a67b,0.705,5.1,3,1,2
95262,ed9d1b4a-f506-43b4-a63b-895ab7899635,0.685,4.4,2,1,2
95265,47053598-112d-4dd1-84b6-95ac16ca7488,0.313,110.0,2,1,2
95266,a4b82678-e1de-4ba5-b48c-0936de2b4929,0.227,2.6,5,1,2
95270,605aac62-9d61-4322-a67b-edecc407640c,0.262,30.4,8,0,2
95273,3f338cc4-71a7-4f55-baaf-3c9ee06ee394,0.176,0.9,6,1,2
95276,2ee7fd7e-fb12-4399-b2d2-12be5ca56965,0.517,2.9,2,0,2
95279,13348633-5777-434c-98d3-74ab1fecc81c,0.191,14.0,8,0,2
95280,55770d0f-54f7-431e-b38e-866b01e694c1,0.296,4.3,5,1,2
95286,04e2208e-94c2-47d5-9c58-e4b1a34b8d38,0.202,9.5,7,1,2
95289,c03f42af-19f4-41bf-b927-329b4157d724,0.523,3.4,2,1,2
95292,50f9f83b-7701-44a2-bffd-5ed4d413e9ec,0.195,4.9,7,0,2
95295,6815eda4-0da3-41c4-987d-940b11f9cb76,0.527,53.7,5,1,2
95296,d7389c64-2660-40b0-bf19-ad1404adf9f6,0.239,7.7,6,1,2
95303,dfc02365-16ea-4634-a8d2-4157df65db84,0.318,44.1,6,1,2
95306,3f9ca7b4-fc63-436b-bad3-0080581336d3,0.282,10.8,8,1,2
95307,b73f173c-ac76-42bd-a4e9-68993dab8334,0.033,342.1,5,1,2
95309,a8314633-ab62-437f-8868-ce82e2a6a019,0.132,118.0,6,1,2
95310,e81c0a68-196b-474e-9f89-72c07cbf8962,0.229,9.7,7,1,2
95312,648621b5-b309-4f10-a0e1-9bf589a27549,0.340,1.5,8,0,2
95313,8be9321d-854b-4e00-9a66-515988623fbe,0.216,176.5,4,1,2
95314,74925662-ddb7-4275-b40c-4bc41e7fd136,0.951,9.1,3,1,2
95315,474f4b2c-fe06-4006-ae8d-2ca16183ad88,0.473,46.5,7,1,2
95316,e2b91668-9b64-4760-9ed6-60afed239688,0.189,77.8,6,1,2
95317,a3df39ce-b81b-45fb-a188-05083eb479b9,0.208,28.1,6,1,2
95326,eb776171-ec8c-4e09-af6f-5194a0ee27ae,0.809,8.5,3,1,2
95327,013504c7-512a-4848-b3ae-44b5ab236fa5,0.403,12.0,4,1,2
95328,492e5e38-f366-4229-8703-aed2368ada6f,0.744,17.0,3,1,2
95329,91c1e19a-01c6-45d9-a10a-72e73deba9dc,0.497,98.1,2,1,2
95330,74fb3bb0-7250-4347-92c8-dc2eb9cfea90,0.496,4.9,3,1,2
95333,aef6cae8-c6b0-43a6-af4c-ac440a7b2e0f,0.216,8.4,5,0,2
95334,cc947d85-baa0-4bc9-9410-c6ba8f054367,0.257,0.0,5,1,2
95336,4cb4b301-c674-47f3-9f03-dd4a9bfffdd2,0.551,63.7,2,1,2
95337,d980df09-90f1-4391-9857-be7455b184b5,0.242,0.9,5,0,2
95339,b4926389-675e-44d4-8c8d-478aa59bd55b,0.311,6.7,4,1,2
95340,2c49372f-86a5-4200-8934-f1303a7f882f,0.337,10.6,3,1,2
95342,f57fe844-3c8a-4680-9e7f-4e4d199e3dbe,0.336,6.4,5,1,2
95343,e18cb818-13f2-4e2a-88c2-877c545920f7,0.729,27.7,2,1,2
95344,41292867-4a83-4730-a900-c5afb60abc65,1.000,6.8,1,1,2
95345,df8717fd-009c-4fbf-91ab-6e076ff7944d,0.565,3.9,4,1,2
95346,0cf5007c-f63a-4c6d-b1c4-7c238ce57adf,0.689,9.2,3,1,2
95347,e3f8a339-d916-495e-b12e-851f56b9c7f0,0.962,4.1,2,1,2
95350,6a145d67-4162-4724-9697-0d317422ffcf,1.000,18.1,1,1,2
95351,7bad2e67-b5db-4f12-842b-8b12c2a5d94f,0.273,0.3,5,0,2
95354,e998be4a-584c-4098-83af-d722864919a2,0.286,11.3,5,0,2
95355,47d8fa23-fb72-46dd-a664-90f6c366850e,0.150,2.6,8,1,2
95360,5e6b6e01-6c2b-409c-88aa-fae055816df4,0.371,4.5,3,1,2
95364,3494b341-e838-4c8c-917f-8a1321d77e29,0.344,23.1,3,0,2
95367,b97727a7-cdb3-48b4-82cc-cdb7e63a9fb3,1.000,27.9,1,1,2
95370,fc6f05b8-f06c-4b55-8f72-67c0c48cea5a,0.337,18.3,3,1,2
95373,53fd31ee-fae6-4c8a-baf1-602c06a35b4e,0.411,11.3,5,1,2
95374,5791f1ad-1024-4d86-ac71-f592f79ff75b,0.389,5.2,5,0,2
95377,ebe78d7a-9d85-4496-a7b3-279b9117069f,0.343,3.7,4,1,2
95379,7d66f63e-3ec7-4c64-a35e-8ab75eb80ff0,0.346,9.6,3,1,2
95382,a15aecbc-af0b-4619-a771-62c039fe6403,1.000,193.5,1,1,2
95383,5afb9f8b-72ad-4325-84f2-01561def3999,0.429,72.1,3,1,2
95385,bbb46f37-4500-4167-a05d-9b85523ea0da,0.416,2.8,4,1,2
95386,69e72343-b055-4b19-900f-de7e0ad32de2,0.631,20.4,2,0,2
95387,1eda1c8c-db9f-4aa6-8701-a2d59aa07bd9,0.354,8.6,6,1,2
95388,56002cf4-7358-400d-afe6-bea6b4ceb9f4,0.459,13.2,5,1,2
95389,2347f52d-0486-465a-be7c-72ec577990e5,0.493,0.6,5,1,2
95390,77b66144-615e-4b55-9527-117585a99d8e,0.171,4.0,9,1,2
95393,7b08097a-4b34-44f4-bf0d-89050ccf005c,0.196,5.1,7,0,2
95396,c2076acc-50a7-48c1-8df3-0f30c17c6e98,0.225,4.2,7,1,2
95397,68ee737f-c74f-41d0-920c-640df32cc41b,0.221,2.6,7,0,2
95398,1ea529ef-2ecf-4ed8-add6-ae11a0876e39,0.336,27.3,3,0,2
95407,91aa904b-c32d-4d6f-bc5e-a36341fb51de,1.000,156.1,1,1,2
95408,ee109551-02fd-4461-8db6-ca7f37ad8fe8,0.501,8.8,2,1,2
95411,83dddf67-8a4e-489f-a79e-f2b99180b90e,0.408,0.9,4,1,2
95412,d5fbb2bf-0f94-42fe-8857-afe3272fc002,0.352,5.8,3,1,2
95415,2c89947f-9cb5-4ae7-aa93-6b38e3047195,0.394,0.0,4,1,2
95416,b25634cf-5ccc-4767-bb9a-baba7482cc19,0.426,77.8,3,1,2
95417,6b5feaa5-2459-4b7d-9ec4-03c71db32fca,0.218,8.0,5,1,2
95422,a9362dd6-f12c-43f7-822c-6892b9c3e781,0.289,3.8,4,0,2
95425,66f3a500-6421-478d-b084-8ddf7be2b0e9,0.210,14.5,5,1,2
95426,765c15a2-aa71-43ba-bb39-001c5fc2910e,0.596,23.3,5,0,2
95427,37185ea8-1770-45d9-8317-104e9dba638f,0.447,31.8,7,1,2
95428,4a4583bc-2e32-4b7b-a5e8-5fd461cd1179,0.242,28.0,10,1,2
95429,577cbf12-eab5-4d7d-9f58-a69517874e51,0.230,2.2,10,0,2
95433,d2328e97-55ec-4644-84d3-ad4abf1ea474,0.803,6.4,3,1,2
95436,382bfdb2-ae0b-4451-aad5-3d716af01bfb,0.496,20.5,3,1,2
95439,7283c33d-2f00-4a20-bb9f-441e08a46cd2,0.334,15.0,6,1,2
95442,e9686e14-99a9-417e-8112-7284d94c6693,0.604,9.0,3,1,2
95443,b38218b4-e755-44cc-a68d-53119bb156ec,0.939,7.6,2,1,2
95444,592355c3-b495-4082-b3db-c04c15111103,1.000,90.3,1,1,2
95445,72ab5086-6783-4723-b610-565bb752443b,0.368,17.4,3,1,2
95446,09dfd5c1-50fb-48c2-998e-932bac29acc3,0.264,8.3,4,1,2
95449,f13a96bb-99b6-4039-8a7b-fced192bb456,0.682,12.5,5,1,2
95450,b5ad923e-8fb9-4880-a9fd-ec6e14627ced,0.279,17.5,5,1,2
95453,6d8d4678-3ea2-4428-be3c-f4e2b12953d7,0.519,0.9,3,1,2
95454,7eba9206-75a9-4771-a733-83d838ae7069,0.425,1.8,3,0,2
95457,29ad5c6d-ec8c-4371-9f42-871eccc96a04,0.612,23.3,3,0,2
95458,f98164f9-5489-4520-9c0c-60179e9526e2,0.983,3.8,2,0,2
95460,46617b9b-6d09-47ae-9aaa-7cd208d7a60f,0.135,1.1,8,0,2
95463,c800922b-6fb1-4495-b997-3ab21f746cf1,0.029,365.4,5,1,2
95464,3bfa013b-661b-4faf-a609-45cbecb2446d,0.127,178.3,7,1,2
95466,e94aa96b-fc96-4f7e-af7d-6648ac2a47d2,0.197,3.6,9,1,2
95467,fc9a566e-911b-46f5-bade-7381411164fb,0.304,7.1,5,1,2
95468,419aab9f-c1f4-4ca6-a570-7785eb1be1f4,0.204,3.9,5,1,2
95469,0087bd83-74c7-4f57-90b7-757c744d7eee,0.223,4.3,5,1,2
95470,c3767103-efc5-4f87-8bad-377ae2841141,0.417,3.2,4,1,2
95471,b9ed7575-c6cc-454c-b1c1-4732c4a1a201,0.387,0.2,4,1,2
95472,69de7cf1-f598-4de8-bbb3-ed1fdb6899c7,0.797,3.4,2,1,2
95473,f09b9c11-ca4e-433d-890f-425a1648d31d,0.714,18.7,2,1,2
95474,a895fb90-6054-4844-aa1a-3aef4c092da5,0.256,2.5,6,1,2
95475,df81657e-4377-41a4-9609-ea0ce87284f9,0.798,17.4,3,1,2
95476,ba298935-a32d-4202-9cc8-851a339b353f,0.282,3.6,4,0,2
95477,2f8d5471-cd32-4337-b500-32092df18b1d,0.955,3.4,2,0,2
95478,d3cf45e5-9b04-40fe-9141-f4e9d3d86ddb,1.000,201.5,2,1,2
95479,b46e56e2-96f4-40de-b79f-0b8748d78fe6,0.400,21.5,4,1,2
95480,7bd9ddde-daea-40d6-adc7-458cc5f2228d,0.509,24.3,3,1,2
95481,ce7a7ba3-7528-4d7e-a3c7-c3cad6a7565e,0.580,6.9,3,1,2
95482,7f302e79-a3ee-4264-8371-c6072853fc4e,0.555,4.5,3,1,2
95483,9cfbb264-272f-4aea-b04b-e592ffea9f38,0.969,1.6,2,1,2
95484,651555fe-a208-4444-af1d-81ae457c9687,0.772,6.6,2,1,2
95485,0c155717-6934-42d5-9d42-0a6aa4838d1f,0.315,22.0,5,0,2
95486,12d39df9-c5e2-44a3-84a0-e5110379de26,0.410,24.2,3,1,2
95487,955f0918-11b4-43b9-932a-8b7f775269ca,0.269,4.0,4,0,2
95488,5a364508-5fd9-43b8-99b5-4ed304d2d1cf,0.658,29.0,2,1,2
95489,4756bf81-e58d-4e0e-82d1-d17a37cf579d,0.357,5.0,3,1,2
95490,d6bf65e3-dbb8-4788-a277-b6a19a89b1ad,1.000,1.8,1,1,2
95492,03b63797-db90-4958-b37f-fff819512bb1,0.489,7.8,3,1,2
95493,08f7812b-f8ee-490c-a91a-9350f4033d8c,1.000,191.6,1,1,2
95494,802e7586-982f-4f47-8275-983d262a8b9f,0.485,8.8,3,1,2
95495,7c1470cf-8cdc-4991-a3ec-8b70ffb9e9de,0.257,3.8,4,0,2
95496,d3fcd486-94a1-45e4-8e76-d07f017dbb1a,0.542,2.0,4,1,2
95497,f40c55d5-9b02-45a1-9e57-e8662d18ab08,0.441,15.3,3,0,2
95498,dcd7921f-4517-4938-b753-d68c0ab23be4,0.649,125.3,2,1,2
95499,4c9b0ef7-e6e6-407f-bb81-6f2ef3f42b38,0.143,87.4,8,0,2
95500,314f34ad-c7f1-46b7-826f-7220cf056f43,0.204,1.6,10,1,2
95501,f8fb15bf-0b12-4c67-91d2-ea6cd6c3da6b,0.211,6.2,6,1,2
95502,e9d95725-e5a9-47c0-ab8b-0cf7a03ffb6c,0.344,8.9,6,0,2
95504,7bc0ce3c-bf2c-45a3-85e8-c852a1083e53,0.494,23.4,6,0,2
95505,59138b7b-62a7-4454-ac62-27e4aff01aa4,0.590,1.7,5,1,2
95507,6c47ff95-8265-41c0-aa1d-69f01d790988,0.948,26.4,3,0,2
95509,bdf43214-7a17-4a13-8053-2017864c84bc,0.363,1.0,5,1,2
95510,cbbcd596-a03f-4ebd-ab12-5b27abf77795,0.235,8.4,6,1,2
95511,df1406a9-a043-43f6-abbe-9c75c53bb080,0.389,0.2,3,0,2
95512,b5f41bfa-9d7c-41a5-a723-44677a191549,0.460,14.1,5,0,2
95513,2fcf5512-cbad-4dd1-a263-6e579296f497,0.209,6.9,6,1,2
95514,e07ca02e-a914-4ad0-bccf-9882a3d8d778,0.094,188.2,7,1,2
95515,c682a7ca-5e9a-4e06-ab8f-19f5db1bdf28,0.157,11.5,9,0,2
95516,722195f0-eb93-4cd7-a4d7-2e7d406e9e49,0.146,7.8,9,1,2
95517,5b74662a-4c49-4eec-ae18-91b7c0cb392e,0.339,21.6,4,1,2
95518,6c324026-c616-4ef3-9598-dafc745e7516,0.429,20.4,3,1,2
95520,bb80f8d3-e424-4318-a59f-d57e94f3132c,0.648,67.1,4,1,2
95521,a8afb223-08af-4757-a1a7-f00eba81e63d,0.432,11.8,6,0,2
95522,3c14b398-038c-43e1-a8f3-1c7849826fa1,0.336,118.1,4,1,2
95523,fcfbbbd9-ac80-44b9-8dd3-801794b596e6,0.340,91.0,4,1,2
95524,2d2af345-0fea-4b95-8f44-cf8e8d9351da,0.994,191.9,2,1,2
95525,3dae002f-c15f-4084-b981-cc32585dd39e,0.374,0.0,8,0,2
95526,9bf48f5b-648c-4f4b-b9e1-929d6ed7d0d2,0.320,25.6,6,1,2
95527,faa11eab-beef-4205-8628-edaf445d1530,0.462,0.1,3,1,2
95528,bf7debff-fcfd-4737-bebc-ee37a87d71ef,0.402,3.1,3,1,2
95529,63e02663-34be-43e9-a1b5-5d3698af428b,1.000,23.4,1,1,2
95530,2e3efe7d-5a9a-4da0-a397-65ee75272b20,0.420,20.0,4,1,2
95531,2722c288-0906-4b7d-9e1c-4c0afdb84982,0.332,11.9,6,1,2
95532,c625e096-20a1-4a4e-bc75-12dc6be89f85,0.290,12.0,5,1,2
95534,8674581f-cccf-433e-9b9c-56061072445c,0.374,2.3,3,0,2
95540,2a67ff7b-2814-410d-ada6-6e12c4023b5a,0.282,8.4,7,0,2
95541,345ca8e4-8f0c-4b6a-b257-417a234a5d39,0.221,5.7,7,1,2
95542,3f576757-2cae-4e68-848d-792497972473,0.209,8.0,5,0,2
95545,6afc6989-1734-46ec-8ce6-6a567db0c618,0.363,27.1,5,1,2
95546,14a4390e-0fd8-4126-baed-0a97e8cbd61f,0.272,1.1,6,1,2
95547,ffc5a542-29ca-4d56-94f5-9d9f3835f935,0.002,704.6,3,1,2
95548,88ed0723-0001-4599-9029-d093d2f8bd59,0.484,41.5,5,1,2
95549,75fc2159-da4b-4141-8c11-b8e2edfd4c27,0.509,0.4,5,1,2
95552,d9d2c64a-26e3-44ad-83ee-7850115cbb78,0.269,62.5,7,1,2
95553,1a38e784-1306-4bf7-9711-4f5e4adfc7ae,0.278,1.4,7,1,2
95554,733c204a-3433-4090-b550-939f2c71102d,0.303,19.1,5,1,2
95555,e790854a-facb-48f1-b6bd-7242c18228db,0.317,6.6,4,1,2
95558,836942d6-1fc0-40e8-8c8a-d8c14cd6bb2f,0.320,82.9,4,1,2
95559,cb401299-7e49-42de-b90b-889351401918,0.296,56.1,5,1,2
95560,ec4465b0-f2c4-4755-bf57-ac2b0b3c6dcf,0.189,4.3,8,0,2
95561,182b3907-5958-45e4-bcaf-d80612d48e6f,0.694,2.2,3,1,2
95564,7ac0717e-832f-4ac2-8901-c4df6e8224d3,0.359,2.4,4,1,2
95565,73a026fc-0390-4c69-9cc7-1d6fa2a3faf9,0.667,5.4,3,1,2
95566,9583a2c7-a4a9-487b-b012-f44e46c2504a,0.237,6.1,5,1,2
95569,dd76b053-e2d6-4b97-877e-e5af0373c375,0.287,1.4,6,1,2
95570,4b8cfd50-a046-4df7-97e8-60ac24f14f7b,0.382,2.4,5,1,2
95571,c4fad118-b6ec-4d5b-a4f6-934059994286,0.284,22.3,4,1,2
95577,9514cd42-f469-4b12-9913-4e58cd50a3df,0.552,20.4,4,1,2
95578,fa4e94c7-3bee-4121-b1ef-ac495e1a20ee,0.617,22.7,4,1,2
95579,871923f6-83a6-420a-a100-65ab4c3e8fec,0.454,22.8,3,1,2
95580,5e3ba476-4d4d-4260-8bd1-6798ef24f560,0.420,4.1,4,1,2
95581,03b05ff8-3d48-4d18-9734-782e5613157a,0.186,140.2,4,1,2
95585,18ea873e-2bf5-4162-8f07-403c5cd0ba81,1.000,163.3,1,1,2
95587,4d5a563a-8e29-4d2c-8415-4020867db2fc,0.506,5.9,2,0,2
95590,878787bb-ab6f-47e9-b998-794a3806ae22,0.172,13.7,6,1,2
95593,251d13ef-0d83-49d6-b5ec-9dbcaf08ddbd,0.969,14.5,2,1,2
95594,12920cd8-1ba2-4ce4-be88-c7136f573039,0.783,9.0,3,1,2
95595,f9db04f4-b2d4-4b6b-b6d9-53c3456b51ac,0.336,5.3,3,1,2
95596,d56df782-0a90-4ddd-bd3f-e147a9c3b15b,0.236,0.2,5,1,2
95597,2fa6d88f-2acb-4a1f-989d-aa5fc4d9eb6b,0.877,21.2,3,0,2
95598,7accbb13-657f-468f-b91a-ebf53d3ad829,0.517,0.7,2,1,2
95599,bc3dbcff-9077-4742-99d9-5df3bfd8ade3,0.899,119.4,3,1,2
95601,f8432431-9f39-422a-b54c-38fa5a764cea,0.383,5.0,5,0,2
95602,df4c6f33-5205-4586-8ca5-6e74699fda78,0.343,1.3,5,1,2
95603,089c5a50-a053-4d24-b2d8-e3545b8f7b22,0.995,11.7,2,1,2
95604,9c652e4e-637c-48ef-85b5-d51ff4aee7cb,0.871,56.8,2,0,2
95605,889c2851-9f71-485f-b47e-1920b71e29c2,0.357,2.3,3,0,2
95606,468adf00-1e6d-4ddc-b752-80985946eb11,0.376,4.0,4,1,2
95607,3266579e-45ff-4dd1-b750-8d2cdbe4f5fb,0.286,1.1,6,1,2
95608,1e68cfd3-d5e0-4542-9d46-54b50dbf60c1,0.225,58.5,6,1,2
95609,ecbfa707-76a4-4cfe-b81e-565c9b837360,0.191,1.0,7,0,2
95613,a4a4a269-9ce9-48fd-9518-90667e2f5916,0.298,12.3,5,1,2
95616,7e3ab2c7-558f-4879-bbc0-5a6982ce5615,0.187,109.0,6,1,2
95617,cd9e7dea-bad1-4150-8011-a85a97761078,0.422,4.7,6,1,2
95623,14b582de-5bb7-468e-9154-66747ecc6fcc,0.441,5.3,6,0,2
95625,a4641c80-db9c-4ea1-8c61-00109b107997,0.287,6.1,6,1,2
95626,8f74bc46-3683-4052-bab4-f3905b3c01eb,0.278,7.2,7,1,2
95629,26bab38f-8e31-4a1f-b199-0f270b545a00,0.118,160.4,8,1,2
95630,53fa3cd8-4422-4a13-adf4-5bbd5895adbe,0.404,9.9,9,0,2
95631,4458bde1-7e76-4057-8a9a-7ad1642f48e3,0.303,29.6,8,1,2
95632,69bcfe04-9197-41a8-bffd-8ca6aacb0e4e,0.444,12.1,5,1,2
95633,ea613372-7cc8-446e-9ca5-deadbeec0e5f,0.453,34.7,5,1,2
95637,8d2ef4ec-b6c6-463d-8b22-5512c5b7dfa4,0.255,4.2,4,0,2
95638,4607524c-19ee-45e0-8ceb-6f61f7c434f5,0.427,54.2,3,1,2
95639,56408fd0-69bb-4f44-a273-d01c2f6f6b3c,0.525,4.7,3,1,2
95640,9ac44e70-c66f-4d17-a680-65b630639a58,0.375,2.4,5,1,2
95641,e75a33d7-ee2b-419b-866c-0c272e036dd9,0.222,12.2,5,1,2
95642,f7920cf1-d0ca-409c-b9f6-eb31b7a07ba0,0.218,2.1,5,0,2
95643,949261fc-fd96-4077-8d24-99dfcee9f5a0,1.000,29.7,1,1,2
95644,8dd6cb95-604d-4935-a293-c4ae92078f9d,0.336,18.8,3,1,2
95647,63842b0b-c62c-4f1c-a1c4-5c4031878597,0.350,0.2,3,0,2
95650,183fb037-eefb-496a-8cbe-ffe77e29ef49,0.555,6.1,2,1,2
95656,54d3fe9f-323d-4e87-9594-caef24d49993,0.303,10.5,6,1,2
95657,84a5c9f4-0667-4d33-8009-4182cd80ec5f,0.197,4.7,8,1,2
95658,7549f2f9-47a0-45dd-88e6-6df9e2ea2103,0.358,3.2,4,0,2
95661,ed7ae5dd-8de6-454d-9c8d-87cfa630c098,1.000,113.9,1,1,2
95664,4ec96573-49c7-4ff8-9f8c-9b56b93eda89,0.182,27.1,8,1,2
95665,5c48a2d5-5dc8-402b-bbd9-3f3695648f01,0.179,4.7,6,1,2
95668,8c531540-a8f6-4c61-8c23-8075da2434d5,0.623,13.4,5,0,2
95671,859d5052-de58-4b4d-b93a-c896e727bb68,0.286,2.9,5,1,2
95674,bbf6f79b-b91a-46ec-9099-6c39de71be97,0.934,39.9,3,0,2
95675,b9747691-4f8a-431b-b47a-f8997e9ebb1d,0.719,198.8,3,1,2
95676,2e0b8e67-07e4-4154-88f6-23369f011742,0.163,8.4,8,0,2
95677,288f3615-f6e1-448b-a843-cfd15bd56062,0.492,0.3,3,1,2
95680,d9b4bfa5-18f7-4930-9bae-0959b31310ad,0.431,13.3,4,0,2
95681,d8eaae0a-7db3-4c2f-8018-ec38eb3b70cb,0.369,8.8,4,1,2
95684,0948e181-bab0-4b61-9da1-e17c370d68ba,0.513,2.3,2,1,2
95688,ea96db1d-ba6a-42e6-a3c9-2a31712a2940,0.263,22.6,6,1,2
95689,2a83d704-0d81-4be3-af35-201e560bcdae,0.258,9.0,5,1,2
95692,536b6a4c-e6e4-4f46-9941-2c2eefa465a7,0.155,1.0,7,1,2
95695,c0f6e6d8-ab03-47db-9cca-7352b0b89b34,0.516,12.5,2,1,2
95698,e5742e0c-b173-4b2a-88fc-3a8b293780ce,0.385,4.0,4,1,2
95699,25ab07ea-4191-453b-8b88-23e13fd877e4,0.408,2.1,3,1,2
95702,1f890de0-79ac-4cf3-b512-cbf3a833c143,0.545,68.0,2,1,2
95705,d6f823a6-619d-4103-8d74-083dfb3ad7dc,0.259,9.9,5,0,2
95708,8aa1cec8-4372-4914-9714-27ca0cc354f6,0.187,4.4,9,0,2
95709,8889b8fa-204b-4ddd-8dc0-7d2213bf391b,0.245,17.5,5,1,2
95712,d5a2a734-aca7-48e3-a610-136f21625015,0.236,47.2,6,1,2
95718,264f8d48-cea6-4d23-b406-00919ab4d008,0.957,26.7,5,1,2
95719,5f94f22f-d093-4930-b217-bc14df84d22e,0.060,529.1,4,1,2
95720,18772387-7da8-44cb-8bb0-22aca653f50f,0.271,278.2,4,0,2
95721,56f05147-4ace-4e03-92bc-fb724ffa8fc7,0.822,1.3,5,1,2
95722,7c3f8453-fa7b-48ce-875f-7af1b4219d3b,0.467,5.8,6,0,2
95723,a64419cb-f814-49c9-b882-c862c5b152f7,0.485,23.7,4,1,2
95724,08e220a3-0173-47ee-af3a-664c7b0c9f22,0.436,1.1,4,1,2
95727,f0b2c842-f55d-47ac-b659-63216396dc32,0.454,5.3,4,1,2
95730,2aef8353-9e9f-42e0-83a3-bccc00a56909,0.434,310.9,3,1,2
95731,db024e91-7002-4833-a858-6331896c18fb,0.271,4.6,9,1,2
95734,e267d49e-e411-465c-8ffb-b27f68c0d057,0.012,348.9,5,1,2
95735,1cb550f5-75fc-4919-a657-9a027d60b3bf,0.420,11.1,5,1,2
95736,a9694755-2483-459e-9322-be73bdde50e6,0.503,58.3,3,1,2
95739,c6c98859-1e9c-449e-ac86-0080d5146a4b,0.347,0.1,4,1,2
95740,2d673739-69c9-4f26-baa8-5894e157835b,0.352,2.4,3,1,2
95743,4c0e5c22-4a2b-40ad-a391-85acb9032081,0.572,1.1,2,1,2
95745,897d2e47-b1da-4547-b9aa-03e0cb4cc0ea,0.476,2.7,4,1,2
95746,05f29d26-f707-4cf9-b1e6-7cdffa43547d,0.705,5.0,4,1,2
95747,e5b693cf-c2c2-4200-95c6-ea1db0ed9b02,0.496,32.6,3,1,2
95748,98f3519a-fa55-492d-8e01-4245dcf43c93,0.329,0.8,4,1,2
95749,e75798e8-01a2-45d3-9384-5e19aa22d4e6,0.267,2.0,5,0,2
95750,60e4ea90-1dfd-434c-b174-b90622359059,0.653,13.1,2,1,2
95753,6254590e-8b52-4f36-a124-3e79c193cac0,0.154,167.2,3,1,2
95754,fe4f5256-2001-47ea-93aa-d75d565a092e,0.600,5.0,4,0,2
95755,24646a68-8729-42b6-8be8-c4e4855c4c3d,0.300,11.7,5,1,2
95763,87a8ce02-c793-48ce-953a-7374d140f9a2,0.330,32.3,3,1,2
95764,c8250a69-e62d-4dad-96d0-a90f1cd03456,0.342,3.7,3,1,2
95767,7a983201-9dee-4ae9-9984-a6eb6b6eef95,0.259,3.3,4,1,2
95768,8d14daa6-b78b-4a79-8607-6c4ea579ebcf,0.959,10.3,2,0,2
95771,d7f20d50-fcd7-4eb6-8fc4-79ce1b96c9c0,0.416,74.6,3,1,2
95772,573d3d86-854f-4053-ab86-8e03b118fe46,0.206,22.3,5,1,2
95775,c3a0d454-b2d0-455c-89cf-57fd630e5cd0,0.461,13.2,4,1,2
95778,6d17b628-a188-4f34-9b2d-39ab533c32b5,0.196,30.6,7,1,2
95779,24eabb8d-e5c2-4b00-9af3-f94fc302c6f9,0.168,4.5,8,1,2
95782,a29b9732-998d-474f-931d-81cfc26312b7,0.516,33.4,2,0,2
95785,9e43c67d-94a8-47c2-a422-bbb4f8f1723f,0.144,17.3,11,0,2
95786,68d43992-f8ef-4c97-a144-bab623b2193c,0.132,7.1,12,0,2
95787,ee0501e6-ad10-4876-a409-8e9652768ea0,0.231,16.0,5,1,2
95791,c48b278c-ea72-4e5c-967e-1df9e8c53052,0.341,4.2,3,1,2
95794,76595cda-6b34-47e1-b33d-1b673b3b2d6d,0.706,23.5,3,1,2
95795,9654deb9-1f0c-49f6-bbdb-47bd794284fb,0.349,17.5,3,1,2
95796,351fba68-53ce-452b-b0b8-855e17ed3fb3,0.205,1.2,6,1,2
95797,d967c739-56c9-45cd-a2f3-fbc3811419d9,0.431,13.1,4,0,2
95800,7158a711-1c7c-4a03-baf0-7f03e4d6c7c6,0.302,0.3,4,1,2
95804,8a063021-0ca6-47a7-af58-7f94f1d673ea,0.315,140.9,3,1,2
95805,f0171859-5bda-4ab8-8ea0-94bc9edfddb8,0.342,73.3,3,1,2
95806,cc302010-aa9d-40da-9849-c850f8366bfc,0.343,32.0,4,1,2
95807,3887db7d-40fa-4f3d-9b50-ce4da851d2f6,1.000,8.9,2,0,2
95811,2cfe81ae-9ad9-450d-a3e9-8b2336ea7325,0.292,24.7,6,1,2
95812,0c7b296e-3e74-409f-9c9c-03d15091a59e,0.538,8.3,7,1,2
95815,8f21ccff-35d6-4a34-8cdf-1e3d34029e07,0.410,56.5,6,1,2
95816,dfa9809f-dfa7-42de-8c9f-b0220ee1846d,0.307,106.0,4,1,2
95817,eb4803f5-a4aa-49d0-9fbd-2adf72a7fc7d,0.296,0.4,5,1,2
95819,3bd319b1-a12d-479e-9eb9-9675130c2bea,0.593,16.2,4,1,2
95820,ab16fe62-0089-4c65-acbd-d43f717b62c3,0.279,8.5,5,0,2
95821,93db87ef-92cd-47b7-a1d2-bc0c346a7ec5,0.253,7.6,4,1,2
95824,dfe59f54-b8a7-4b31-b585-68d0646cb56c,0.816,15.8,3,1,2
95825,f313721d-cc54-4f03-ae0d-ad749b9af071,0.474,50.5,3,0,2
95826,2c07c389-aedf-417f-be4e-0cafbf13a4d3,0.472,0.3,3,1,2
95831,87888531-00d8-49ae-b326-de17591d8581,0.037,435.0,3,1,2
95833,8438ef3e-e441-4f34-be90-0f4620f72097,0.347,5.1,3,1,2
95834,a9123a2d-d773-4e3b-9def-136cbcc6fa03,0.255,3.9,4,1,2
95835,d25ad126-6a7c-439b-95c2-70fb8804fb63,0.402,8.7,3,1,2
95836,a7b66728-60d4-4e29-a100-6bab10fb311c,1.000,3.1,2,1,2
95837,8a3351d4-a097-410a-b645-fc74150d7c9b,0.763,17.3,3,1,2
95838,2ee5cc2e-5465-4910-a44b-939c64e9db93,0.958,8.4,3,1,2
95839,d15afa3a-c2d8-4b49-b2b6-447915fdb01f,0.285,34.6,6,0,2
95840,ebcf4d4d-01b1-4578-a337-af31f3790a43,0.302,25.5,4,0,2
95841,29f80ab0-dedf-4763-8894-8b9722e7a647,0.448,6.0,5,0,2
95842,67620929-1077-46d5-bf8c-994c880cb77f,0.009,409.5,4,1,2
95844,ebfd5269-7764-4c3f-8e8b-626681142869,0.599,73.3,3,1,2
95845,0bb9244e-6263-4e8f-a69a-e61804b95383,0.375,5.2,7,1,2
95846,f8b433f2-e24e-4aa1-a218-6ce33e27b812,0.170,67.0,7,1,2
95847,4631714c-f337-4f4a-9c1c-b5acf10b2f8b,0.185,3.4,7,0,2
95848,338b70e9-168c-46e6-a311-2df5a6535aec,0.581,7.4,5,1,2
95849,0425c528-7034-4a1e-9913-af794c540edb,0.529,0.0,2,1,2
95850,b82f7512-4087-4d05-9074-c5ab2e59f3cb,0.306,2.8,4,0,2
95851,08c88831-ebdf-4a71-a511-6f4465907422,0.990,329.1,2,1,2
95852,1cdf8d38-4c78-4ece-8796-bd55ce71f4de,0.405,1.9,8,1,2
95853,057cd6ce-c0b3-4500-a4d3-e886405bdd82,0.338,0.7,6,1,2
95854,cddbeb43-64f5-4a07-8c1f-561dfb34d433,0.415,86.7,3,1,2
95855,b46199c6-a83f-4c96-9777-89c728a8bb2e,0.437,2.0,3,1,2
95857,43840294-323f-4ee6-89da-5bede75df787,0.182,1.6,7,0,2
95858,d1bb4a4c-77ea-409a-b203-1ce3cb5b95bc,0.544,5.9,2,1,2
95859,7b4ee46a-185c-4be2-bd9f-cd60f7fc3dc1,0.379,11.0,4,1,2
95860,e54b0255-3742-40f2-83a8-a981dc5f679a,0.267,3.3,5,0,2
95861,2fb47623-3710-47f5-9588-b414f6c1dc53,0.308,101.2,6,0,2
95862,72db7e78-c7e5-4465-bb1c-5c7690f92559,0.213,9.3,7,1,2
95863,93a5ad04-96d6-48ae-a450-25971e9a11ca,0.604,19.8,4,1,2
95864,947f1ae0-6cca-47d9-92ee-82d5244b6ada,0.289,12.1,6,1,2
95866,a352c52e-2b9c-4c33-bd2f-0e41e5ed9df1,0.207,27.2,5,1,2
95867,3fcac1dc-24d9-4d8e-a66a-6b84132cbc12,0.861,17.1,3,1,2
95868,59e77a2d-fdec-4710-bf40-a8ce609816e3,0.319,1.9,5,1,2
95869,ef73e1ac-7f9e-4243-b70b-680349819df4,0.915,9.8,4,1,2
95870,5c77713b-960f-497f-8656-2c3f43c9f79f,0.571,7.8,5,0,2
95871,508307e5-70a7-4428-b7e3-7a7a93be2b3a,0.350,9.4,5,1,2
95874,f20d109b-3185-47c2-9369-8cd5f0ae5b90,0.119,290.4,3,1,2
95878,29bd4d40-5afa-42ae-a9e7-a5399764b443,0.264,4.1,6,1,2
95883,2c23b98f-c2ad-4147-9bb0-02070158a13c,0.390,153.3,3,1,2
95884,56e47a75-fc88-4ad0-8a08-ed32553a9f18,0.555,93.5,3,0,2
95887,d2fa7eab-ef36-4e3a-8cec-fffa3c7dbd3f,0.506,25.3,2,1,2
95890,f747ce9e-6ec6-42d2-96a7-b220f55eb3ad,0.196,3.0,7,1,2
95893,ef7f0d79-9a3a-48d9-8544-5ef8e7b710db,0.394,4.2,3,0,2
95896,cf8f72fa-d26b-4fae-87d0-d6440f10eb6e,0.304,4.2,5,1,2
95897,fcaa7508-b781-4285-a693-e75cc99800d5,0.380,15.4,4,1,2
95900,b9c1e087-3713-4ee1-badb-eb8a3c21868c,0.347,36.1,3,0,2
95903,702fe2cf-2f21-49f1-a021-2952375a7621,0.901,3.7,4,1,2
95904,409d1366-691d-4843-bf7b-8705600b6348,0.827,14.1,4,0,2
95905,f7fa4ef9-0d15-4cc6-bc77-5503674896c1,0.497,116.4,2,1,2
95906,2bdaf668-a385-4fdd-8f7b-df1111e5701d,0.428,46.2,3,1,2
95907,7327c6b8-b4cf-4b73-9848-f2ccd180ab2c,0.340,12.2,6,0,2
95908,3431f879-eef3-4e97-a693-32e5219dc524,0.246,23.2,6,1,2
95909,4ed45b66-0185-4ca8-a4d7-5e7e6d82a31c,0.223,2.1,5,1,2
95912,88a1e133-d2d2-41e2-ab50-a3a9201d32bc,0.186,1.6,6,1,2
95915,675110eb-5399-4adb-a22f-1e7dee7dd758,0.500,3.4,2,1,2
95918,94500e45-bab9-432a-98b8-8413125db835,0.373,12.3,5,0,2
95920,0b105873-cda2-4b3a-b100-ff9d895d8353,0.425,23.0,4,1,2
95921,ce8a82f6-85f5-4b81-b8a4-19d50e8eec5e,0.760,10.8,3,0,2
95922,26c2775e-67c0-448e-b30f-4df4047c2d94,0.633,0.3,3,1,2
95924,0f97b3fd-b566-4ff4-ae53-02ef13a94f2e,0.308,5.4,5,0,2
95925,1eef4539-03d3-41b2-af59-6b823f36860d,0.334,15.6,4,0,2
95926,b1d6e72b-1b2f-4679-b0c2-3ce6be6c65c3,0.579,23.4,2,0,2
95927,b3fc54b2-1f47-43e9-af49-264d41eb266f,0.330,10.3,5,0,2
95928,3ed95a15-fbcf-4772-af98-842b7e8b7af5,0.817,201.6,4,0,2
95929,8a0fcbe4-d81f-4cbf-ab25-10974bdb807f,0.254,9.1,5,1,2
95930,ff851d66-4c68-484f-acdd-788f4343e3a9,0.258,11.9,4,1,2
95932,ffb6536e-5512-4678-b996-159a9264a62a,0.022,399.8,4,1,2
95933,8e03ce83-017a-45ee-b0bb-c9122352aeb1,0.833,17.1,4,1,2
95934,d61712fc-d3b6-43e0-9e0b-bbf37251b2fb,0.358,17.7,5,0,2
95935,0da990f1-e60c-4f07-a20d-5939e942fc6a,1.000,20.7,1,1,2
95936,835b1f99-c703-43e3-a2b6-09933b44a73b,0.254,19.0,4,1,2
95938,2672125d-197a-4049-87a9-3b8678ba547d,1.000,11.0,1,1,2
95939,12150546-a757-4cce-87be-7a0bef5fcc3e,0.492,13.3,4,1,2
95941,04d669cc-431c-488a-b17e-83a96fecb1ac,0.381,30.1,3,1,2
95943,964d2d50-f9ae-46d7-9686-20d4c042351f,0.416,1.3,3,0,2
95944,167feb0b-5b42-4502-82bf-792b220e569b,0.366,3.1,3,1,2
95945,3b8c2ed6-83ec-4947-9f6a-d662ff8997ec,0.377,4.3,3,0,2
95946,a7c3402c-1d83-45af-b044-5349a394f5fe,0.206,9.9,5,1,2
95947,ef723cc0-d94e-43f7-9ecf-b78d320fc48d,0.955,69.7,2,1,2
95948,844ca44a-b430-42f1-8d26-d78ece533f0f,0.496,79.6,2,1,2
95949,7b355337-6f37-4ac4-9d10-17b46c57f7a0,0.325,23.2,3,1,2
95950,e204a000-ccb7-4421-89f0-1a6ae7c1c32b,0.356,1.9,3,0,2
95952,d9430c15-0949-4424-8129-23679649c6bc,0.857,46.4,2,1,2
95953,f62142f7-627d-4e6f-b5bb-3514f827c742,0.754,20.6,2,1,2
95954,720be05b-2f64-4ede-af8f-44395b37315e,0.510,6.5,3,1,2
95955,0037405e-07e6-47dd-a7a9-80e070ce9de6,0.627,10.5,4,1,2
95956,e5835464-f37c-4a99-8dad-52b727a6bca4,0.285,17.1,5,1,2
95957,328d9f79-7cce-456e-91e0-95179b069a83,0.273,6.4,5,0,2
95959,0ea8dd0c-986e-48b7-93ee-4583c4912787,0.242,121.1,5,0,2
95960,b4482452-9d6e-4ae9-bb30-b30d68b287db,0.315,54.4,5,1,2
95961,29ee87ee-a691-4ce6-be79-ea183a7e5155,0.316,25.0,5,1,2
95970,6b5dcef6-e5ec-4d63-a8c7-8eb168b0e4ea,1.000,6.2,1,1,2
95973,9b7515f6-9756-4c49-a7bb-5536b72120d0,0.382,12.7,4,1,2
95976,ce27f362-c986-4a18-a178-314973929809,0.157,11.0,7,0,2
95979,1f04201d-f26c-4972-89e3-feb901010534,0.437,11.7,6,1,2
95982,7b2d13d7-2b1f-4463-ad6f-b0bbaf22f81f,0.201,16.5,7,0,2
95986,b3291bb7-cee2-495f-b392-96c6fdbe6afa,0.232,14.0,6,0,2
95989,de6c7aa7-acb0-4df6-9570-89bd1480e331,0.361,3.0,3,0,2
95992,9ae4b216-0d4b-423c-9730-40b68b4e1492,0.390,18.3,5,1,2
95993,1c01bc25-05b6-4e59-bef6-4770ff3797c9,0.387,11.7,4,1,2
95998,e8fd57aa-0d46-4df5-80ca-c314791112f1,0.324,21.2,7,1,2
95999,daf6e08c-9238-439f-97b1-bc5a7dad0f10,0.629,134.9,4,1,2
96000,8840c630-128a-4944-bc29-b31415b7f7d5,0.198,8.6,8,0,2
96003,58352ae0-3626-434e-a29c-92235480c1ca,0.658,3.8,4,0,2
96004,45a6586f-d577-432f-bbda-ab63e1a97607,0.271,47.0,4,0,2
96005,e1b09a84-11f8-4c0a-adde-11e081954cba,0.227,6.3,7,1,2
96008,e9056126-07c4-4472-8dca-8e207808a629,0.279,2.5,8,1,2
96009,b7790c6a-634e-4ddf-a724-0e26b86facda,0.173,34.4,7,1,2
96011,0caed8af-b45e-4635-a7cf-151b2426debb,0.660,37.2,4,1,2
96012,d9caea25-c2a0-476b-8154-0d5a29505012,0.201,11.7,6,1,2
96013,45a34c60-a39d-4f50-9ac5-debc12ad119f,0.141,19.4,8,0,2
96014,64f59dd9-6a04-40bf-9c98-a5fb1a5368e4,0.337,0.0,3,1,2
96017,8f7d4715-0604-4df8-b2a8-8d96e7522bf4,0.508,22.3,2,1,2
96018,18168db8-996c-4143-8e89-23add4238845,0.996,16.9,2,1,2
96019,f9cf3a34-327e-47ba-8740-301951d8aab8,0.827,5.4,3,0,2
96022,af2f2e1f-cf12-47a0-84a1-9faa68d4b1e5,0.365,27.6,3,1,2
96023,bb4aabc2-aed1-4ca7-88af-ab3c74004490,0.355,3.0,3,1,2
96026,5a2df8e6-d248-47bf-9d7c-d5c906148fee,0.394,0.1,4,0,2
96027,a4e083f7-e18d-4a7c-8e61-a7ef67f63744,0.401,6.8,3,1,2
96030,73c7c2d7-e1cd-493c-ac26-6cf86cd65887,0.504,5.2,2,1,2
96033,5d88f87d-0421-4efc-964b-ba41fd399995,0.325,3.0,4,1,2
96034,fe18d89f-276b-4138-a6a8-78252a88ba10,0.213,72.6,5,1,2
96035,d27938d7-0df1-4521-bae7-6ce1f1ff60d7,0.181,14.8,6,1,2
96038,36ddb852-2ce3-48e9-9524-d4871db48ce9,1.000,8.7,1,1,2
96041,c7e44dc1-bd15-444e-8ba1-b3c40c8e457d,0.693,85.3,2,1,2
96042,e8573999-fe31-475c-b4cd-3ccc36ef824f,0.304,2.6,4,0,2
96043,8db6a18a-1a65-492c-af93-2d1e51c4edb4,0.697,18.5,2,1,2
96044,c44ec3a4-2ebf-49d4-8296-556dbe9b2ac0,0.502,19.9,2,1,2
96045,8a63b08d-91ec-4e3b-8a26-54486f10328f,0.452,8.7,3,1,2
96048,631ae0ff-12ac-403f-8be7-567a630b7ee0,0.528,6.0,2,0,2
96051,984dc5b5-29f8-4876-ac78-bfece79328f8,0.183,0.8,6,0,2
96057,035c1cda-75cf-44a1-9329-6186e11e1438,0.232,4.5,8,0,2
96058,f6ef5f23-b5a3-4946-bb7a-30685ec9a07d,0.166,7.4,9,0,2
96061,5610ca0a-cfbe-4ccc-8cff-c96ed288041d,0.328,5.5,5,0,2
96064,fdc4e8fb-a5b6-4682-b427-b2184a3e728b,0.257,9.0,5,0,2
96067,4f617e4d-cf7d-4625-8294-b17553d8f764,0.638,18.7,5,0,2
96068,1bf24022-d952-4cec-913b-9dafda521e34,0.999,3.0,3,1,2
96069,6b3fccda-1ffb-4547-9540-318ea4086b71,0.214,3.0,9,0,2
96070,a6baa7c5-3733-44e8-b665-7ac2f1933cb4,0.269,1.6,10,1,2
96071,670dd2d3-1a9e-498e-9972-fb964d45c1a0,0.152,25.0,9,0,2
96074,1bb06202-f573-45bf-9655-989facb182cd,0.293,3.3,4,1,2
96077,d635f2c9-f090-4897-98d6-9378f1dde555,0.610,1.9,5,0,2
96078,e500c0e2-92a1-4333-be28-e0d91477af83,0.335,1.1,5,1,2
96079,614b3a68-dab9-471d-a7cd-5458e18dcf27,0.349,3.5,4,1,2
96082,72851bb4-d589-458e-971c-f151889f2844,0.487,4.9,5,0,2
96083,6ce80a36-bcaf-4711-9143-55fdcabae5a9,0.178,13.0,7,0,2
96084,35da12c2-c7cb-451f-9249-6c00ee067774,0.292,56.6,3,1,2
96087,a68fc297-579b-4fa3-b6d8-83fc003119ea,0.980,63.9,2,1,2
96090,078c92e1-83a5-4987-8ad0-98194f518da6,0.146,247.9,4,1,2
96091,9a352720-d189-400b-aab3-62e2022ec08c,0.572,6.3,7,0,2
96092,52160737-9328-44e4-a2b1-e9c94e87d472,0.141,89.0,8,1,2
96095,5cc98efd-94cf-4e50-bb7a-5c93a09f24d3,0.284,0.4,7,1,2
96096,83b250c3-0f54-4341-882f-729928560232,0.320,12.9,7,0,2
96097,75b23ef0-81c1-4712-9ad4-48afa98e0b39,0.180,13.7,7,1,2
96100,15bfb5f7-c287-4eb1-8ed2-45315a429801,0.732,7.9,3,1,2
96103,472cf76e-8561-411e-a687-402f1c6be080,0.867,2.0,3,1,2
96104,681d42ff-abdb-437c-9558-52e1036c0bc7,0.475,21.9,3,1,2
96105,5d793473-3ecc-4cf1-bdfc-272a68cfb7be,0.730,3.4,3,1,2
96106,1b90ddfc-a5da-4186-8174-7c7d486b6761,0.411,14.1,4,1,2
96107,53eb8ca1-1e53-4d0b-bb07-fe3e9386d6d4,0.251,5.8,5,1,2
96111,2ab07853-29b9-4520-868a-1f58a792baf3,0.554,99.2,2,1,2
96112,580f4d69-62b9-4350-b34c-ddc28cf41543,0.377,84.4,5,1,2
96113,5603aee0-8aa0-41ea-bd85-aa6cc5c24ead,0.199,8.4,9,1,2
96114,0318d8f6-2a93-4bd0-b8c6-8afa6d9b74c0,0.275,0.5,6,0,2
96115,cb9cbe1e-8d08-4e09-8c4b-a3fd37c3fbe7,0.244,9.7,6,0,2
96116,0308d90b-148a-4e66-b3c6-0f95f0cabd7e,0.260,1.2,6,1,2
96117,00e943fd-15af-4627-8051-9aa482304524,0.340,0.3,3,0,2
96118,309bc357-6511-4594-b13a-4230521a0c98,0.517,1.2,2,1,2
96119,1b8b2d1b-2f56-4aaa-81a9-a30d19db28c9,0.339,3.9,4,1,2
96120,b92a74cf-7b61-4d33-ac95-6a5b53f9a90a,0.397,4.1,4,1,2
96121,5cd58c82-4a84-476a-8dbf-50c7361ec1bc,0.520,19.8,3,0,2
96127,da3a32cf-7e0b-47ba-9a57-6a5c3a05613a,0.366,4.6,5,1,2
96130,d23972c2-54be-4cc3-ab2a-5b3e912ccda2,0.431,24.1,5,0,2
96131,7ee8cbfc-5d98-4478-82ee-e155c33b56f1,0.355,1.8,7,1,2
96134,cb4f749a-4893-424d-8927-b040e87e1f54,0.341,9.5,5,1,2
96135,82eb9501-bdba-4c8b-8b2a-35bc182a0c2e,0.173,7.2,8,1,2
96138,e413f4de-ec10-494c-b2ff-037f6b48b99c,0.502,8.7,5,1,2
96141,9112ec8b-27c6-4079-848a-d280d78fd0eb,0.623,0.7,4,1,2
96142,47150062-f67b-432a-b116-b066e9cb057b,0.479,9.6,3,0,2
96145,cb2d54d9-8c9d-491a-a241-8d2897f2c2b9,0.304,7.2,5,1,2
96146,8a171be4-806b-400d-b6af-b555d98b8aa2,0.246,2.0,7,0,2
96147,5d4f2f54-b02a-450b-bbf9-a12e8d7658ed,0.272,3.9,6,0,2
96150,35bb10f0-8828-4b82-b391-16d9a9182c9b,0.209,2.1,6,1,2
96153,09b16a10-1abb-4bbf-92b0-e79d3d332d14,0.497,54.4,2,1,2
96154,23524c01-59a6-411d-9f33-b3eaa77a2f2e,0.503,7.4,2,1,2
96157,3064ed55-f41c-405e-b239-a3a749c92562,0.208,5.9,5,1,2
96165,e5d7f244-4969-4303-93a9-ed4ecd2c0e41,0.846,1.5,2,1,2
96168,3faa6cf2-50f4-4564-86bd-0e113f829f89,1.000,463.8,1,1,2
96169,2b8c92c4-fcc6-417a-b016-3112327d5d93,0.504,9.4,3,1,2
96172,7592dedb-864f-4476-8f06-66735cd4255f,0.500,3.3,2,1,2
96173,7c3dedd9-acf6-4e9c-b13f-89e8dd7c29eb,1.000,22.7,1,1,2
96176,be8542b9-b3c1-4d3b-8248-8ead77ff3027,0.996,50.0,2,1,2
96179,846f8aea-7172-4c1b-8ccd-c0d78f0b0dd5,0.592,26.3,2,1,2
96182,d5be6a60-a559-4ffb-b691-d0c5efeb7ceb,0.879,21.7,2,1,2
96183,f68c8f64-4e8c-4d1d-a6cf-4deb676937f3,1.000,138.4,1,1,2
96186,49df2b18-9717-427b-b55c-fd43212a6242,0.509,53.2,2,1,2
96189,74652c2a-cf30-4ca9-9612-221a0cdeb6db,0.928,25.8,5,0,2
96190,3d939c88-e62c-48f4-b070-e61856577f7b,0.386,5.5,3,0,2
96196,107f735f-240c-41b3-95d0-0d15df6259bc,0.176,51.0,8,1,2
96199,ca381661-f5d2-4144-9dbe-d1d977f45a6e,0.348,7.4,5,1,2
96204,c2a1e6cf-83d1-409d-a243-b4ceb9e63b43,0.329,46.8,3,1,2
96205,f1115151-b726-42bc-b720-f52c2f28849e,0.264,4.5,4,1,2
96208,7d833403-ea74-4915-b376-a85f33a5c870,0.990,13.5,2,1,2
96211,03259136-6bd1-4fd5-87c1-343e0bae0a30,0.308,2.2,4,0,2
96214,90e2843c-f877-4d83-a93c-f83bca561411,0.283,83.1,5,1,2
96215,9e3d9d72-3bb1-4153-97c8-33f17836b9b0,0.232,2.9,9,1,2
96221,e6ac7f4b-3d24-4255-9dba-c0ff760e1af1,0.522,7.4,2,1,2
96226,b1a5ee12-6e1c-4f37-83c1-852aa9c907ba,0.367,26.4,7,0,2
96227,5d5713c9-3ecd-48ae-8338-71b9c8515be7,0.368,4.2,6,1,2
96228,937651ff-c67d-49d9-970f-73eafbf12bd7,0.242,12.1,6,1,2
96233,6c040d93-218f-4bcc-9386-045a52f5150d,0.285,5.8,4,1,2
96236,2b40bed5-dc80-4586-8b9d-bafa8ea82046,0.607,61.7,4,1,2
96237,b384822a-0f35-4bc4-8407-47642c4eeb33,0.428,4.8,5,1,2
96240,e700d13f-64ad-4763-96d3-9ebde11f9afb,0.295,30.5,7,0,2
96241,ef6e053f-8bd1-45b4-923f-84d82891ff66,0.330,13.0,5,1,2
96242,b9e9f19c-e451-435e-a443-7fa043032808,0.203,66.6,6,1,2
96243,77ba4e9d-f79b-45a0-abff-9341e8ec25bf,0.152,3.2,8,1,2
96244,3e223aa0-a125-4ffe-8140-96d732cdbea1,0.363,2.4,3,1,2
96247,5b43b381-0e86-4370-871a-06ca1db2a447,0.192,0.2,8,1,2
96251,6fa16639-62b3-404b-8499-ac9525c96e13,0.522,8.0,3,1,2
96252,9e4e8c79-8929-4dd6-8c78-41aaaa1e9dd0,0.631,158.1,2,1,2
96253,49bf246a-7adc-484c-8a29-a4e6afeaccbf,0.227,8.9,5,0,2
96256,cec107ae-41d9-4b62-959a-d86b26f61ae6,0.321,18.9,5,1,2
96260,9c12c1f5-73c8-4051-8497-1d115a5ba214,0.038,418.9,3,0,2
96261,dfe01b18-e346-4d08-9c00-e1821fc7a4f1,0.525,91.8,3,1,2
96262,fdfbfdfa-3bef-4cf8-adc7-396f1bcb950d,0.272,2.2,6,1,2
96265,a531365b-2a0f-4722-808f-2a2d7705aca8,0.227,63.4,5,0,2
96268,a5295ed6-da02-4191-9b2c-194df96825fd,1.000,7.2,1,1,2
96272,d90b5b1e-eab5-4450-bdb5-ec75feadbc80,0.251,3.6,8,1,2
96273,45509376-3101-4129-a1aa-975ba1d5fe72,0.273,4.6,6,1,2
96274,79843e16-6002-4af2-8612-579e5e3ca834,0.613,25.7,3,1,2
96275,75d73570-de89-4d5b-9276-11007256dcdb,0.463,96.3,2,0,2
96278,00544ea4-2c41-4134-b691-54866cec0818,0.193,7.4,6,0,2
96281,40344e74-b830-4257-ac8a-bc01ccc2fa95,0.594,6.4,5,1,2
96282,abb1ae97-cd5a-4f0f-a5c4-14ebbd884a53,0.302,89.5,4,1,2
96283,219d6701-f367-4034-8e75-88fd5257801d,0.350,24.1,5,1,2
96284,241f9eb3-bfb5-4208-9980-842d2aefabf9,0.951,12.9,4,1,2
96285,40651cb9-8de1-42bb-8540-4b5c7bd3d027,0.329,4.8,6,1,2
96288,6dee1b61-a7e4-42a8-9c38-b9f27c63bde4,0.086,202.5,3,0,2
96289,9f4eb17d-10d4-4120-9e76-045e0ab11c62,0.702,5.7,3,1,2
96293,5b058487-2594-4b2e-9502-32e7290e47b4,0.209,44.7,5,1,2
96294,be6c2cba-1839-4772-9bcb-3ab7b4241fe2,0.162,0.3,7,1,2
96297,c83a9e4b-c3f4-4576-a63c-4727c857c786,0.540,34.2,5,1,2
96298,f001141f-fed7-4c48-8d50-866769abef44,0.235,16.5,7,0,2
96303,20b44380-e953-49f0-bd22-3309b28c8a37,1.000,311.3,1,1,2
96306,1144b3e4-e154-465f-b9fc-ab2b161f4f24,0.858,27.9,2,0,2
96307,c88cb6eb-4c1c-439f-ba59-b4ff4b64c4a0,0.375,5.1,3,0,2
96310,35363513-5574-45da-87fb-5d2eddaf0f36,0.338,25.6,3,0,2
96311,0f643cde-654e-413c-86d0-e1c0828497fa,0.518,34.4,2,1,2
96314,72ad5511-2203-4ad1-81b2-894f9f74f6a2,0.275,1.0,4,1,2
96327,3b831205-aa68-46c1-a1c7-f3be01a3a60c,1.000,9.6,1,1,2
96328,5380809f-1978-4fa4-9b5c-f37b77a9d89e,0.658,28.7,3,0,2
96329,f6061243-ed75-497c-88ca-2624f3070ce5,1.000,5.9,1,1,2
96330,ee0962d6-e811-4230-9f7a-114bf2c3c5c5,1.000,15.7,1,1,2
96331,0cb05317-a38a-4b69-a315-8fe5d3616136,0.267,4.7,4,0,2
96332,24cca965-fa1b-46dd-b1f8-2ab0530bbae6,0.284,10.3,5,0,2
96333,ae934fd0-e8cb-4112-8db7-51524063d9bf,0.629,186.2,2,1,2
96334,b0b4bdd0-27a6-4da7-b92f-a503cf6b96b3,0.539,16.9,5,1,2
96335,c2da4d32-033e-4bd4-b130-77a52e391e93,0.371,14.5,5,1,2
96336,bfb4c632-038f-43e7-82bf-9974f51936b0,0.736,6.9,3,1,2
96337,ac19f36c-2096-4195-93e1-9ca7b8b700f2,0.348,0.6,4,1,2
96338,1463b652-5311-45b7-9fc5-e598179d40f2,0.513,0.6,4,1,2
96339,d6ef6b97-8066-4336-8c89-15f331aca2f8,0.352,13.8,3,1,2
96340,a39edf00-13a1-4ba2-b8cd-06735962860c,0.419,7.3,5,1,2
96341,bbb23ef1-95bc-4b53-b2fb-90a12667106c,0.342,8.6,4,1,2
96342,a8d1dc91-313b-4919-9009-71ed70ff4976,0.285,19.0,4,1,2
96343,1d7cbce3-5663-48ec-a39a-00adc0085c36,0.502,27.8,2,1,2
96344,bab2782c-6a72-489b-bf41-4917dbcd2e0a,0.402,361.4,2,1,2
96345,02353a13-a457-4bc4-b176-2a2f7f3a2581,0.323,11.5,4,1,2
96346,80bf2407-b3a3-400e-b1e5-38ef381c92e1,0.534,4.6,4,0,2
96347,3d4e9598-653a-464c-a711-ba5e2337bc1e,0.258,1.6,4,1,2
96348,caa5d57c-d68c-4142-98e0-09d1cee3ea0f,0.365,10.4,6,1,2
96349,d4b69186-84e9-4786-abd0-927454eeedfe,0.348,4.0,6,1,2
96350,2c762981-ed56-4655-bbe1-4452e2bb0334,0.387,22.8,4,1,2
96351,e74959e3-d096-419d-9e30-928b3ca02f74,0.235,0.7,5,1,2
96353,363c5db1-a3fa-412d-a5bb-f3067bf6881f,0.152,276.6,5,1,2
96354,1f4de724-1b8d-472b-8820-8af7d2ebf817,0.274,1.3,5,0,2
96355,ac5489aa-64ac-4d8a-ac97-1d0d17307c1d,0.271,35.8,4,0,2
96356,d03a877e-267b-49ef-ade1-0227a47eb22e,0.293,1.4,4,1,2
96357,9c363ad6-7e90-4aa7-99e0-3ef4071ee112,0.222,3.8,6,1,2
96358,4b48b011-846b-4009-b1c3-498ac0c7533b,0.426,14.0,3,0,2
96359,11c86ffb-7e3d-4155-89cf-27211d05011a,0.500,2.9,2,1,2
96360,a19b0f48-64d6-43ea-9666-af4c089f2d22,0.665,29.9,2,0,2
96361,e53e13f0-b9b5-4fb5-83ab-652a954ba984,0.686,15.7,4,1,2
96362,f08de87b-ef0e-4b35-9627-16273fd213d2,0.459,12.9,5,0,2
96363,50a8bdf5-d3a6-4d90-ba3a-25ac5f9aac80,0.875,3.4,4,1,2
96364,710392ce-ffe3-4c40-93f5-5b44ec4e2b1f,0.240,16.1,7,1,2
96365,f4b05db1-6ff6-47f4-9011-a0b0c30816bf,0.213,2.0,6,1,2
96366,500bd9c8-25fe-408c-9973-3d6ae8d58337,0.392,4.2,5,1,2
96368,9307cd4f-eb17-444d-a97e-3b20d8a02809,0.484,3.0,3,1,2
96369,99b896c2-4653-420e-9a5f-954de50d352a,0.223,9.7,5,0,2
96370,ef48d1c8-bc2e-4f23-87bb-072f56b20e46,0.287,9.4,5,1,2
96371,ba483939-f4fd-4e88-bd6d-5bbeb3cddc38,0.910,28.5,3,1,2
96372,0f02b4e3-a834-43c8-bbc7-8763032b38d9,0.522,12.9,5,1,2
96373,57002135-fcd4-4fbe-8b44-9ef8e5bc88ae,0.978,7.7,2,1,2
96374,74c315b2-abb5-4bbc-a877-b0ec98cc7301,0.537,6.5,3,1,2
96375,bb702300-ba09-4997-8ee6-af65fc91198c,0.587,33.8,5,1,2
96376,6f4c1705-f2c2-4d72-a961-1446a822c9c4,0.466,7.0,4,1,2
96377,a8d38cef-5656-4eeb-b2fa-f0d6593ecc86,0.460,1.4,3,1,2
96378,00f30c91-926d-4617-88bf-f9abd3c8e94c,0.211,2.0,6,1,2
96379,5025ef59-9006-4ac5-a48d-8cdd92206dc2,0.434,11.4,4,1,2
96380,fe69175f-1c5e-4e54-84bd-2c29185db06e,0.453,3.7,3,0,2
96382,8f5d8438-5b06-4888-8880-e72f1c40539f,0.503,1.4,2,1,2
96384,87525a8c-e72f-477f-a667-a9f712d80ffb,0.266,13.0,8,0,2
96385,024d4dbe-928d-4022-9e0c-cd416ade25e6,0.150,0.1,10,1,2
96387,2da54d0b-d1ca-4058-9188-b55dd7cd6b26,0.505,15.4,3,1,2
96388,26ec84a2-9f56-4448-9e3e-457a3a8274f1,0.665,3.9,5,1,2
96389,82ea40b9-bded-4901-8bbc-0c4cd488a7fa,0.215,77.8,6,1,2
96390,046f1195-854f-4d9a-8d49-cd69fad9dc32,0.385,1.4,5,0,2
96391,6f3362b1-2eb8-4049-a3c4-63dc3165ec53,0.356,20.4,4,1,2
96392,a6690f56-d899-42cf-a044-9419aba3c17a,0.240,4.0,7,1,2
96393,22814a48-ca0e-4ad6-b0fc-d579a29b0383,0.206,10.7,9,0,2
96394,9893831a-6a6c-4ca0-b121-9178fc362ef9,0.330,0.9,5,1,2
96395,a44e15a8-f0b4-4406-b045-0f96eef75b28,0.603,3.9,3,1,2
96396,563ac905-bffa-47ba-bdc7-4b202ae0566a,0.210,75.0,4,1,2
96397,63d5baf7-cf74-4a8b-a37e-4d9ff2d5b4e5,0.160,7.3,7,1,2
96398,7a25de18-5139-4549-9076-58a6d32f69ae,0.446,3.8,3,1,2
96400,e272b7c3-7da4-422e-a5d3-351596505060,0.481,8.3,4,1,2
96401,bf7a6213-576d-4abd-9643-43070d0c461c,0.455,9.1,4,1,2
96402,8078aadf-8c8d-4670-a419-7cc61c11a4a9,0.803,77.1,2,1,2
96403,a8705c55-ca3c-4583-98d3-f575afa4d7c1,0.823,8.7,2,1,2
96404,9fed8e9c-e94d-4e39-84a7-41d9a1a8c569,0.344,4.3,4,0,2
96405,77e2b158-5507-463e-b5a5-07463c9ab7bc,0.520,18.8,2,1,2
96406,1b25be05-69d5-4f15-8856-12062f79c9ba,0.334,6.4,3,1,2
96407,09914e47-b5f5-457d-af65-08d33872892f,0.161,167.1,4,1,2
96408,e58e0f51-ea24-453f-9882-d0c910feb1be,0.336,4.9,5,1,2
96409,b33f02cc-b2b8-4357-a88a-9ec0f6f66d56,0.430,8.3,4,1,2
96410,9a445560-7b76-4974-8a9e-3d24652f252d,0.503,17.8,2,1,2
96411,10c50baa-a4b1-4663-8f8b-1d3584dbac39,0.544,8.0,2,1,2
96412,923c88c3-0291-421b-8b68-136d334739bf,0.258,2.2,6,1,2
96413,275a6c5f-dd44-4b41-a803-07863b19ec03,0.260,5.7,4,0,2
96415,ee40f785-7b78-4f32-b20f-a281d4dfe21e,0.529,11.5,3,1,2
96416,e60003cb-bb57-49f7-a214-e23220ff095c,1.000,122.4,1,1,2
96417,99b7d72c-1d61-44aa-9811-61525e8f4231,0.363,148.8,3,1,2
96418,21a98fca-2018-4252-b7d5-9b536509b513,0.294,7.2,4,1,2
96419,f706b1e3-037a-4c73-8c9c-0f7ef419871e,0.492,238.5,2,1,2
96420,2d80926d-c3e6-4673-9d67-a13c9fd4df0c,0.253,32.5,5,1,2
96421,30b35dbd-aab8-47b8-bff0-55ade8b570c5,1.000,315.5,1,1,2
96424,669210fb-7725-4e3c-b456-64816e8a555f,0.239,12.5,5,0,2
96425,e6b8a5ae-2356-4694-bee1-92b06eb16e58,0.188,0.3,6,0,2
96428,7aeac9fa-469a-4190-ab09-109ebe2234ac,0.404,22.5,4,0,2
96431,146df1fe-2308-4395-8a50-b489f32f8302,0.364,8.9,3,1,2
96434,e4d349fd-8bde-410b-b710-9263aa295de9,0.385,19.1,5,1,2
96437,11aafdb2-dbf2-4951-877c-335bd426c30e,0.877,102.2,2,1,2
96440,d9e38342-9fe5-4d05-9415-31579ce8e132,1.000,16.6,1,1,2
96443,f7595af3-7d0f-4bf4-b50e-735536dc17f7,1.000,22.2,1,1,2
96451,f748d5f9-3f73-4ec3-83a2-ba6aab448d69,0.518,7.4,2,0,2
96454,ad60b40c-b34b-47cd-b9a2-cd529d190058,0.359,4.3,4,0,2
96457,7c02811d-5dcb-4011-9615-594c09d8126e,0.359,387.9,3,1,2
96458,3ab0cadf-02d9-4114-9a80-a44dc4fc713d,0.624,109.2,4,0,2
96461,ee7da612-622c-422c-b009-af29b4a0101b,0.241,2.2,6,1,2
96462,6908f2f8-8feb-47e8-8cb0-83dd2f94049d,0.351,6.6,4,1,2
96465,fec78b11-8b72-4886-a2a8-505ac62505a9,0.344,4.5,5,1,2
96466,1cdecc66-90a5-4185-a5a5-9c0aaff0e51a,0.988,15.9,3,1,2
96469,b16b9851-66e9-4c06-acb9-30e2c875147f,0.319,7.5,5,1,2
96470,4b4c41d4-33db-42d5-b3a1-1d090f7d9879,0.280,3.6,4,1,2
96473,b7d3bd61-f8a1-4b0c-88e5-02cc32016b27,0.190,181.9,3,1,2
96474,8145e844-791c-4521-a775-2459cb493f84,0.665,3.1,2,1,2
96475,fab53f22-1759-4be0-9c6d-bf874f8a1515,1.000,4.7,1,1,2
96478,62bed8a8-d107-4d64-b548-005fc9b2a98f,0.474,3.2,3,1,2
96479,2d61a164-3cbe-440c-aa9d-38e61201fdac,0.333,12.5,4,1,2
96480,702d0c68-f9ad-47ec-a2fd-2bde28a33083,0.496,9.0,3,1,2
96481,9c843cab-aa8e-4c61-b757-4ad364ad63e7,0.474,1.5,3,1,2
96484,d893e049-b18e-4c04-baf6-3662b0a81e01,0.340,4.0,3,1,2
96487,948ffd41-c52a-472d-bba7-3a7ac065b3e6,0.530,7.4,3,0,2
96488,4a778c6d-82e4-4602-bbda-334c83bd026f,0.439,174.0,3,1,2
96491,303f9e8f-a859-4b99-8f26-58863dd5fc8f,0.413,2.4,6,1,2
96492,c6cd035b-ea5c-4a7d-9a68-919152486bc2,0.312,5.6,5,1,2
96493,84cae2af-fc6d-4855-947a-80d07b6a8bd6,0.638,52.2,3,1,2
96494,ca6ed4f4-2c15-49c6-9e6c-39d7bb53c43e,0.414,19.6,5,0,2
96497,ddad4fb2-074a-4df2-882e-17a62ccdb9c2,0.404,13.8,6,0,2
96498,1e9f5265-b6bf-4241-a087-c879957553c3,0.317,17.4,4,1,2
96499,53364ec8-3f3f-4596-934a-e68afcf2f515,0.224,7.7,5,1,2
96500,9494bec9-758c-4053-8c6a-3162d2062245,0.353,0.8,3,0,2
96503,d738f801-4046-47c0-b6f8-60ca096d964a,1.000,23.0,1,0,2
96506,e4920961-0545-4157-8e2d-9277b747a0d5,0.355,3.4,4,0,2
96509,5eebba72-9a06-4a78-be8c-d1d249b94694,0.595,86.4,2,0,2
96512,789beb31-3aa4-4bab-a88d-117859ba4b27,0.952,2.3,2,1,2
96515,857c2f7b-1b61-4670-8c7e-f46fab46aaa6,0.635,4.1,2,1,2
96518,9177396c-d388-4eba-9c8f-2e2e7b734359,0.311,230.4,3,1,2
96521,11d21750-d4f5-4479-b47c-cef90ad15e13,0.457,14.8,3,1,2
96522,4cc36f39-863c-494a-b408-70c0f2df8a91,0.440,9.0,3,1,2
96523,19830f2a-9015-4855-9eb0-4dcce2c03687,0.518,24.7,2,0,2
96524,f4a8f808-57b1-4dab-9c80-3a7ebe980f12,1.000,13.5,1,1,2
96525,820b43e8-129b-4882-a5ba-b542b4ccfd8b,1.000,11.1,1,1,2
96526,c407afe3-5b93-4882-bc61-1991356a30ae,0.489,23.8,3,0,2
96527,f5a7dc1a-0447-4605-8152-27f810329d3b,0.394,3.2,3,1,2
96530,ada4428d-c4f9-44c9-b8ba-f1f4b3a66913,0.690,6.7,4,0,2
96531,c02ba8a3-8685-4243-b09f-28c56a64d1f1,0.290,3.3,4,1,2
96532,e24016df-f426-4f59-959c-92ded25fa3a2,0.453,32.7,3,1,2
96535,0757a0e0-7361-4454-aa72-69a651690d9c,0.484,4.8,8,0,2
96536,9ea24b5f-81d6-4077-846e-9838347592ba,0.310,42.3,7,1,2
96537,27d6c791-d5ec-4e3b-9fb8-2a9f3a0f7115,0.357,12.4,7,1,2
96538,a86738ed-93b9-4da6-a414-fb87e9cb02a8,0.642,31.6,4,1,2
96539,6b4bd35f-63db-455a-954b-6aae6827cbd0,0.186,109.7,4,0,2
96540,8ac8b23f-83b4-4678-9c93-b68ff33f8627,0.245,68.8,5,1,2
96543,df7d3542-3762-49c2-8d3f-38f8f6a8b20d,0.250,15.5,5,0,2
96544,1959a2e6-0c74-4c84-a296-ee6c08e63c28,0.243,0.3,5,1,2
96545,dc686f58-c458-4aed-beb6-d14883f88e32,0.358,7.2,3,1,2
96548,c3219e55-c6c1-40a7-9e47-805485128615,0.654,0.7,3,1,2
96549,14aff6fd-09fc-4a3d-973f-367809aa4007,0.512,19.1,3,0,2
96550,13609789-de8c-434d-85f7-ee028f0ffdd9,0.337,4.0,5,0,2
96553,25479ee0-dce4-41fb-a074-c6cf4a17d054,0.291,7.3,4,1,2
96556,a963e6f6-acc5-44d1-8de0-b5ecc3242ddf,0.214,3.8,6,0,2
96559,e79d427b-91e8-421c-a3a7-a08dd7328db8,0.271,0.7,4,0,2
96566,8b71603a-beba-4ea1-ab9c-8176c43d79ab,0.335,16.6,6,0,2
96567,69d7e6f6-7897-4c39-9be3-5dac98fccb7d,0.311,2.4,5,1,2
96571,51a1753b-1725-41a1-a8b6-eabc226bfb90,0.520,6.7,4,0,2
96572,d065749d-b5a9-48d9-9264-8c03bd171cf9,0.520,2.1,4,1,2
96573,cce80286-1353-439b-814a-18655b6a1e71,0.963,3.3,2,1,2
96577,1ac03ace-8029-4577-8ac5-c3690fcd635c,0.345,9.3,8,0,2
96580,5c19bf00-4567-4a0c-9758-d5d0a39a6a7a,0.488,56.3,3,1,2
96581,c0145281-f4fc-4df5-a233-612e56c5ad79,1.000,9.7,1,0,2
96582,d20e6fa2-feac-4699-ad4c-10554ce56c3e,0.222,6.1,5,0,2
96583,ce636291-533a-4a94-a411-d6499ec2f679,0.517,1.0,5,0,2
96584,80776399-482a-4323-8ecd-1e4058f90930,0.302,13.5,6,0,2
96585,2d3da0f7-eb5b-4e6c-a4a5-9cfb99a2fffa,0.288,105.4,3,1,2
96586,d90c384b-4f0e-4103-9ab1-6c6831b8caac,0.384,15.4,4,1,2
96587,f018c3df-bd54-4faa-8605-997fe4e77351,0.366,17.3,4,1,2
96591,a33446e7-b075-4e6f-8f3c-d2bf60d0ddbb,0.424,153.3,2,1,2
96592,b965c233-223d-4445-8b27-3b7b8493a93b,0.367,10.8,4,1,2
96595,47ebe5ab-1243-4ed2-aac8-d7afa1019ad9,0.568,18.3,3,0,2
96598,e2435066-a62f-497a-9c91-8fe2683dd68a,1.000,361.4,1,1,2
96599,9e5bf6d7-3197-4f7c-8c6a-8dd6e4e8ca3c,0.472,28.5,3,0,2
96600,faa36558-0358-4ffc-81e0-98ed0b938b1d,0.391,1.6,3,1,2
96603,c534f44a-b5c2-411e-8250-84b992af2d44,0.471,39.7,3,1,2
96604,0c0611c2-512b-4447-9ec1-1e3d52fc3cdd,0.490,0.3,3,1,2
96605,d8b08a00-3dbd-4619-955f-5fe8fa2f90c0,0.313,12.2,8,0,2
96606,83550d94-aa93-4868-a694-a45b6afff94e,0.269,1.7,5,0,2
96607,e08ebebf-84a0-4ee9-a8eb-0295e47acc2e,0.348,4.7,3,1,2
96609,eeb71c16-bbbe-497c-9d34-c7abd6a1cfe6,1.000,5.3,1,1,2
96610,346946d7-9f27-4aab-95a2-b23458ffb8ef,0.719,43.1,3,1,2
96611,d83303bf-a8a9-4f8f-aedb-5bc877bf8366,0.441,3.8,4,0,2
96612,c61f79d8-bdfb-4eed-89e4-e3c1b8858e9a,0.418,6.1,3,0,2
96613,82093612-0d20-487f-a2c9-dfbc9f1cee2b,0.337,4.9,7,0,2
96614,3a654e40-3528-4cfb-883e-32e96e757690,0.454,286.5,2,1,2
96615,8c278f99-193b-49ff-a0c3-ba6f0613b20e,0.319,151.6,3,1,2
96616,f8780633-efd6-4590-8088-c8077b6b006e,0.230,9.9,5,1,2
96619,c154f59c-19b9-44a0-8a7d-b8a94ac6241f,0.885,14.2,2,1,2
96620,3b9018bc-1ad4-45bc-9aff-abaceeec8e61,0.453,10.2,3,1,2
96628,93f88d12-4531-4459-9729-940a23415067,1.000,76.2,1,1,2
96629,931b9ba9-c641-444c-b02e-e6fb57e8dde7,0.497,55.6,3,1,2
96630,a2b563e3-dce1-4e6b-993b-7a9055cbae00,0.302,0.7,4,1,2
96631,479006a3-4b00-4e81-8f2f-6b29a623000b,0.263,11.7,4,1,2
96634,42a5b624-d1a0-42af-a43b-4ec4bbcd871e,0.493,14.0,3,1,2
96637,813c4fa6-6f2a-49c7-a004-5161f4af992a,0.346,3.2,4,1,2
96640,c3621ad2-de6c-46d2-acd9-691159c1d611,0.733,22.8,3,0,2
96643,8de004de-c966-40cd-9455-238614462f9d,0.411,42.3,3,1,2
96646,8ea6346f-31e0-43a6-b6b4-d71b96b5e2e8,1.000,7.7,1,1,2
96649,11095cbd-db5e-492b-aea7-2742fa50af19,0.350,149.3,6,1,2
96650,462f4de9-d72f-44be-96d5-ec7c52657fb5,0.290,10.6,8,0,2
96651,90ef2166-9e2d-47bf-be74-a5a73e1af1d8,0.163,7.5,10,1,2
96652,30df2d2f-ec5a-413f-9892-34c088ccb99e,0.229,3.9,6,1,2
96653,c8911453-3edc-482e-8e29-e9aa70ab7b82,0.253,2.6,4,1,2
96656,50c5af4b-407c-447a-a575-b25e08b31e23,0.325,10.6,5,1,2
96657,5d81c58c-0482-4667-bdc5-f21d94b8f7b0,0.268,7.8,5,0,2
96660,52342cde-b9d1-4e36-a42f-814b14514567,0.590,7.0,2,1,2
96663,123aa62e-a75e-48d3-a621-fbf53160eadf,0.402,23.3,4,1,2
96669,eeab22cb-0944-4551-9258-848ef7c7420b,0.345,42.5,3,0,2
96672,b6bd9213-f9c4-423d-a0b8-9640af264d77,0.344,10.6,3,1,2
96675,33313f2b-2f71-45db-9efb-09fcaf15eb94,0.379,5.8,5,0,2
96678,a71c9ada-a672-49c1-add4-791e1caec6ed,0.447,12.6,6,0,2
96679,435ec1bc-5560-436b-9c3b-0d8ba6c58457,0.409,1.7,7,1,2
96680,57f69a24-c016-4c60-a743-3e3b883931dc,0.818,19.7,5,1,2
96681,ec23a93e-55f7-4675-a302-1272ef88945b,0.260,84.3,6,1,2
96682,7cd7c795-b9a4-4cc6-a61f-8cd4fe261d55,0.211,35.6,8,1,2
96683,29f52231-0955-496f-90a2-5c0edc88a2c2,0.199,1.9,8,1,2
96684,598ceaea-7041-4fc4-9b28-6cd42c2723e3,0.365,11.2,5,0,2
96687,a45c2caa-bd4f-4ec0-9b1e-fe0f36425def,0.399,207.9,3,1,2
96690,98e73a52-4165-4f54-9c98-275e43b7a947,1.000,2.7,1,1,2
96693,746d176a-d812-4b11-921f-6159d9cd0b7c,0.358,1.7,3,1,2
96696,de39af93-1488-4d34-a869-8395043570ac,0.505,31.5,2,0,2
96699,c8001dfb-d59b-4169-8bde-88f44d63e0c8,0.488,55.4,2,1,2
96702,7f47fcb2-2681-496f-8afd-c455788d2526,0.375,4.8,3,0,2
96705,b82ecdb6-7513-4bcc-9dff-ad4276f41aa4,1.000,11.8,1,1,2
96706,bb931f16-16ab-4438-b93a-a85aa52e40e9,0.542,13.7,2,1,2
96709,fc72dadb-5c1b-4efb-a922-9f6cececf93f,0.952,2.4,3,1,2
96712,ba0d3b40-ea17-4dbe-ac56-7959558ed4e1,0.205,4.7,8,1,2
96715,7d0da6ed-0b43-4c95-a117-afff6e3582c9,0.199,3.8,7,0,2
96718,3461dc67-ff80-4fa5-b191-965a07dab9bf,0.686,17.2,2,1,2
96722,d30c4de2-179e-40f6-ada2-adefb24e3133,0.439,21.3,4,1,2
96725,77f00958-35f9-45e0-9865-0637544148d8,0.352,4.4,4,1,2
96726,3b040055-adf7-43c6-a442-0da1c4651a0b,1.000,6.1,2,1,2
96727,9696f436-7673-43e7-aec6-3c529705e8e6,0.481,1.3,4,1,2
96728,b195a0da-876a-4b55-a072-e74039ed75bb,0.263,10.9,6,0,2
96729,b6c69ddc-d9b1-4682-b900-a75a278a56a8,0.085,391.3,2,1,2
96732,1f919b9a-1d47-4836-b661-45da8c2e4df7,0.687,32.7,2,0,2
96735,7194d153-6fc7-48f1-8089-10075438c847,0.135,124.5,6,0,2
96736,94f94b90-5c33-4982-914c-87a0e2e958e8,0.221,3.7,5,1,2
96739,459f0470-f289-4aff-9b67-b70446bde5f0,0.806,68.6,3,1,2
96742,e1f00c97-4c16-4d41-bcbb-82f4eedf83fb,0.372,5.3,4,0,2
96745,f3a81c4e-fd3c-4a0d-ae79-6adb063b0fc2,0.503,31.0,2,0,2
96748,82681e94-f736-4d86-9c4d-a2ad6f80890a,0.505,5.8,2,0,2
96751,b3c31e01-c607-43cd-b068-873f2393e3c7,0.497,55.4,2,1,2
96752,41b4fba7-83a4-4b15-bf90-ce8221fdb7ba,0.503,34.2,2,1,2
96755,cf250e0e-2d19-4f6f-ba98-7bf775df7cd4,1.000,18.6,1,1,2
96758,dbc016e8-c3d7-4493-a988-377a7c0dca5a,0.496,10.0,3,0,2
96759,48e14eec-ef09-4012-978b-37160a7410cd,0.543,0.2,3,1,2
96760,c4cbae3f-53ce-4717-ba7b-1e1faeaa0e22,0.809,15.3,2,0,2
96762,9369d847-3136-4ff4-bbfd-880cc100d541,0.355,17.4,4,0,2
96763,023012ee-03c3-4b22-a016-dd5b877400eb,0.325,20.2,4,1,2
96766,b696bd49-a827-44a4-a4bc-2b803f3ec44c,0.443,5.2,4,1,2
96767,1c1e9535-1dff-4cfa-ad9b-1629ac504d2e,0.389,11.6,3,1,2
96770,eb7d4c96-150b-42be-98cf-e301761872e8,0.497,1.0,3,0,2
96771,e013f5ac-d240-4364-9ec9-fbfd7ef7594e,0.506,27.4,3,1,2
96772,04c5c070-c069-436e-ae3f-75cf4ab39afb,0.984,9.6,2,0,2
96775,e5064562-ef06-4749-bb4d-72e5da8c243b,0.514,28.8,2,1,2
96778,9e0d0b80-0674-4ffc-bdbf-46c4420ed162,0.246,40.5,6,1,2
96780,df9c4513-7953-4c50-b4f0-454116cb8e0c,0.269,1.5,6,1,2
96784,f527f894-ab6d-4692-84f0-8c8e3928ba39,0.702,10.0,4,1,2
96787,e18f4426-da18-4400-b530-e799de1a3450,0.420,16.5,4,1,2
96788,47f90728-b411-4d2c-80c8-167bb6f7607d,0.200,12.2,6,1,2
96791,104a02b8-38ff-4056-9395-9d3c8ff21a55,0.353,0.4,4,1,2
96794,36a757ec-4621-4477-958c-2068ff95f543,1.000,20.9,1,1,2
96797,ed00a479-ad25-42f6-a5cd-aa4d29bb61bd,0.791,146.8,2,1,2
96803,50134ea7-e635-4968-93a6-298bcba49eed,0.546,17.4,5,0,2
96804,98727ea0-6b35-444e-b874-52e4153ba93b,0.190,0.4,9,0,2
96807,0b02f25c-081b-4143-bf08-882f11f8d875,0.676,26.2,3,0,2
96819,2ca071f9-9ed7-40f9-b7f1-f3d2fbe8b433,0.353,4.7,3,1,2
96822,6279c4f2-98f8-42bf-8e16-874802e9cf26,0.501,36.1,3,1,2
96823,e1db35ce-99e3-48f1-ae13-09b858094f12,0.613,4.6,3,0,2
96826,68bed882-f1a3-487f-95e3-665d411c45df,0.508,28.4,2,1,2
96827,3395c53f-3f7d-4632-8b7e-5272721bcd2b,0.863,6.7,2,1,2
96828,c35bf951-f8a8-4707-8725-0f5c854f6149,0.550,10.9,3,1,2
96829,8250426b-bcae-4ab1-ad98-adfb85f00446,0.276,0.5,4,0,2
96832,afd5eeb6-d295-456a-8cff-b34624124fb1,0.281,8.7,5,1,2
96833,0c548184-2d74-448d-8b3d-5c535065a99a,1.000,224.1,1,1,2
96834,faf0f924-df4e-46f8-a7d2-b14fcdf42027,0.582,16.9,4,0,2
96835,5e229acd-6fa3-4e70-8508-d9a153ee5c7d,0.367,2.7,3,0,2
96838,dc90ed4e-cfbe-47e0-b7a6-5c61ab8cb5c9,0.262,97.2,4,0,2
96839,664971a4-7f6a-40af-9eb5-3d0584f11eb9,0.284,1.5,6,0,2
96841,08602e7d-beb4-44ad-988b-656c7933da54,0.630,0.4,3,1,2
96843,09bcde8d-695a-4308-9145-894b62626afc,0.884,14.9,2,1,2
96844,bdc97fe7-8728-4b9b-aa51-24d721568dbf,0.529,29.6,2,1,2
96848,9f9bb277-4b64-49d5-ae26-1aa34852902e,0.502,31.4,2,0,2
96849,36000104-b4b4-4844-b13b-c06b716302ed,0.771,41.6,3,0,2
96853,79495ff9-2004-4ae3-982f-c69cdbb2104f,0.188,21.6,6,0,2
96854,05bd9aae-51a6-443a-aba2-2b3036e2b1f7,0.183,20.1,6,1,2
96860,e23f2bbe-9fc7-4bf5-9af1-12594dd496a1,0.190,7.9,6,1,2
96861,6b09ce9a-37bb-45bd-9910-785b8146d893,0.185,9.9,7,1,2
96862,83f14bf4-d161-410e-9765-5b7003d04bcc,0.509,72.5,2,0,2
96863,4ea0c884-52e3-4b1a-b207-0245b89cb614,0.885,92.2,2,1,2
96866,e3e26e35-c55a-483e-8bbe-f0c352503efc,0.633,87.4,3,1,2
96869,56938ad2-fc97-44ba-b52a-f80bbdadf1a4,0.185,104.2,5,1,2
96870,95b0bef4-df92-46aa-839e-38228a874b88,0.226,6.1,6,1,2
96871,6107922b-4371-44f5-a3cc-5cec44691acf,0.608,3.7,3,0,2
96874,6135b39a-a80b-49ef-822e-d7b1d137e820,0.350,18.6,3,1,2
96878,855d89c9-0739-48b0-be1d-fca19c2a9479,0.321,127.9,3,1,2
96879,712fa918-6ece-47df-86a0-0f5cd396d536,0.259,7.6,5,0,2
96880,92cd82ca-48bf-4f84-b45f-b19b0f2cf44a,0.243,0.4,5,0,2
96881,6e839cd9-d392-469f-88a8-d590cf4d150e,0.998,7.7,2,1,2
96884,9abac8bb-b82d-4ce8-b175-3d333c2ae2a0,0.455,6.8,4,1,2
96885,130bd654-0e9b-4592-9336-7b67cecbb291,0.349,2.8,4,0,2
96888,3d429846-0148-4b1d-8ca7-2ad2e681eb29,0.339,85.0,3,1,2
96889,9b74231c-034a-432c-959d-829281c738bd,0.255,17.2,4,1,2
96892,81b5a402-1b19-4217-9ef5-be49b9456155,0.053,596.1,2,1,2
96893,76396eb5-3c67-45d4-9ff1-d75161497abb,0.844,2.6,5,1,2
96894,3ea640dc-6fc8-4af1-aa40-285d8818c00a,0.691,9.3,5,0,2
96895,4214e807-759c-4750-9e02-a32657738be2,0.351,1.2,5,1,2
96896,429a2f5d-a3d5-49ad-b0ce-ae5013e13577,0.583,7.0,3,1,2
96899,cc4434f1-de63-4235-83a5-b657e2176c23,0.161,5.2,9,0,2
96902,346b44e3-5102-4063-8c6d-51b3a09d0895,1.000,1.8,1,1,2
96903,62b48de9-55ca-4d41-835f-82963f893897,0.636,5.8,3,0,2
96904,89c94172-5c38-406c-a06d-ecaf67ed5028,0.330,18.7,4,1,2
96905,b66b6e6e-947a-4f93-91d8-a5429ddd371e,0.683,1.1,2,0,2
96908,aaff1a8b-ed82-495e-b2cb-0aa39632156d,0.617,186.9,2,1,2
96909,dd520429-60d1-43f6-9ae6-a6751a2bfee2,0.363,28.1,6,1,2
96910,15f0580d-c802-4701-88ae-10d63bebc565,0.343,13.6,4,1,2
96913,9daca1be-f241-4cb1-9285-e954c0803980,0.732,21.2,2,1,2
96916,51d771f0-4f7c-4ceb-8add-98c7fd962a20,1.000,13.4,1,1,2
96920,4582eeef-2d40-4b8b-9dee-84f9da782c98,0.361,101.7,5,1,2
96923,b88e8086-38c0-49be-ba4a-3a646a4191b9,0.339,10.1,3,1,2
96926,2e013ea5-b032-419d-81a2-4d2e60426a8f,0.327,5.7,4,0,2
96927,4a68ba3a-4ba1-4274-beb4-6c7e1e2af62a,0.340,23.3,3,0,2
96930,8967523e-cf56-46c5-90f2-aac3fd0e5c98,0.282,3.1,5,0,2
96933,227fec85-c517-4dfc-8525-4b0397ef4d63,1.000,4.0,1,1,2
96936,4974ac85-af8d-4657-bef0-3c633af9a372,0.394,1.8,3,1,2
96940,d6f11560-63a5-4338-98eb-1ef6fca75734,0.330,169.9,3,1,2
96941,a692f0de-1a79-4c03-b90e-04199d0fe2d2,0.357,31.6,3,1,2
96944,d1b7f257-c4ff-4e40-a781-b8f9b480f232,0.503,5.1,2,1,2
96945,1cfb420b-1243-4b50-9df8-e8dba27dc366,0.352,20.1,4,0,2
96948,658da9f0-05d1-4dbe-9ff4-5c378d213fd0,1.000,19.5,1,1,2
96949,d9f71246-72f8-4d9d-9ad3-5e83693c176a,0.340,6.0,4,0,2
96952,e0813e93-f1d9-49e7-9594-226128e4f79d,0.334,1.1,7,1,2
96953,0e6e153a-ac17-4133-b7fd-b772d6f61413,0.326,7.5,6,1,2
96954,a322014e-5596-4526-8ef2-695faa6ba3de,0.194,5.3,7,0,2
96957,40fabd3c-5a6e-4df4-ae59-18c8b4bf2bfa,0.369,131.3,3,1,2
96958,433404dd-1bc2-43b4-b425-6a9a4d1a5ab1,0.128,6.2,8,0,2
96964,d1996c5a-dbc7-4b82-9dae-aceba3a6a80b,0.448,6.1,4,0,2
96967,1e9a2f2f-a13c-493f-97da-d482a6dbc7b6,0.341,0.5,3,1,2
96970,24829244-475e-4fb4-bc1f-eca18db6b4eb,0.593,8.1,5,1,2
96973,33704659-2192-4e29-b24d-c0694851edc0,0.457,16.8,3,1,2
96976,16a2b42e-afde-4c62-b404-8bac5eedc14a,0.677,17.9,2,0,2
96979,e30ccbef-a2e0-44ae-a117-c05ea8af8f2e,0.462,12.0,3,1,2
96982,6f5a85ca-80ad-4adf-9250-ac3fff481e18,0.324,4.6,4,0,2
96983,7c44d2ee-4fd0-47b7-a2d1-915f2cae7937,0.507,31.9,2,1,2
96986,5c776d8a-ab0a-4f78-9fe8-f59b51810a90,0.435,7.0,3,1,2
96987,f17f50b4-6551-4c9e-8abf-afbc72485bc7,0.276,6.2,4,1,2
96990,6bfbd339-ca7e-4c91-a652-b9780975887a,0.267,25.7,8,0,2
96993,8c8ecab3-7047-45af-bbc0-69652ef6f03c,0.336,19.6,3,1,2
96999,c37ef68f-5d5c-4871-b0a4-936a02ab1abb,0.387,16.8,5,0,2
97005,a3e03082-0086-4f2f-98e0-64db5c6b4187,0.944,48.6,2,1,2
97006,fea51c1f-4cd4-4478-bcdf-d4953dcb416c,0.092,369.1,3,1,2
97007,9f48161b-6f4e-4a50-b2c1-aa1f39425bfb,0.805,36.6,3,1,2
97008,0fd06733-ae35-4f3c-abda-0dcd84eb65bd,0.528,7.9,2,1,2
97011,3231cbe7-125c-446c-a517-992f5ac82ac6,0.467,27.8,3,0,2
97012,87fa33d5-c91a-47be-9a20-a27fc70326c5,0.395,14.7,3,1,2
97013,a08613f8-76ec-4677-a50b-ea02816c69dc,0.362,0.9,3,0,2
97014,a2faeb77-c546-4512-b6a7-0847343b3534,0.691,9.4,2,1,2
97017,7e813a32-2594-4d57-9f35-1de76801fa20,0.392,8.3,7,1,2
97018,97356dd9-6c08-4d0d-a5d9-6914fbc5825e,0.297,24.0,6,1,2
97029,00e86f2d-116e-4130-b9a4-a8e1fbff6da8,0.306,9.0,8,0,2
97030,e5769c71-0aa1-42e2-bfa8-6954518c2b42,0.366,16.8,5,1,2
97031,b73940ef-4c80-4618-b6e6-d8ee3975c445,0.496,24.4,3,1,2
97034,c84ea55a-ee42-4ce2-b2c3-6faecdd1036d,0.747,8.3,2,1,2
97037,5f9b81fc-c189-42cd-8487-a6cae476ffab,0.227,7.5,5,0,2
97040,754c2b54-aac4-4fbe-a05c-a10e53e4b4d9,0.645,9.2,2,1,2
97043,533dcf37-91e5-4500-a84d-acd2496d640b,0.325,12.2,5,1,2
97044,6134d17f-2955-4559-9ea8-97f5e7c07209,0.536,57.9,3,0,2
97045,df07ffd4-e5b5-471a-94d8-debba1e4c725,0.241,12.0,6,1,2
97046,fe5f257b-fc54-4697-a09f-8917aee6736a,0.195,7.2,6,1,2
97047,6fa7b9d9-51c6-4cd2-b529-05c362ff7293,0.218,6.1,5,1,2
97050,ae510da8-0c01-4e6f-9149-410f73c2c2a7,0.212,2.4,5,1,2
97053,06cac508-370d-40db-b346-1edc3e960864,0.445,8.7,6,0,2
97054,a9d7a2e2-e6d4-4fd9-bdab-151f135f2cf2,0.442,4.2,6,1,2
97055,cc3afb34-24ca-405f-9f9d-990a7b57009d,0.324,14.8,7,1,2
97056,8ece7d4d-7e19-4fae-a4e9-13bfb7b12dfb,0.411,6.1,5,1,2
97059,127aeae5-0c6a-401c-a421-02e90d82f714,1.000,9.6,1,1,2
97060,7d146b7e-6f4f-4226-a108-de9de0f9e57f,1.000,7.7,1,1,2
97063,34db0645-06e6-4252-8836-d7481436b42a,0.670,11.4,5,0,2
97064,0c81a70a-989a-4c7a-8c00-b18f6c2f9198,0.675,14.7,4,1,2
97065,1d74c8fb-10a7-4ea7-8d31-bf51102c8bb0,0.639,23.7,3,0,2
97066,78315b18-3f39-4c09-ba84-72db8773c529,0.927,15.9,2,1,2
97069,8581e060-82c0-4737-a6e8-2a7136b0f40d,0.270,13.7,4,1,2
97072,51c7dfd6-1fb4-4120-aed1-afd76ccf8676,0.902,29.2,3,0,2
97075,51b33fe0-1948-493e-a439-a507f8475611,0.270,18.6,5,0,2
97076,581195a2-60d6-4b87-8448-9717318eb17a,0.950,5.9,3,1,2
97077,504262b9-73e7-4e08-b807-3d9bd7132483,0.543,8.0,4,1,2
97078,36603e89-bd3d-4c94-99af-3348906d8b70,0.418,3.6,4,1,2
97079,bc720c0f-c3cc-4133-a1a8-8aed21bbbdc3,0.901,25.5,2,1,2
97082,a300f91a-08a1-4fa2-beed-e7029ed6ed72,0.213,14.5,5,0,2
97085,c7f043b0-9aaa-48af-a852-1ee9cff5027a,0.031,460.5,6,0,2
97086,fbded495-c311-4c06-ba47-52a470025fe8,0.454,20.0,9,0,2
97087,c5ee5064-9528-4de0-a9d0-506bee9854fe,0.469,10.2,9,0,2
97088,778ba245-83cc-4490-8855-3fb9da6af149,0.207,40.2,10,1,2
97089,0ce0302b-8de8-41c9-96b5-703c9e4c205d,0.279,7.7,9,1,2
97090,530b2668-018a-4cca-b0bc-1480b6b6e13c,0.336,7.3,7,1,2
97093,9f3667e1-6bd9-482b-8c7b-6d7dcb177933,1.000,262.2,1,1,2
97099,e31fba80-9bef-4ec6-ae31-04908eefff1b,0.418,6.5,3,0,2
97103,8792af8e-4c6e-46e7-af2c-77f85de4e557,0.883,22.2,3,1,2
97104,e2d38081-a2a8-42a6-9c6e-045a4d72e475,0.237,235.9,2,1,2
97105,5981dbb0-8d41-4687-95cc-57155d0dc093,0.308,20.5,6,1,2
97106,ce28d42a-c6ae-4a9e-9671-18074ea9350f,0.239,0.1,7,0,2
97109,c136914c-c788-4b0f-8804-bb75f4539c94,0.218,126.3,4,1,2
97110,cd796776-e625-4124-b00f-b74a10104b24,0.474,17.4,4,1,2
97111,cec2ff1a-6312-478f-9ef7-35738938ebe1,0.308,6.2,5,0,2
97112,aafc4506-6a37-4e60-9811-a3dadce092fc,0.284,4.3,5,1,2
97119,1ecbc6c7-6611-4d7e-80e5-a0c48fd913d0,0.379,15.6,5,1,2
97120,9c40f15b-6bd9-40f9-8229-8648b0c2a91f,0.322,2.0,5,0,2
97123,fe6e558f-f748-4c8d-9506-724f73986d3d,0.747,16.2,3,0,2
97126,1f66a480-0a79-4464-ab51-0946e5ea4668,0.375,3.5,4,1,2
97129,4941dbd1-7ab5-4000-a63e-40bae0d604dc,0.326,1.5,7,1,2
97130,cbe4036c-1140-427a-910d-42c9db9f643e,0.230,9.3,7,1,2
97133,2e66c0f2-e3c8-451e-97f9-f8985737e386,0.835,55.1,6,1,2
97134,de862d0c-e8ec-46ae-8fe6-4ea9c56e07f2,0.612,95.1,7,1,2
97135,217ae076-dc15-41ff-9cda-5fe9db2d63b2,0.053,233.5,7,1,2
97136,12951b80-0fe0-41d4-8e77-39d3d73cae2b,0.575,7.8,6,0,2
97137,7dce1b02-311d-4484-ad75-60c6a1524396,0.528,15.3,5,1,2
97138,252ba926-c42c-4cd8-a856-15995ed5c7ca,0.297,3.6,6,0,2
97139,308daaa4-e1d1-41b7-8e0f-59630f1a835b,0.358,3.6,5,1,2
97140,75f00c0f-3869-4370-87b6-8b437622bb19,0.368,4.1,4,1,2
97143,6e12c821-e97a-4e5f-8135-23fe09c0a64d,0.578,20.0,2,1,2
97146,9eff1792-9ff9-4078-ba4d-264dd3bf21b5,0.374,20.2,8,0,2
97148,e323bc94-6409-4b1a-8755-8624cc7d8c61,0.336,1.8,7,1,2
97149,50c3550b-1899-45d9-8bd6-e1fdb8b0b933,0.188,5.2,9,1,2
97150,46dfeb97-ffa6-444e-85f3-106c8e5c35bb,0.907,20.8,4,1,2
97151,3348303d-55d8-43a4-8f6a-6fdb1b98c2af,0.328,17.0,5,1,2
97152,34b637a4-dae4-458c-a19d-36516b55338b,0.387,11.6,5,1,2
97153,7a1f6a3e-e2a3-401b-a0e6-2381951db058,0.333,2.0,8,1,2
97154,6f4aa64e-8f52-4485-b84e-62ab0d886467,0.208,8.3,7,1,2
97158,c6d8fbd9-4b20-479f-9faf-f75b434138fc,0.325,12.0,4,1,2
97159,df818ae2-e0f5-4ad5-9b43-3c211f295cc9,0.652,4.9,3,0,2
97162,5ff5f46b-1efd-4f07-8086-5fc0cb700e98,0.375,1.0,3,0,2
97165,0a33439a-5027-4edd-951f-e3974b1f97c9,0.247,4.8,5,0,2
97168,16c07f31-dd3d-41a4-9c57-02849e1a1810,0.279,8.5,8,1,2
97169,c09af95c-284a-429f-8c25-f78e2735fc4a,0.312,28.5,5,1,2
97172,147c6fd1-8914-4d51-a82e-8aedea1f9e3e,0.451,262.4,3,1,2
97173,d164eacd-55d3-4d47-b04f-7a22f43aabfd,0.261,5.4,5,1,2
97174,e90a4912-590f-425d-aa45-56319cb6e672,0.251,43.7,5,1,2
97177,f19d5646-1ee0-42a0-825a-eb6a809cc8fc,0.721,62.0,4,1,2
97178,bcb7db92-3c41-4cb8-9f51-287fb69626af,0.852,17.7,3,1,2
97179,1949d039-e516-4d9d-bc60-e2010a23acb3,0.620,6.9,5,1,2
97180,2b6134c2-0619-4414-a788-547b9910f93a,0.490,8.3,4,1,2
97181,1b7b5eba-df10-4638-9705-3def4e510984,0.475,28.5,3,1,2
97182,78227b9d-6159-4a46-895c-cd9f008f1f6f,0.155,5.4,8,1,2
97183,aea43287-69f8-4479-926b-d10adf712b45,0.894,14.4,4,0,2
97186,907a79a6-9816-4f52-879e-9d896b779950,0.213,2.8,5,1,2
97189,e32bd7a9-4ad9-4dfc-858b-3acc79299c9c,0.364,13.5,8,0,2
97190,e8b800d9-16c3-41d3-8b5a-2dfea44d38d6,0.285,12.0,9,0,2
97191,e23b9cae-3edb-47b9-8de4-cf3535df8cd9,0.365,2.8,7,1,2
97192,c9282876-2320-407a-a742-ec27f353b138,0.322,10.0,6,0,2
97193,cefc3e60-d5f5-4ba8-a38c-f0855fbe2a0b,0.450,3.8,4,1,2
97194,e1099052-b44e-4962-9dad-683c42939463,0.374,49.2,4,1,2
97195,4c11b280-6b12-4622-9594-251d06206c89,0.582,5.0,2,1,2
97196,b5018b90-72de-40b1-ad0e-dfaf9b3442e6,0.272,1.6,4,1,2
97199,c5f55372-e3bc-45d9-8664-8bb73d07a10a,0.336,26.1,3,1,2
97202,e12d38e2-0a57-4685-83e5-c44e11c81c97,0.491,29.7,4,1,2
97203,53ef4a81-ef5d-40f6-9771-0bd060fdc1b5,0.269,17.0,6,0,2
97204,4849c4f8-d510-4f51-9df6-9d059e46ffea,0.500,12.7,4,1,2
97205,221e9063-c116-4e2f-b21c-73382c42d097,0.474,7.8,3,0,2
97206,dec521c1-5c7c-4840-8fc0-2c55bb9b85a8,0.285,10.6,4,1,2
97207,6bf252d1-d764-449d-a0b4-902dd59bf735,0.319,7.1,5,1,2
97208,e27a860c-ad4e-4421-9c82-405dcab3a343,0.364,2.8,5,1,2
97212,346e7788-fa4d-4659-bcf8-829638d8608c,0.535,11.3,3,1,2
97213,981b33f8-993a-43a8-a735-9d9f50af2ade,0.459,8.4,4,1,2
97216,5a493ca4-ff86-4ffd-bb27-bb89653d645f,0.791,3.0,3,1,2
97219,73b82fbd-4c5a-4684-83ec-db25748cea56,0.505,2.9,4,1,2
97227,11fdfaa5-ad9d-4d80-8279-eb97549170c5,0.251,184.7,4,1,2
97228,0820bce7-a478-41e8-a9ed-59889ebb6f6a,0.423,5.3,7,0,2
97229,12e4151f-7d64-483c-b988-0c4818e9bdeb,0.411,15.5,6,1,2
97230,2b50d70f-30f3-4ef0-8fbc-0c7899f4636a,0.431,11.6,4,0,2
97233,f42447f4-f734-4c8c-9437-fd0a56f912b1,0.543,2.2,2,1,2
97236,a7c664d1-c6a2-49c8-8cb3-ebb4a80a0a74,0.489,1.7,3,0,2
97237,9ea110e4-a410-48ff-94c9-73acf974fe62,0.939,46.9,3,1,2
97238,36716805-6d2e-43a0-ba19-fd831d98c617,0.313,6.0,4,0,2
97239,466f3e25-55e9-4864-bd5a-75956638ab9d,0.798,4.2,2,1,2
97240,f2891144-36d0-46a5-ac6c-bf2dfb16ba65,0.286,1.3,4,1,2
97244,91be9347-1303-4e2a-83a3-e22c5141e515,0.398,23.3,3,1,2
97247,f36f243e-5e2d-4af0-9594-0a4245fb5a26,0.607,3.5,3,0,2
97248,b5be5c41-b581-4bd9-892d-c8a668143d7d,0.548,27.6,2,1,2
97252,3b3a0d99-6a91-427d-9094-4fb550c5e389,0.278,47.1,4,1,2
97253,7c3ba4d5-35df-40ab-9d5a-bf6b26b7c769,0.290,0.7,4,1,2
97256,b9130dca-e754-4fc7-9f12-8c5612ffa4fe,1.000,102.6,1,1,2
97257,99076869-1d81-4e1d-bd7a-e88d54124302,0.508,3.8,2,1,2
97260,c422868b-3f11-49e3-97f2-c890b2d9b00b,0.720,3.9,3,0,2
97263,edd9315b-df78-4eeb-9951-00f576e5f670,0.749,86.3,2,1,2
97269,9dfc4687-458e-4419-b514-a8c635da33df,0.375,25.2,4,1,2
97275,8d9f079d-af23-419f-9239-e2c88e33820d,0.346,4.4,3,1,2
97281,6ee4cbb6-dc89-4958-9bc4-d5bfb0e67617,0.339,8.6,5,0,2
97284,ea0c2295-99bb-4a7f-b837-e85c28b171bb,1.000,31.4,1,1,2
97287,c516f6cb-5738-4322-9754-2674b48b9eb3,0.249,13.5,6,0,2
97288,1434ecf5-9520-4ded-a331-68a9b7c3dc56,0.355,31.3,3,1,2
97291,baf354bf-9066-415e-8e13-5d236c55df31,0.270,6.9,4,1,2
97292,2420e18f-091f-4b99-b548-3e1676eaf35c,0.503,21.5,2,0,2
97296,cf3c4432-893a-4317-93a9-5b70cd1bbc79,0.226,26.8,7,0,2
97298,666ff5f8-c0ac-4774-8b50-e3e601b66951,0.352,3.1,4,1,2
97301,c8c941d6-8938-400c-a4e4-a4763efadd84,0.209,9.8,5,1,2
97304,e5f4c39a-c49b-4509-b93f-e3b442824fff,0.504,29.7,2,1,2
97307,6b4c031d-2f1c-4353-83d4-fa2402d7785d,0.269,1.8,7,1,2
97310,16ae68f9-5e59-45ed-85d6-9c4c018bd65c,0.741,4.1,2,1,2
97312,d488425f-9450-472c-b57d-46ab6463e973,0.639,8.7,3,1,2
97313,bcbcac6e-0b12-4bb7-b8eb-cdd04809f52c,0.401,7.9,4,1,2
97316,cff26a1f-a5bc-44c0-a9c1-33debccb5549,0.408,22.2,3,1,2
97319,de7cb935-30b7-436a-a606-c0e1a997c403,0.343,106.4,4,1,2
97322,8c2af600-e280-41ef-a30f-93c832000082,0.785,92.4,4,1,2
97324,a76a72d6-4499-4afa-b437-4d38231cc401,0.261,11.0,6,1,2
97338,e97f784c-bf37-47c3-a15c-c235e956b93f,0.282,46.2,6,1,2
97339,21e91dc7-f8d9-476e-9fb2-9f532bb22438,0.286,4.0,6,1,2
97340,be052207-fef1-413b-aff1-01dc188a89d8,0.263,2.2,7,1,2
97341,12afb129-18b6-4e5d-8801-fdba4f751c82,0.225,2.4,7,1,2
97342,356de0e9-6ee6-4233-a175-81e430f2e17d,0.252,17.1,4,1,2
97345,b5393781-53e0-4712-ab4a-63ca476cd06d,0.382,39.1,5,1,2
97346,9bf77928-91b7-48d7-83e6-a8d7d228a5d7,0.395,14.1,5,1,2
97350,7883f13a-4c7b-4b21-afd5-da140500f597,0.137,146.7,4,1,2
97351,5fcc75e7-d05f-48da-b382-1d14b7f3ccf7,0.277,27.4,4,1,2
97352,b4632ddc-a5ae-4259-b2a5-233d1d4049f1,0.275,0.1,4,0,2
97358,e667b27c-339e-4abc-bbb9-8cb9b7bcee7e,0.122,268.4,2,1,2
97361,02efd332-4869-4cc0-896e-7d4a96178083,0.395,18.0,3,0,2
97363,02ca54df-50e9-4b5a-b979-6dd693b56651,0.233,0.2,5,0,2
97366,a7ff34b1-21e8-4a36-b177-a63a6b02df54,0.262,62.5,4,1,2
97368,23f9fbaa-3ca6-4e42-a5db-bb7878934a8b,0.284,11.0,4,1,2
97369,77e9050b-8c66-4571-95d0-7539ea918f11,0.138,5.4,8,1,2
97370,d07c5730-bbd4-4a00-a54e-55722c4be45d,0.547,119.7,2,0,2
97373,8318b273-24a2-4ddb-889c-66ff9c95fbc6,0.266,87.2,4,1,2
97374,6a15f480-9a20-47fb-9218-c11641773df9,0.242,3.7,5,1,2
97378,d86f0b0d-eebe-42a2-a7ee-e230221dd7a7,0.339,7.5,3,1,2
97381,bd77a247-e0d0-450f-9fd6-ea4f5fb6cd44,0.930,3.4,2,1,2
97384,c4449f2c-f54d-461a-8db3-a5368f8bbb16,1.000,5.8,1,1,2
97391,867f11c2-656d-445f-9ce1-c75c36224fe1,1.000,44.1,1,1,2
97394,303f53df-3caa-4f2b-9c3d-e1a0fc78eb99,0.363,4.7,3,1,2
97397,e4654735-c849-48c7-a5f6-c342cc771b57,0.364,5.5,6,1,2
97401,90e21212-e7a6-4284-a54c-605eb5beb098,0.495,72.0,2,1,2
97402,9b59f09c-c33e-45a0-afc9-f53672061a69,0.362,8.0,3,0,2
97406,4efeefc2-421c-4f47-a623-393d9fe5072c,0.881,7.7,4,0,2
97407,4e9518b4-c3cb-4b40-a818-af96d161d5cc,0.373,22.6,4,1,2
97408,03c69e6b-beb0-4574-9f94-2da3ec723311,0.279,1.4,5,1,2
97409,0d3de5d5-bc8d-46aa-9aac-594de3012536,0.286,3.0,5,1,2
97413,dd6f5ca2-4013-4bb0-9c70-57a84df4d8f7,0.932,11.2,2,1,2
97416,4082db27-0156-43d7-ad9b-014bdbbced34,0.365,3.2,3,1,2
97424,5e3064e7-3e08-4c6d-9c29-54e080d10e54,0.637,6.7,4,0,2
97428,2faa07b1-ecdd-4528-ba58-21083c28f8a6,0.638,5.1,3,1,2
97435,62abfabb-09e8-4bae-b946-33a9759c2531,0.377,25.4,4,0,2
97438,6865daf7-b514-4c77-afe8-41694b9cfa23,0.507,2.8,2,1,2
97441,de137eed-d230-4969-8d4f-3db0beb54624,0.502,17.2,4,1,2
97442,ac3da686-8032-4628-ad0a-bba12b195dd0,0.379,11.6,4,1,2
97445,f78cc50c-d5fb-4fd0-bccd-f352efdeba62,0.247,7.3,5,1,2
97451,40faa081-52e9-4a4a-9cfd-d8bb9dc8fa6a,0.581,89.4,2,1,2
97452,139560e4-ca04-45c2-b563-3ef269e80a43,0.194,251.8,5,1,2
97453,e1089c62-be7b-4889-b4f0-7f9803447869,0.262,53.6,6,1,2
97454,75a39bba-79f5-44bc-bc51-696774156d5a,1.000,92.8,1,1,2
97458,895b1e21-7a56-4873-a436-fb9673f1734d,0.271,19.4,6,0,2
97461,377b7b62-0266-4abb-9320-24af771b8b02,1.000,4.7,1,1,2
97464,c7f06e3e-8a1e-48d1-88a3-c578f3d453b2,0.417,13.9,3,1,2
97465,a8b33e03-363e-4282-9b05-f68c12078d05,0.463,65.1,3,1,2
97466,dd5bdbc1-9785-415e-b063-f6ab8a7b4119,0.439,17.6,4,1,2
97467,804432f7-07d7-4aef-83d4-b20191cba5d4,0.260,10.2,4,1,2
97470,e27c670f-c3bf-42e3-8ba1-ef1d41f476d0,0.318,0.6,5,1,2
97473,935612db-e1c2-4040-9f57-8f7966fde686,0.514,22.0,4,1,2
97474,c148f27e-abf8-4502-874f-e16642c70f81,0.302,63.2,4,1,2
97475,7a690d1d-2920-496a-ad90-08d38e2160e2,0.530,4.7,4,1,2
97476,a415b265-4f96-4fcb-85b3-1fde516a02ae,0.412,0.4,4,0,2
97479,e395c5e4-ccf2-4ac8-beaf-c8566159fdc8,0.441,28.1,8,0,2
97480,b2ca0db7-8455-4404-9468-0c166f060d18,0.393,36.5,7,0,2
97482,bc004e38-748a-4005-bf8a-c32f354b997a,0.299,12.0,8,1,2
97483,19e554ba-22ad-4900-a65b-72ae26773db0,0.318,7.8,6,1,2
97484,f8cf43e8-2c29-42c4-a501-a19bce9bbdd4,0.271,0.0,4,1,2
97487,02957ff8-8e1c-459e-b5e6-21a967854cac,0.560,4.9,2,1,2
97490,25ef3aa9-2e4d-47a2-9b8b-d5d34cf8ee30,0.987,3.9,3,1,2
97493,f008602d-0a50-40e2-95d0-5cc2f8e06426,0.391,1.4,3,1,2
97496,8a589114-cb76-4bbc-98a2-d57c3093a4f0,0.336,17.7,3,0,2
97499,404d34c2-a8b7-4b83-bbf9-4ece7b2c483d,0.573,3.9,7,1,2
97500,94f27e96-eb38-4f62-b57e-41bec3c9b530,0.348,33.2,8,0,2
97501,7fa3ce0b-e0b5-44d4-aca8-ac0aa9198c0a,0.309,4.8,6,1,2
97504,b1459e36-e2aa-473c-84ed-a16c568fa47b,0.009,485.9,3,1,2
97505,1838ba2b-6072-45b4-94f6-c445ffbdade6,0.984,34.2,3,1,2
97506,4a9ef9bc-fb55-4fad-9627-2a82ba2a56f0,0.771,7.3,5,1,2
97507,9a81c5be-e020-40bb-80a5-ff3b3836c3df,0.454,59.2,5,0,2
97508,7036e378-a154-42e5-9be1-9e25ecf28222,0.210,2.1,8,0,2
97511,807676dd-6c12-48c5-bb0b-e2219b491028,0.470,15.8,5,1,2
97512,b3d76dd3-3be7-4872-9933-6eda37b23e53,0.105,290.3,4,0,2
97513,43a72311-f1df-4a1f-8e2c-7db2db41d58f,0.299,5.8,9,0,2
97514,248889b4-88a6-4059-b54e-e5021290c322,0.238,9.6,10,1,2
97515,efb59841-2e89-4bdd-9d99-c7911b16def3,0.138,94.1,9,1,2
97516,547adaf9-ab82-4332-aa28-55fbe28d1333,0.136,0.4,9,1,2
97517,497a5f5d-7085-4617-be19-39d6e406eb7e,0.846,1.5,4,0,2
97518,640bbecb-35f4-4488-a173-93ff5c65cf8c,0.351,10.0,4,0,2
97519,400391bf-d173-4080-981f-cbcecf4ba224,0.359,18.9,3,0,2
97522,2f992ec4-c757-499d-a968-5410358890c4,0.380,25.0,4,1,2
97524,f1b619c6-46c7-4fb7-adf0-e97079e5d5f1,0.846,62.7,3,1,2
97527,eded00fe-385f-4e70-87d0-5ac3bb285d34,0.254,4.6,8,1,2
97528,ad4f14e6-3352-451b-91f1-326e6de5b99e,0.246,21.5,7,0,2
97529,35ef4928-32b5-429d-8566-1ecf91fae5ea,0.220,1.2,6,1,2
97532,dbb37170-2079-40f8-9d6d-bbee524365cb,0.447,1.9,6,1,2
97533,22199b87-f273-4cd0-ac34-6596315a98ec,0.301,5.6,8,1,2
97534,cc317ba9-914b-4095-9f53-f3e212845863,0.613,4.7,6,1,2
97535,40de30a6-c627-4f21-a2c1-bc84475a05f6,0.452,8.6,5,1,2
97537,75472746-3865-4819-a670-1d0b2ddb66de,0.413,5.9,5,1,2
97538,b0c659f2-5e8b-48f8-8b6d-977dc8e61b62,0.381,18.5,4,1,2
97544,d05e6f08-eaa7-42e0-a746-1d278942f04f,0.625,67.2,4,1,2
97545,a06caaf4-da87-49d3-a75a-13fc38fa2c5f,0.387,3.8,5,0,2
97546,067d6d19-d2c0-4325-adc0-e3191c6208c8,0.383,6.9,4,1,2
97549,2068e591-c939-4dd2-b88f-0e9fb737f91a,0.606,6.4,4,1,2
97550,74a63fd1-3300-430d-94c2-128412c4bbb0,0.295,19.4,6,0,2
97551,d9877c95-6a5e-428b-88e8-4178d5ed5fa7,0.865,6.0,3,1,2
97552,b163d376-0fca-46a5-90c1-f811c462305e,0.386,1.3,7,0,2
97553,7de81cf3-e69b-46ab-bb2a-69c31d7c93bc,0.140,66.2,8,0,2
97554,ed9920f5-e821-4d42-8b23-bf6e2c5f0467,0.190,17.8,8,1,2
97555,5c900d4d-d160-43b5-815e-bd6b91c003ea,0.207,6.7,7,1,2
97556,18bc02cf-df8c-4b5a-8136-83f7fef24be3,0.322,3.3,4,0,2
97557,530541c9-329e-4529-96e5-95f90e34f652,0.506,3.6,2,1,2
97558,25576727-3964-4a6e-a4ae-912ca1a25753,0.537,6.4,3,1,2
97561,fc25d9d0-6919-46fa-9ec5-3c42ad2b2e20,0.308,37.6,4,1,2
97564,a2072934-1573-44b9-8d95-97382dfb7334,0.269,4.6,5,1,2
97567,093f4ebe-6ff3-40f1-924e-8da7a1833c21,0.384,7.3,4,1,2
97568,9c63399f-70f2-40de-a78c-815db92137c5,0.236,4.4,6,1,2
97569,b0e39955-0ca3-4915-a002-f6146e7cbaef,0.475,152.7,2,1,2
97570,d6946d0a-9c68-4b8e-b9a2-8df5b098048b,0.346,4.7,3,1,2
97573,9499a576-0f64-4a52-b837-cf71b46155fd,0.432,92.3,3,1,2
97574,cb93ae42-0fad-4d8b-8362-2ebc87252710,0.454,10.9,3,1,2
97575,ddcf6943-d388-4927-9278-0149a8e85088,0.506,2.8,2,1,2
97576,473e66b2-3297-461a-a07d-0b431153f33a,0.212,0.9,5,0,2
97579,e0e0eebf-1e9f-4e6a-ad6a-a2bc1ff6f185,0.313,9.1,6,1,2
97582,5a5e1234-350f-4f57-80f4-77912979e741,0.200,11.3,7,1,2
97585,be623db9-0a69-4139-ac34-ed4bf185057e,0.375,8.5,4,1,2
97586,c6995b77-df93-478b-a7a4-020935fa5844,0.713,12.3,3,0,2
97589,f0d4315b-abbe-4a7e-b02b-5517efbffe49,0.363,1.9,3,1,2
97592,50e1db5e-4352-426f-b814-fb89c01702fc,0.240,169.2,4,1,2
97593,60b53420-dc88-4875-aeb3-6997d0665f64,0.541,27.1,4,1,2
97596,5fcfd753-a2d4-4840-a407-dbc42c376f44,0.160,1.6,7,0,2
97599,9ffcce95-8a51-4957-982b-4f414fe39114,1.000,47.0,1,1,2
97600,fe1becca-b5b8-4a4c-bdc3-c0de7bdbc833,0.463,12.1,4,1,2
97606,9a457e06-5b8f-4520-becc-1d9a2c46bb13,0.438,0.6,4,0,2
97607,55c5c914-a0d6-4fcc-b2f3-0aa040db36c9,0.276,7.0,5,1,2
97608,1f35382b-e957-4071-9c11-fd159d06599a,0.262,6.3,4,1,2
97611,35ea28be-1874-4a54-beec-2ac9de22ed5b,0.228,42.5,5,0,2
97612,6131e17b-8296-4daf-94b5-749ee06ea71b,0.144,1.6,8,0,2
97615,7e0093df-5afb-4987-a92f-2a1fd848b978,0.423,6.4,3,1,2
97623,58f80ec0-eb3a-474f-be19-2dffde88b130,0.681,11.6,3,0,2
97626,ab13cd47-087b-4951-a7a5-c1e0308ce108,0.293,86.4,6,1,2
97629,4911ae19-cef1-46d3-8b7e-b2198e87e27b,0.511,13.5,2,1,2
97632,cad9b83a-1869-4d80-ba2a-b9ba37e06562,0.343,18.8,4,1,2
97633,787e89f6-0e10-4bbb-9db8-b0891e099275,0.551,83.5,3,1,2
97634,6e8c920f-1af0-41e5-bd8a-c7e25251d0af,0.361,22.2,4,1,2
97637,b75b620c-ca4e-4ea3-8340-06e424cbf519,0.228,53.3,5,1,2
97640,7e8ee895-fbca-4c74-8321-1774ff5fa454,0.234,9.8,5,1,2
97641,7503f0c9-f4a9-4226-b618-f682b2c1f60e,0.259,2.4,5,1,2
97644,91bbcde8-44a2-4f33-b5bc-e8669a9ccdf6,1.000,53.7,1,1,2
97645,21fd3ad9-f7ea-4dea-a147-5b47820bf000,0.336,0.4,3,0,2
97648,59807d85-d5e7-439e-9aba-0ac324b370c0,1.000,7.7,1,0,2
97651,fbfba115-29b3-4a98-b148-2cc39a5ba89c,0.509,0.1,2,1,2
97654,ddc33ecc-868c-4283-ba89-e865192f744c,0.313,14.5,5,1,2
97659,c57f0783-5654-46dd-9b54-df96c6124d85,0.352,5.5,4,1,2
97660,28b29271-130a-4c7c-bdce-3a9379239245,0.514,4.7,3,1,2
97662,2f6e6367-85e8-4737-b2c1-14e4c756dc55,0.514,3.4,2,1,2
97665,c1a975a4-4073-4a17-920f-0b14e517ad3d,0.254,4.6,4,1,2
97668,d49a2b9a-47cc-473a-af5a-43057b17a300,0.237,39.7,7,1,2
97672,f9875305-e5d6-4345-a2ad-61ddb7bd92d9,0.205,5.0,8,1,2
97673,bf7a35dd-064d-4439-9dbd-8ebbc746aa0e,0.179,0.1,8,0,2
97674,ac29b2b0-2e56-41ae-ac4e-456e53a3dc59,0.257,19.0,5,1,2
97678,4125f05d-600e-4a87-8a7b-124a6ab72631,0.300,2.8,5,1,2
97681,0dfb92f0-5818-4856-9595-b2ea1d3cfd8a,0.267,11.6,4,1,2
97684,c91e0d83-af54-4afd-8d6f-ba502cf5599b,0.295,0.1,4,0,2
97685,9db8e5a3-9cb5-4d38-84c9-b0fc0e5a68cc,0.500,1.7,4,0,2
97686,f52269bd-a444-4a4d-b333-d6183f2ab55f,0.380,2.8,5,1,2
97689,03b47c5a-75eb-4a01-8452-0dff51b9ef3c,0.509,6.0,2,1,2
97692,03a0fb91-7591-4d61-be9f-311b771ab956,0.337,13.7,4,1,2
97696,73d9fa1b-0785-4fec-a015-d6d05f9eb808,0.210,11.5,6,1,2
97700,2e6620c5-27d2-44f2-8dfc-51a48033fac0,0.536,36.0,4,1,2
97703,682046e3-8630-4d00-be7e-0f2c9cb6c7d9,0.341,0.3,4,1,2
97704,840b6ed7-942b-4c7a-ac3a-9125c760cd60,0.697,14.4,3,1,2
97707,4987e078-146b-4899-b8dc-005427352724,0.488,5.7,4,1,2
97708,cbb703b3-803b-4877-8c95-3d5cbb6a5b24,0.031,400.2,3,1,2
97709,fcbfb184-7287-47b2-93b8-60cdc0e0d305,0.419,7.1,6,1,2
97710,ca8ecd76-1696-443b-9f9b-83d2a57f7504,0.391,10.1,5,1,2
97711,080c4c1c-0860-4551-ba76-f169290447b7,0.281,37.2,5,1,2
97715,a930295d-b29e-4a52-9df3-d1fb5ec4b085,0.514,21.2,3,1,2
97716,72d98da6-02db-4a27-ba47-78da1325d2a8,0.497,8.9,3,1,2
97719,ded0e59a-4264-4551-ae39-7b8c637ff861,0.566,29.2,3,1,2
97721,a2a4bfca-e443-4f71-bf7f-6a8ab96d6905,0.720,3.5,3,0,2
97724,f4f09dcd-1e4c-412d-9609-893a2116c7f2,0.252,7.2,6,0,2
97727,6dfd4dad-5e69-40c5-ab4e-24bc2415495e,0.339,48.3,3,1,2
97731,11ecbafa-801f-4df8-a87e-93910f3304eb,0.296,11.0,4,1,2
97734,3c143ff5-cd9c-44db-85f5-fd45526d2ea2,1.000,23.7,1,1,2
97737,3c71a93c-55cc-4abc-89d3-ffd908d7b265,0.519,160.5,2,1,2
97740,ce25ace9-ac14-4477-90d0-7bdf9cf1a089,0.502,13.2,2,1,2
97747,3620e30b-2b42-4010-b940-7cd7b204b2db,0.327,1.6,4,0,2
97752,d03332f5-e85a-4c1c-a7ea-a10586f34885,0.666,4.9,4,0,2
97753,2c325b68-f6ad-4002-9fcb-d8b910776fec,0.324,9.5,4,0,2
97754,7c34ac7d-3944-411f-86df-f14559e72852,0.850,2.6,3,1,2
97755,156fd867-54ca-417e-99e8-1c0e59906d7b,0.149,165.4,3,1,2
97756,f1ecd8c5-8ea0-4cef-9954-5304f5716526,0.413,10.1,4,1,2
97757,781e145f-a003-4793-a261-8bf6d457cfb6,0.497,14.6,3,1,2
97758,05b0b69d-a8b1-4b1a-95db-cc8a2cc13844,0.247,0.1,5,0,2
97761,73b8494c-ee17-452a-a8ef-2b23a6c7a7b4,0.508,1.3,2,1,2
97762,e90208f1-fbc3-4ded-8f1e-e5d90f9a257f,0.266,5.7,4,1,2
97763,df42be76-8f2a-45ea-bff6-36cee5e00d45,0.502,63.0,2,1,2
97766,8c6b1bd2-ee24-4337-9c7a-74b8bbec8516,0.724,1.7,2,1,2
97767,e66b5e59-7fca-4f0e-bd9b-94dcc675cc65,0.507,5.2,2,0,2
97770,73768394-cf55-4ee5-a525-974240eaec41,0.982,2.5,2,0,2
97771,95481fd6-e768-4d84-9ed8-39d7117a4ac3,0.886,1.3,2,1,2
97772,902c7dd2-976a-4cb3-80fc-88edf1e55a82,0.538,11.0,2,0,2
97775,1913ff5f-58cc-4ef5-a78b-61073576f8a4,0.878,22.2,4,1,2
97778,216cd783-d7b6-4988-8972-eaf0abaf780e,0.539,9.0,2,1,2
97779,64d77e58-d811-42d6-9589-1d6f4032c62f,0.510,15.0,2,0,2
97780,7f55330a-a5db-4c36-a9fa-bd0dcab18e48,0.378,2.5,3,0,2
97781,e8e022f8-5ab1-4919-89fc-967c16d242a3,0.268,1.9,4,1,2
97784,bbd56e6c-3924-4029-a242-e8548c2cd15a,0.193,5.1,10,1,2
97785,f5e14fd2-9313-4284-b821-e45ddcbf27df,0.321,5.2,6,1,2
97786,5113f7e2-d96e-4890-9769-fd4b3ad4bde0,0.292,18.0,6,1,2
97787,b971b422-16d2-4f84-af3b-48f43d62098a,0.621,13.0,4,0,2
97788,a48cf2b6-0d0b-4276-af18-7675d30553eb,0.294,17.7,7,0,2
97789,cedd26f2-ad95-4086-8b96-afae2de07067,0.316,0.9,5,1,2
97790,37e3a423-a48e-4c17-8d71-70dc65cea4f7,0.259,11.2,5,1,2
97794,36ee8275-f9c9-44a4-a148-51be679c04a3,0.260,5.7,4,1,2
97797,2c9f8e9a-83a4-488a-a14e-df3375f86c86,0.183,14.9,7,0,2
97798,860689e1-e3a6-4114-beaa-a9f243128cc8,0.262,10.2,5,0,2
97799,561734f7-88ca-4ff4-85ff-97465794ac86,1.000,92.6,1,0,2
97800,99cf47ef-6642-47ec-8246-c50d551083c9,0.268,4.9,7,1,2
97801,d132ea14-09f1-4196-b9b9-4d9085e6ced2,0.264,0.1,6,1,2
97804,a386627b-e952-4395-938b-9ac49bed86ad,0.092,284.5,4,1,2
97805,a5a4c950-91fd-4940-b14f-5a12b5003184,0.683,25.9,4,1,2
97806,6354821a-7b38-409f-9d53-dace9fce5088,0.502,48.1,4,1,2
97810,71496ea2-53c7-4819-8ddf-9adc97d1a59e,0.403,2.7,4,1,2
97813,3655d9a5-5299-4bde-90a3-b495ab234be8,0.177,205.4,2,1,2
97814,2190e910-5004-4b3a-aa35-fb73a3d99b57,0.239,6.1,5,1,2
97815,f6f3c2f5-c2d5-4fc6-8f90-41d09f892b85,1.000,93.2,1,1,2
97818,5cf2ae5c-31db-4071-a109-e326b2bb5205,0.290,3.5,4,1,2
97821,63a0099e-75c6-4dd6-9d19-7c8939f325bb,0.212,28.1,6,0,2
97824,551502dc-9556-43dc-8c8e-1a9439a2a402,0.484,4.4,4,1,2
97825,de1d5523-64c6-451b-9231-ae9fb67e1a12,0.299,12.6,6,1,2
97826,e8b49f9a-1a52-4d08-a11e-a01b559e3488,0.377,11.7,3,1,2
97830,a359cc52-46fe-476b-a7aa-44fe26ade9e6,0.502,2.5,4,1,2
97831,a1db62a9-bcf3-4e6a-bc53-5d94b62c74a2,0.693,96.2,3,1,2
97834,d6c4fe7c-c110-44fe-945b-ed7df3be6966,0.240,5.8,5,1,2
97840,8a2044d9-6df4-402e-ad1d-582cf8c1ba17,0.687,7.2,5,0,2
97848,24ba3ef9-b891-45f0-8184-8d700ffcac23,0.386,24.4,5,1,2
97849,5c0fd511-9483-411a-ad80-e9758c2e90de,0.531,7.0,3,1,2
97850,6c9fbb7c-6884-4458-bd6f-3966ffb89c8a,0.815,39.8,3,1,2
97853,6842745c-6a8c-4e8b-8d16-b375c0e02769,0.240,70.1,4,0,2
97856,6cea1d5c-c6d2-4e38-a87b-baa5fdf985bf,0.526,4.0,3,1,2
97859,9e038b62-7c8f-4730-900b-40bfa2b1baa7,0.578,3.7,3,0,2
97860,238e6134-a924-4d65-a67c-4b51547aa0e9,0.518,5.3,2,1,2
97863,9fdcb110-a149-487c-9b5c-84286aa5b823,0.836,116.6,2,1,2
97864,9ae71da3-f3da-4b61-b16b-74053a7b1af3,0.225,10.2,6,1,2
97865,35bb255f-35fb-4e1d-b421-ea33224a2ccd,0.421,5.9,3,0,2
97867,17cd5bb3-5a77-4beb-af3d-a212b7d3e98b,0.495,5.1,4,1,2
97868,737ef571-e684-4ecd-baf8-090c71bf20c2,0.564,6.4,4,1,2
97869,8f90b014-8f82-4402-9f4d-f4d4e83dd87e,0.292,37.2,4,1,2
97872,1501de1d-bda9-480b-a81c-00ae6f6d4b3b,0.507,12.6,4,0,2
97873,b0a04388-ac4d-48f3-920e-c1e27d3c1ec2,0.615,21.4,3,1,2
97874,fe31f135-8705-43c2-906d-58cd6cf4f135,0.359,15.1,4,1,2
97875,d0e4adfb-92c5-496e-90a7-daad64829285,0.774,24.5,3,1,2
97876,35b64f54-c809-4758-a572-aa5f680e0b26,0.489,114.0,2,1,2
97877,c69e6d33-0caa-4d36-af34-e544dc1b8461,0.511,15.9,2,0,2
97880,a0612711-8ae1-477b-9263-436c23061730,0.372,68.5,5,1,2
97881,c27b012b-339a-4ea0-9124-41509e564607,0.331,11.6,4,0,2
97884,527087c3-0cbf-4289-a61e-4310b04b8e74,0.270,5.8,5,1,2
97887,2f33cc70-387d-47be-b9cb-546ecd842b03,0.514,1.2,2,0,2
97888,39ba40e4-2f79-4dda-8d8a-091eb112f5db,0.448,29.3,4,1,2
97891,ce86e614-0fbf-4cab-a2b3-e8e57370153c,0.336,5.3,3,0,2
97892,d3dc79c7-bb18-4138-88b1-0e1ea3fa52fa,0.526,7.4,3,1,2
97893,8f8dc4b6-e9df-47f9-8f1a-b4df630fad52,0.331,8.0,5,0,2
97894,40af1640-c2db-47b7-819a-c12ff886519d,0.249,34.2,4,1,2
97897,a61e3329-7e54-4518-adac-dc09d5c22cd2,0.298,8.1,4,1,2
97903,a8389005-377f-4bca-b28d-8f2820c77bee,0.311,14.0,6,1,2
97906,cd79f1b8-7657-4fa0-bd7b-ccffe6fa5f32,0.307,3.6,5,0,2
97909,bd1eeb2c-b4fc-4062-befe-53fef9e225fa,0.223,2.0,7,1,2
97910,898f4a7a-e523-4d99-bdd7-e600fa080a04,0.353,1.9,4,1,2
97913,7b399344-cdfc-4d1b-8f3a-42f5c85f98ac,0.342,8.6,5,1,2
97916,b7beaf93-79b9-445e-b68e-70b9b577cbb4,0.029,461.0,3,1,2
97917,e1626dc6-9252-4ada-98ee-cf5523d1bb9a,0.909,70.1,3,1,2
97920,59a5340b-eca3-4dc8-ab71-526bd8e20e13,0.255,10.8,5,1,2
97923,cb921c8d-2080-4433-8b92-0e36e1494a8d,1.000,5.4,1,1,2
97926,74734664-6a39-4c0c-a692-334a44ef1722,0.998,9.5,2,1,2
97929,c8ef230c-5fc9-4f75-9b3c-13330246e1b7,0.221,1.0,6,1,2
97932,3e665aab-57f1-4dad-b115-365dff7c2e1e,0.774,8.6,2,1,2
97933,72ddf7f4-f46f-4127-970b-7fc15a2933c8,0.916,22.6,2,0,2
97937,d8222b5a-66df-4c13-b692-85179c1ba97a,0.087,356.7,3,1,2
97938,d356c645-2f69-469d-b11a-c6e6912eadbf,0.483,103.0,3,1,2
97941,077f5b01-931c-4aef-b310-c1ac6efd92dd,0.243,0.1,5,1,2
97944,865b212e-277b-41da-8fde-4bd3f96d6393,0.767,5.6,2,1,2
97947,2eab4ecc-7f5a-426e-8bc7-fbde6eb7d6f3,0.274,3.1,5,1,2
97951,32ae7dbf-3d59-4e1a-a033-731af785d5c3,0.308,304.8,3,1,2
97952,470c5ef0-80ba-41e6-b457-bf3e800ef46d,0.155,230.4,4,1,2
97953,19fbc6eb-056c-4620-8d86-9fc51918b750,0.256,31.6,7,1,2
97954,a90f1afb-23cc-4fd0-8d3b-e9f5ae4da4aa,0.290,6.3,4,1,2
97956,13d23b48-3545-4353-b829-d198d0a38277,0.334,3.6,4,1,2
97959,52cbdb36-0277-4706-bec2-be1e2326ace9,1.000,251.1,1,1,2
97962,5745c5c3-751f-4ba7-9c77-c707d4e274fa,0.254,19.5,6,0,2
97963,278d0d17-5f13-4078-98f7-8073eb10ddfd,0.259,5.1,5,1,2
97964,a2a00684-877a-455e-9779-30d4e2e753e6,0.228,10.7,5,1,2
97965,3d4f9e0a-e6b1-42a1-a7a6-affda337535c,0.266,5.3,4,0,2
97968,b3ee8d0a-da9f-4b85-a376-6e03e809b446,0.255,1.0,7,1,2
97969,ea3074ae-6876-4313-9993-8ed863059994,0.239,11.8,6,1,2
97970,c72d3a3e-83d0-41c2-a380-00266e4465ab,0.384,17.0,3,1,2
97976,fb7ed17e-0956-4c13-9b82-921d1364da2e,0.196,9.3,6,1,2
97979,943784ed-413d-423f-bfb6-e195985cc0c7,0.279,17.1,4,1,2
97988,bd272475-646b-42d1-ad42-5e23e1fdace3,0.998,125.0,2,1,2
97991,723eac59-73bf-44f4-813c-349819ee25ea,0.024,442.1,2,1,2
97992,9075a93a-cf6a-4d8c-ac26-1bfc87c84195,0.387,12.2,5,0,2
97993,e4a6532c-9f21-4a62-af1a-a33f2afa876d,0.433,34.5,4,1,2
98004,a23e3495-288a-4ab5-9162-93018bb954af,0.612,53.2,3,1,2
98005,6af35813-64ac-4dd6-811d-6ff80594b654,0.484,2.6,4,1,2
98008,3b3b3102-a950-4a23-80f7-44e3df7753f0,0.353,11.6,3,1,2
98012,57d703db-ab6b-46ae-bb0b-627670e443fd,1.000,61.8,1,1,2
98015,8a91d002-b77d-4e95-91e4-6f41f9cd8d5d,1.000,204.4,2,1,2
98017,ecaf7e3c-9b47-4b85-86a2-37924b5a5aa1,0.511,5.9,3,1,2
98020,a725fe2c-abe2-4334-8252-306d6ace6682,0.490,124.6,3,1,2
98021,30da0d56-9e88-48ef-a851-b400c277580e,0.208,0.5,7,1,2
98024,ba3a4ac7-d6fb-40ec-ac46-cdfffff0ab37,0.274,18.1,4,0,2
98027,b7bc10e6-129c-407a-be28-2169a106f34e,0.348,10.8,3,1,2
98028,7e906b5b-d5ef-46fd-9c83-0b620cd8a9b5,0.410,48.9,3,0,2
98029,7bc50a92-9d32-4c11-8d71-257881f45835,0.825,31.5,3,1,2
98030,5622f4f3-d327-4cfa-8af2-0e685727eabc,0.613,18.1,2,1,2
98031,8d2f1b12-8855-4e01-b465-8f05aefd358e,0.505,8.3,2,1,2
98032,baa9fc99-4a02-4036-9c96-cda471b09fea,0.503,1.9,2,1,2
98033,0415ea98-8774-44eb-a6d3-bef59312483d,0.374,15.0,5,1,2
98034,425c63aa-8a3e-4b9d-ba4a-e8b79652b032,0.374,12.3,4,1,2
98035,4859834b-4df5-4125-93b9-c936d5a45c22,0.287,0.4,4,1,2
98036,d702a2d2-4b92-4e8c-ac64-cefddccda960,1.000,34.0,1,1,2
98037,13d7b8e9-d092-46ce-acf8-b69c41539de8,0.469,7.7,5,1,2
98038,e8779252-0d0b-4cdb-a546-0ca56ead7a71,0.363,104.1,3,1,2
98039,62ecd623-bdc8-4d09-a0f4-9b664365b00f,0.380,21.2,3,1,2
98040,4e7a11f1-208a-4b25-9e62-bcc6f4600546,0.267,53.4,4,1,2
98041,f5f62d62-1bca-42a7-81d4-f1abe12c9bf3,0.271,9.2,5,1,2
98042,663092fe-e1eb-4c19-856c-688ff93a4b4a,0.285,4.2,6,0,2
98044,e496741f-db74-44f0-8b36-75b59a58d2b0,0.442,136.2,2,1,2
98046,6df19108-5d6e-4b77-ab52-d0fbf0fdad8a,0.353,4.7,3,1,2
98050,e042c6d7-e768-40cd-a170-205aa590347e,0.433,22.2,4,0,2
98053,86d7c975-5ea7-456c-8830-ad53c2d4846b,0.669,74.3,2,1,2
98054,1f739c6f-ae2b-468c-8cb1-fa0c3a3dd5f3,0.292,14.9,4,0,2
98060,0eec4ef2-16e9-41bb-b259-785c59142cff,0.978,16.3,2,1,2
98063,77374713-aab1-4d48-a29d-17794e778a00,0.292,0.4,4,1,2
98064,3fbac5bf-8d85-4715-b460-62df030f0e43,1.000,16.3,1,1,2
98065,5e177891-2709-45cc-8f8d-741497f197b2,0.542,6.7,2,0,2
98068,d00b37db-0448-418c-b312-6005d6c7363a,1.000,26.9,1,1,2
98071,e91fbe63-280b-480c-bda7-31fce325bcd7,0.609,32.4,6,0,2
98074,93894207-0257-4c23-a1db-ce8b3ca14382,0.246,16.0,6,1,2
98080,76794c3c-69e0-4b7d-b2f8-6468c976f8b7,0.025,374.5,5,1,2
98081,1ea1d3c8-b5ef-4623-aaa0-fdddb14a247e,0.922,21.2,6,0,2
98084,d8dd2338-4110-486e-a5d9-ef6d75f3b61c,0.213,27.3,7,0,2
98087,075b8895-26dc-405a-aeb0-f4caaf95039c,0.270,13.5,4,1,2
98088,62653379-0e95-4ebc-93bf-86800b20828b,0.212,8.5,7,1,2
98091,d0c11765-2fed-4b0c-b8e6-2f9cca00b246,0.653,6.8,2,1,2
98094,1fc14aa6-07cc-458d-ba72-c5e0cae2e9fd,0.322,4.6,7,0,2
98095,d14a5b6b-73a4-4550-ad11-a85501ab0d9a,0.420,0.6,6,1,2
98096,11d0e715-4d90-44ae-a1af-b9d437241ff8,0.274,12.1,5,0,2
98099,27ad7dd7-3b4f-498b-8057-cd01e1489d61,0.330,27.2,4,0,2
98100,ebe70ba8-9dd3-46bc-9146-c7d5506ba193,0.222,40.4,6,1,2
98101,ec227fbf-4840-4629-a834-a4abc3d8314f,0.255,11.4,5,1,2
98104,1012a1ad-e3f9-446a-bdbe-b50265242efc,0.613,1.3,4,0,2
98105,a1dc15c9-240e-4aad-8365-1c123119d7a7,0.114,304.0,4,1,2
98106,3797074c-783c-4512-ac6d-f219eeb4746e,0.206,8.5,9,1,2
98107,a73af4e8-62a6-4a80-ac48-a198ffa7a0c1,0.335,6.6,6,0,2
98108,da52ed33-0f87-4d6c-a8af-aca6314f2f7d,0.539,3.6,3,1,2
98109,88797a7c-5484-4dfa-bcd0-bdb0c3cf4fbb,0.476,0.5,3,0,2
98110,c801daec-ac9d-4a0e-98ec-409fc7f25aa6,0.409,4.2,3,1,2
98111,c17b02b8-20f1-4694-b580-534fe9495de7,0.113,0.1,10,0,2
98114,8c6a85b2-0b1d-46eb-b3d7-0ded00ba850f,0.158,0.9,8,1,2
98117,e9ba7600-f75f-4dc4-8f4d-e5160a9fe2e1,0.258,9.1,4,0,2
98120,0c83943a-995d-4a53-b9a6-98e1cfc4eba3,0.392,2.4,3,1,2
98121,7229218c-d875-498a-9f62-7009c9c03b4f,0.502,1.4,2,0,2
98124,faebb8a2-a3ab-4f39-9467-20a92e9a00a5,0.528,26.8,4,1,2
98127,29df15d5-9ad6-44a8-8941-7eb33022745c,0.202,4.7,6,0,2
98132,177182bf-81f7-4aaa-a46f-085dab73ab77,0.203,1.6,7,0,2
98133,04d9dc33-36d0-40a2-a1a6-e3d2403ebbd1,0.402,4.3,5,1,2
98134,38e1b828-b344-4fa2-a181-7f388f1e4a33,0.540,3.3,4,0,2
98135,4afaa498-b96c-4b34-a017-c743cd3a55e1,0.373,78.3,4,0,2
98136,9243ab3c-8209-42ca-8e97-b9e9125e6ef4,0.203,6.1,6,0,2
98137,aca59804-e7ff-4f1a-aee9-3adc9f0f15ee,0.186,2.9,8,0,2
98139,e632bdb7-630e-4c3c-b88a-c36c2a4d2bea,0.258,12.6,4,1,2
98142,d5c864e0-5cb4-40fd-a8dd-d396b38ddde9,0.179,33.4,7,0,2
98145,3f26f82a-3bf9-4def-b0a2-c50bcd3941a4,0.361,0.5,3,1,2
98146,369a8a83-6bc9-4acc-8357-5426bbf3ed5a,0.375,13.4,6,0,2
98147,1dcdb367-5638-4953-9028-0b7ef9eff60f,0.177,14.5,9,0,2
98148,fbc40a48-3796-443d-ac31-ded3469682a6,0.268,6.4,5,0,2
98151,26772b12-af3d-4173-b94e-48d4c3888bbc,1.000,2.9,1,1,2
98152,cd30b647-cc0e-4036-8dcd-b22e92d41f1a,0.524,6.6,4,1,2
98153,3de5e39b-dd75-4143-8bc5-0b7cd38e4388,0.441,11.5,7,0,2
98154,22409208-a1c9-4493-93c1-37a635dcb359,0.598,1.4,5,1,2
98155,21b4d437-150e-4970-b41b-2ba45916dd50,0.283,28.7,6,1,2
98156,4f652ffc-6b26-4179-a06e-990682702029,0.325,21.5,4,1,2
98159,83cba25f-5587-47f4-aaea-03291ae50c4a,1.000,189.3,1,1,2
98160,4a56119c-210a-4cbc-9a65-5088aa2ae140,0.211,46.9,6,1,2
98161,fa711ab8-b766-435f-938c-606b088fe41c,0.174,0.4,7,1,2
98162,949c806a-4afc-4258-9d6e-e878f055ca9d,0.366,16.8,6,1,2
98163,716aec9b-36ec-4747-beb2-a6bd18d6e04a,0.210,0.2,6,1,2
98166,bdc78354-1252-47a0-924b-697906b11cd1,0.298,0.6,4,1,2
98170,d1d00138-370c-45dd-96d3-79ac596f4adc,0.298,0.6,4,0,2
98175,700536aa-c364-4908-9b7a-8b879a3b2b8a,0.506,1.5,2,1,2
98176,4eed52c8-1cff-47d5-958c-36b16efa95e4,1.000,10.1,1,1,2
98179,2c2e2b25-9978-4b16-99c8-be4889180a5b,0.244,123.1,4,1,2
98180,ac2d8a70-9fa0-4d96-bffe-ec473d9792c9,0.275,34.9,5,1,2
98183,5221bffc-902e-4252-97b5-6b818e9b235e,0.250,29.2,5,1,2
98184,fe33d64d-ad25-440d-b650-62ce3a7525f3,1.000,12.1,1,1,2
98189,12ed7cad-267c-4723-a5ff-c511365986d5,0.502,54.6,2,1,2
98190,bb5a0178-4812-4393-a96d-614c92c47b1d,0.311,1.6,4,1,2
98191,aee0091e-d52b-4e40-a0e4-4b65fa2c4c81,0.362,11.7,3,1,2
98194,8dfbf53c-9ccc-4b17-89ac-a3b6329b8218,0.314,8.7,4,1,2
98197,62dc3326-bcf3-4abf-9bea-588ea0750944,0.509,3.9,3,1,2
98200,ae9d1a76-9af6-4565-9b71-b98d185cb9b8,0.258,97.1,4,1,2
98201,9f0d95c3-38d7-4aa8-8e11-fc4183144483,0.223,6.8,5,1,2
98204,d2b5a039-67d7-406a-8a3b-c01edc395913,0.761,4.0,2,1,2
98205,56bee64e-6936-4b3a-9480-6c69d8eaa091,0.283,18.8,4,1,2
98211,92250ff7-7c23-446e-b994-dac00f81b503,0.473,11.4,3,0,2
98212,c3aefade-c3bb-4160-94d2-4b2e66b56c00,0.337,26.3,3,1,2
98215,c1de5ffb-d631-4860-8dc2-2576993768ca,0.246,149.2,3,1,2
98216,95b88243-4470-4d06-b9c5-716ec7d4dd70,0.407,15.0,4,1,2
98217,aafcb7e0-dec3-4a46-9b99-e4707539f2c9,0.254,4.0,4,0,2
98225,8b631845-3370-42f0-b359-9a9486234b49,0.325,135.9,3,1,2
98226,f3f7369a-3311-49a3-9055-def97ce29fde,0.361,5.4,3,0,2
98229,dc6ba17a-9482-4c1b-ba89-c7fd67b2a01c,0.576,2.7,4,1,2
98230,c90be3e2-b43c-4811-a368-446bb2b0bec0,0.535,21.8,3,0,2
98233,c48ed303-477c-46fb-a39c-181ab2aa512f,0.319,49.7,3,1,2
98234,a9e97b59-52a6-416c-b7e3-8a8ef6f7b404,0.371,0.1,3,1,2
98237,f53b2ec0-c0d1-4baf-9203-55550b11280b,0.923,5.4,2,1,2
98238,72b9c76e-4760-40b6-8452-13a363fc3959,1.000,5.1,1,0,2
98239,438888ac-87b5-4633-b611-273a2c8dda08,0.956,103.0,2,0,2
98240,f7f4f931-47ce-496b-9b72-c045efb18abf,0.316,172.8,2,1,2
98241,d4400653-3e37-4429-8e57-e52328b403f4,0.684,6.3,2,0,2
98242,eaeec5ad-3683-4106-a581-d939329dfd35,0.292,12.4,4,1,2
98245,42cbc720-c06f-4f88-a3c6-beb06890da61,0.925,0.7,4,0,2
98248,b5523594-2650-45b9-8d16-4204d5a5cb53,0.329,58.5,7,1,2
98251,5715dfef-e9b3-4f14-81b5-2426d06aaf20,0.690,6.9,4,1,2
98252,3f73e61e-a47f-4fac-9d8c-20761362a14d,0.225,6.4,6,1,2
98253,28220eb6-ccd8-4d08-b073-4b6dbdc9bbce,0.477,2.8,3,1,2
98254,aee26d3f-b2a0-4e48-8ad2-6175b2c7cb91,0.352,2.5,4,1,2
98255,b6a1717d-b112-4852-8b2e-8abd418975c1,0.999,4.9,2,1,2
98256,90f39e4b-7865-436c-af65-6efe72a75fe4,0.983,104.0,2,1,2
98259,e33e6f59-64c0-4886-8299-b8257baca69d,0.377,1.9,5,1,2
98260,5e6058d3-d920-4a3d-8600-2031849ce02d,0.492,0.5,3,1,2
98261,4cb47240-2a90-46b8-9472-e96467e6ec12,0.503,6.6,2,1,2
98262,c5b70f95-71f9-4544-95e6-cc43f9d47c01,0.198,19.9,6,1,2
98265,c43f2e9c-b4f1-4c73-b761-83e2a61ad994,0.497,1.2,6,1,2
98266,91c4836e-1d5b-44d0-92eb-9cdf8d29e6cb,0.465,3.1,5,1,2
98267,bb1378f6-8af8-4a55-903d-f2388cefd3c7,0.038,405.5,5,1,2
98268,6936e6d2-f4a5-47a0-b378-946987f6e80f,0.315,26.4,8,1,2
98271,ef537176-98ff-4172-886a-feddd19d4ada,0.217,10.8,6,0,2
98272,8868f94e-0c46-44a7-a051-c70d7f96ad75,0.230,6.7,5,0,2
98275,182e1414-cf85-4cfd-9175-d4b32d145bbe,0.408,16.9,3,0,2
98276,567b8a6c-e764-41e9-8f56-70fe638a16ce,0.521,6.7,2,1,2
98279,088adc4c-658f-446e-b774-9f1103e9afb9,0.321,0.9,5,0,2
98282,5d13c8a5-8c94-4298-9f8a-c24fe1343c21,0.388,17.4,4,1,2
98288,917a30a0-6249-4d2a-b23c-24dc7dbbf81f,0.513,18.2,3,1,2
98291,f4d2da69-ff12-4677-adbc-1b9dfd19e53a,0.238,99.8,4,1,2
98292,12694e1e-450a-499b-b183-f60b83d587a7,0.395,3.6,4,1,2
98295,28697488-cd47-470f-b6fb-5dfd94ea47ac,0.337,23.1,3,0,2
98298,7e000a75-e891-4754-a5f1-89d85640d26f,0.295,1.2,4,1,2
98301,af53d1d9-f73c-480b-80fe-33fa8ed1321d,0.452,0.9,5,1,2
98302,fba0d6e7-2635-47fc-abc4-0bc5eb4303fc,0.425,15.5,4,1,2
98305,83a8e2a7-8feb-4a4a-b25a-821ebb0b8219,0.232,13.5,8,0,2
98306,5beac795-9130-486c-8004-cecaa04b1777,0.382,2.1,7,1,2
98307,afc6d899-c213-401b-a392-7ca2e81209c6,0.198,341.0,2,1,2
98308,2eeb1f25-e8ed-417b-9a81-99f46a66b4b8,0.273,7.6,7,0,2
98309,df38881a-f07b-4a38-bd36-f4e81566a2c4,0.223,5.0,6,0,2
98310,11cd0c67-d8f8-42b0-9f7f-2a461bd158f7,0.380,255.3,2,1,2
98311,d55130b5-9f85-4d96-8555-254affccfa39,0.530,15.0,3,1,2
98312,e60707c8-4ee9-4383-94c2-a1afe9e993bb,0.417,10.1,3,1,2
98313,a864d54f-0aa7-48e3-b85f-ce76ddff84ab,1.000,3.1,1,1,2
98314,ba9ac6c4-adf6-4879-80ed-f1ec414bb0d4,0.262,20.4,6,1,2
98315,500d6941-8986-44ce-9621-583c345a18b8,0.351,27.9,3,1,2
98316,58dd61dc-c50d-4494-acc9-88d93bd4a098,0.534,5.8,5,0,2
98318,7bee53e0-1b7e-43dd-b9ed-e442dfa7bb96,0.115,264.3,3,1,2
98319,203e2e0e-e7a3-4655-94f1-39adb64a2baa,0.556,6.5,5,1,2
98320,52b17f40-ff72-433f-9be8-2145423014d9,0.312,24.7,6,0,2
98321,933d9995-ee76-4425-84c9-cd5d9fe6fa93,0.342,8.8,5,1,2
98322,47f2f590-e4ff-454c-8c52-22c288d2972a,0.334,8.5,4,1,2
98323,9cddf207-ffab-47dc-838b-25aa5926c24b,0.196,13.3,6,1,2
98324,73357407-eddb-4fe6-8466-3168a10b6d78,0.933,2.6,2,0,2
98325,28b761f8-c879-49e3-a331-704c39f82998,0.401,2.4,3,1,2
98326,3a9f23f5-945a-497d-b240-ef6427c7d100,0.173,3.8,7,0,2
98328,55623e5e-a3e3-4174-9fee-dc0910c2c6f2,0.193,45.2,7,1,2
98329,4870e453-fc9a-4fa6-9b2e-5ed3628943a1,0.143,4.8,9,0,2
98330,2c9bc03c-2661-4dcc-9aff-3e206596b46d,0.820,19.4,3,0,2
98333,236fc99b-9b02-4c8d-844d-389bbc79495c,0.500,11.4,2,1,2
98335,aa8cc371-3ce9-4e89-9ff8-d9b3543817ef,1.000,4.7,1,0,2
98336,8357d456-8319-444d-a866-fdb13e3bba2f,0.095,310.9,2,1,2
98337,456cb76f-0413-4aa7-8ca8-68b82ec434c0,0.612,14.3,3,1,2
98338,1dccecab-8dd7-4b88-af27-41927cdb0923,0.378,21.1,3,0,2
98344,b71b97a0-b645-456c-afc4-ce072d5f4327,0.345,3.6,9,0,2
98345,baac09fb-c631-460f-88da-c97b58cb7d3d,0.224,69.5,6,1,2
98346,521dcc05-87d2-4aed-a1d9-19125527fe04,0.233,40.2,6,1,2
98347,ddcf1a5c-ceac-4a78-b6e2-7d5d54e20a73,0.287,4.4,7,1,2
98348,0deabf29-a2f8-4f74-a7e6-9f72ff692051,0.269,28.3,6,1,2
98349,f96105f4-7216-4ac5-bc69-8712539ad7b3,0.198,6.8,6,1,2
98350,66e142d8-6551-4bf2-a89f-af3feb3ee656,0.248,6.2,6,0,2
98351,7e1edea6-8adf-410f-8abc-295366c0bd85,0.452,13.4,3,1,2
98352,4ec642bc-ba89-41d3-97ec-d405e2fcaef7,0.501,3.1,2,1,2
98354,44323723-97d0-4444-b838-5b3b91feae96,0.131,8.4,8,1,2
98356,d9bf64b6-1e61-4fcd-9b0b-14b8fac7c37f,0.448,152.9,3,1,2
98357,83c46206-359f-4640-b35f-caa0c7fc52b1,0.209,4.4,8,1,2
98358,365e1f09-fb6f-4fd9-afd3-bf677e0d1aa1,0.190,3.5,8,0,2
98359,60173ead-9316-405b-81ca-dc774410a02b,0.503,4.5,2,0,2
98360,c1c986f1-92b7-4579-b4f9-24543f3abf2c,0.336,6.7,3,1,2
98361,cc54c521-eb9e-498d-abc4-b472e9dee15c,0.344,5.5,3,1,2
98362,2712b6c7-2d2d-4c7c-83c6-0ebb49314711,0.704,7.9,3,1,2
98363,24dba2f5-3c6f-4553-a5b7-9d0f99e634b1,0.496,46.9,3,1,2
98364,ab2395d3-1ffc-415c-ae58-5f6db3e4cba4,0.379,3.3,3,1,2
98365,3e38d4a4-f2e4-4c09-9acd-1b41abbba604,0.414,51.0,3,1,2
98366,a21908e8-58cd-4aec-8d70-3cb735fc3b80,0.344,0.6,3,1,2
98367,33b72fef-5b5a-4e94-a7b8-da5699a08c1f,0.132,177.1,4,1,2
98368,ce87d2be-799f-4fca-a025-a983ff560165,0.312,22.0,7,1,2
98369,75a1e5f2-c854-41a9-999e-3d815c843c8a,0.248,2.1,7,1,2
98370,6094aab2-9843-4c33-af4c-05870487ec9e,0.235,17.2,6,0,2
98371,e1caf896-9837-4cc2-b0e7-6c891388c72f,0.494,110.5,2,1,2
98375,06d92d94-8f5d-4dc6-9bf2-29a59bdc278b,0.506,0.2,2,1,2
98376,85db12d0-4a96-4e4a-b378-677e22228871,0.397,6.5,4,1,2
98377,7bfabdbd-ad68-4838-ba25-e21c58505e01,0.234,3.2,5,1,2
98378,0a44afb7-49a9-495b-9dbd-8b73298dc173,0.378,15.0,5,1,2
98381,cece44f9-ae5c-4309-afc4-dd80f3abb876,0.337,0.3,4,1,2
98382,ebe7ad80-491a-4677-8a77-6ea086d01a9a,0.351,2.5,3,0,2
98391,a752ec1a-d4c9-402a-bd17-d82e65c90008,0.438,63.0,4,1,2
98392,2f2788d4-db35-433e-8b44-624848036a05,0.288,10.3,4,1,2
98395,d97967a4-568c-446b-a213-da475630929a,0.503,122.1,2,1,2
98396,55325ba4-8125-4f89-953a-06ab5f78f75e,0.220,14.0,5,0,2
98397,48a25d14-8b8f-40ef-86b6-9dc2abc82472,0.211,0.1,5,1,2
98400,765ab79e-b99f-4e98-b515-e72102361185,0.296,17.3,4,0,2
98403,6330c063-f094-4d02-90c4-79c35eaea308,0.462,12.8,5,1,2
98404,7d5dfdcf-b4ef-402a-9fc7-3c0e125dbf9f,0.337,1.0,4,1,2
98407,8369c3eb-3746-4e47-8ca9-7bf6510330f6,0.201,1.4,8,0,2
98408,9ab123e2-9024-416d-a262-710633e096f3,0.622,54.3,4,1,2
98409,c939dda8-b9dd-4bbb-b89d-2b2cc75364a6,0.261,2.0,5,1,2
98410,150d67cf-bce9-437b-87ba-d9183ab4262a,0.758,4.3,2,1,2
98411,9c8c0ef9-f04b-4d96-b9b7-a75d0817b13e,0.543,27.1,2,1,2
98412,5d7f08f5-6229-4edd-b18f-2c0d47aaf257,0.502,24.6,2,1,2
98413,6a8496ed-4ef6-4081-b9ad-2826f5269e1a,0.377,82.8,4,1,2
98414,63526e9e-c012-414b-8084-fa6ef447471b,0.221,0.4,8,0,2
98415,30344c30-1eae-4297-a389-6dd2feadbdb3,0.369,3.6,6,1,2
98416,32a1180c-bf89-4bfa-8557-3d0b4e1d9b6f,0.399,10.5,4,0,2
98417,ffa16336-d06f-4161-9fc6-750ab754c420,0.409,9.6,4,1,2
98418,8362bdf1-ccd3-4f6e-8f6b-d4b72f4620b1,0.508,33.9,2,1,2
98419,06a58a32-8284-44f9-8ed1-ed676e023846,0.361,17.8,3,1,2
98420,b65d3e71-1660-430e-9a3f-9a0e436cb1dd,0.972,7.3,2,1,2
98421,273f0eaf-46de-48d5-b303-e1f6fd70f824,0.231,16.1,6,1,2
98422,f3231362-0c01-40f8-88a8-34b9e2a88663,0.304,7.1,4,1,2
98423,db9b8709-6ec8-4cab-ae48-4d437492b7df,0.760,25.1,4,0,2
98424,7537719f-a9b8-493a-b6dc-345fe3c45a4c,0.786,4.6,4,1,2
98425,3bf4b8d5-f308-48f0-91f6-8fe75aea1637,0.344,6.6,4,1,2
98426,987832e5-2ee6-4d2b-a0a0-c039d98abd94,0.535,84.2,2,0,2
98427,747f0f03-6fab-4086-92be-ac2f382fc5de,0.348,0.7,3,1,2
98428,de02954c-e33f-48a8-81f7-0adb579f9393,0.641,4.2,4,0,2
98429,06838d2c-9aaf-49de-a831-d1141358baec,0.346,70.7,4,1,2
98430,f25b11da-9037-4a76-9e3c-e69b856c99c9,0.358,10.6,4,1,2
98431,90321e12-89cf-41fb-8236-787cd40208a2,0.519,1.8,2,1,2
98433,95538fcd-2f56-48c1-9e40-63e0731f1a6f,0.581,1.9,6,1,2
98434,48fba3b9-1a63-4fda-8ce8-a94b3cff8e01,0.893,4.3,5,0,2
98435,4b46e1f4-4416-420c-90ab-f3a8af8f076b,0.146,340.0,4,1,2
98436,d5c55777-c43a-4563-8c96-1229c033620a,0.567,117.2,5,1,2
98437,ea9024aa-293d-4e3b-993d-9c0e095a632a,0.322,5.5,8,1,2
98438,15af46c8-4036-4f0e-b458-8468012e4ec4,0.294,7.8,8,1,2
98439,2015cb94-a341-4a42-82d9-bb71410a5dd5,0.233,14.4,8,1,2
98440,2c060677-7309-4814-856d-71455a7d1dac,0.253,18.0,4,1,2
98441,18d05ee0-e959-43b5-8f61-13d230f4d272,0.329,10.8,4,1,2
98442,9fc8f0f1-b64a-4694-beba-91cce2960ba4,0.254,25.6,5,0,2
98443,2232361c-da6e-4b18-9618-fcf9624ae93d,0.194,3.3,6,0,2
98445,fc24a60f-47a8-41e8-9a6a-ec1eaee26bbf,0.416,4.6,6,1,2
98446,71199b8f-050f-4cb5-8b9d-1efe4b386a0d,0.135,62.1,7,0,2
98447,b123e232-dac3-4a56-8e99-1baccff07a33,0.215,5.3,8,1,2
98448,0ef638cf-b2f0-43a8-ac95-82656c044003,0.176,3.3,9,1,2
98449,90c61f46-b307-4188-804d-34123a2ba059,0.346,7.5,5,0,2
98450,efe78039-79cd-4aa9-927d-fa7019ea31dc,0.043,405.4,2,1,2
98451,b1626b07-9287-4a34-b93b-e55ebcdf0a6c,0.756,17.3,3,1,2
98452,f28e01b5-11fd-4355-949b-46636e8aacb2,0.463,9.6,4,1,2
98453,d721c44e-2ca1-4126-a558-2a8229d501eb,0.514,38.3,3,0,2
98454,656eebc2-ad71-4206-8112-ace4c3862493,0.124,204.6,5,1,2
98455,5c0d054d-313d-4cc8-ad78-b4bf326d4a0b,0.619,23.1,5,1,2
98456,955713bf-b413-471c-acb0-ffb1faa94f1d,0.177,115.1,5,1,2
98457,5a993cd4-bd59-451f-9f68-24bbaa5cdad4,0.334,17.4,4,1,2
98459,a4404591-834e-49d8-bcc0-3243a39c6ffc,0.325,87.7,5,1,2
98460,d346fd23-3b2b-4e46-9fc8-0c21e33fda1b,0.262,14.1,7,1,2
98461,e452fa2b-8de8-47ff-84f3-dfb0e5954cba,0.245,0.3,7,1,2
98462,d425f041-85d6-4395-9742-8886ca890584,0.499,16.3,4,0,2
98463,868d99c8-e705-4f0c-9e59-073ac2d4e3f9,0.311,8.3,4,1,2
98464,44ddf762-2afa-4653-810a-df757f2955d0,0.367,3.3,3,1,2
98465,320de9a4-bed6-47ab-998b-760506b5b270,0.428,9.1,3,1,2
98466,fbca02e8-1297-41b1-80a4-53e7be399735,0.666,11.9,3,1,2
98467,a2074c7d-beec-47aa-8f14-fd0e45576367,0.251,11.3,6,0,2
98468,ccdf3c86-f5e3-4c49-9af9-55e331fae8c2,0.274,12.7,5,0,2
98470,dd0a3bc9-e89c-408f-b10f-3360404af283,0.177,3.2,7,1,2
98471,59cec002-d73b-4ee8-8cc6-827eda374eb9,0.368,10.2,3,1,2
98472,fcef62c3-7ad3-44af-be81-c9dbcd27ec0d,0.546,11.2,2,1,2
98473,48ac225d-d162-4933-a0c2-27d010031f8b,0.502,28.8,3,0,2
98474,0e9ff632-a39d-45fb-9e9e-180d98a71c32,0.704,4.2,2,0,2
98475,b7b1a017-3713-4434-a302-4c19271774bb,0.350,4.1,4,1,2
98476,d9631508-d89d-45ce-b455-0d7401eaca3c,0.266,0.4,5,0,2
98477,5a0cacd2-e2ab-4568-898c-4832e7a1ef62,0.153,3.5,8,0,2
98478,57b8de19-a1a3-43f6-ba84-1c5b918d7c16,0.452,6.8,3,1,2
98479,9b5b2777-1423-40f2-accc-715694bf1926,0.256,26.6,4,1,2
98480,8ac522ac-2772-4189-bfba-5e6b6aacd954,0.208,5.4,5,1,2
98481,1e40adac-1f21-4283-9fcd-81fe84ec2248,0.341,123.2,5,1,2
98482,acd0f48d-df47-4c98-b10b-db7bed81c234,0.285,8.0,4,1,2
98483,70d4922d-8464-4089-a2e2-a2d12277b0ac,0.751,8.8,3,1,2
98484,17764c84-f7f5-411b-a59d-071ee67b7108,0.495,13.8,3,1,2
98485,ae035f18-1ba0-45d9-a025-63ca20edc457,0.313,44.7,4,1,2
98486,83845140-f7ed-4dba-ba0f-75406fbb381f,0.707,2.5,3,1,2
98487,9ece89f1-acb8-4bef-ab25-2ad32d04418b,0.386,60.2,4,1,2
98488,110a531c-572f-4817-a4b8-25cc591ab97b,0.636,47.2,3,1,2
98489,25b9d78e-ee3c-420b-aa95-8611b5097f13,0.172,3.7,6,0,2
98490,85b499b1-680f-45f8-b56f-0e8ea206e6ec,0.345,0.6,3,1,2
98491,7d1a481d-c186-412f-8d27-3b1d5731772a,0.376,94.1,5,1,2
98492,4fef6c6f-9c14-4ced-b372-9e8368344450,0.196,1.2,9,1,2
98493,034967ed-510b-4c5f-bddd-f9b96eab98ee,0.295,10.8,6,0,2
98494,a656ac37-d7f5-4109-acf0-edf2c1f46fbd,0.266,4.0,5,0,2
98495,c2ab8578-60ea-4a28-b011-d96ea77492a6,0.328,76.2,5,1,2
98496,66f02c26-aba1-4072-8295-07766fef17db,0.230,0.3,7,1,2
98497,77aa8c33-ed46-4d10-ac7b-5ec6e0cb0692,0.176,1.5,8,0,2
98498,1e4e23ba-665d-43ff-a0b4-23cbad1e9b18,0.195,3.2,7,1,2
98499,f54164e0-08df-4310-b25d-c554e0712b16,0.358,0.3,3,1,2
98500,2089d25d-0969-4d01-8ae3-a1b1158de42a,0.418,1.9,5,1,2
98501,cd4f3337-568f-4c04-ab5d-ac2210dc5e2e,0.713,23.8,4,1,2
98502,7cc8f708-cca1-4903-9f43-82b34e34e5c5,0.506,2.9,7,1,2
98503,0d95e29f-e1b3-4733-a31f-1a1fc5c7d5d8,0.902,5.6,5,1,2
98504,c2f58921-f2a1-4b87-b44d-e36a6900105a,0.722,62.7,5,1,2
98505,27187202-1937-4a79-b1c8-c302dddfaf61,0.221,140.5,5,1,2
98506,950d06e9-e221-473a-afc7-b925924af434,0.225,95.9,5,1,2
98507,295c89aa-7547-47ee-8081-3c0019fe0f5c,0.226,4.4,7,0,2
98508,c7961ab8-48e8-4fb1-8f2a-fa99521073cd,0.993,2.7,2,1,2
98509,5bcc626c-8e9e-4776-aa18-68d1577fb860,0.614,170.5,3,1,2
98510,dd0ee277-ea37-49cd-be8d-32f730ebe1f8,0.671,2.2,4,0,2
98511,99f79f77-7158-4fc9-bf92-2c171080bdc7,0.170,127.5,4,1,2
98512,8b201279-e2a9-42b2-a247-3134c455ffff,0.571,10.6,3,1,2
98513,0c87791f-c3d4-4ca0-8387-29ef938a6087,0.518,21.3,3,0,2
98514,912d11ed-18a1-461d-9017-7e2835accb9e,0.270,13.2,5,0,2
98515,29c6d657-fa72-4308-9f7f-15b30c9767ee,0.391,14.3,4,1,2
98516,224d06d0-f84c-4d4e-afb1-dfbad6e4482a,0.129,369.3,3,1,2
98518,363471d0-038e-429a-b208-bd9004b99eda,0.713,51.2,4,1,2
98519,bf8e1008-a152-4837-a0d4-5cc6033b0a2e,0.498,27.6,5,1,2
98520,005c0fcf-963e-4008-94f1-9a86710e08ba,0.219,17.9,9,1,2
98521,8165d0f9-0b6d-42fd-82c3-64792ca7728c,0.236,24.3,8,1,2
98523,de39c032-c7b9-412e-b1dd-d63ddf52cc00,0.265,7.5,6,1,2
98524,b6bdac6c-5dab-4675-9018-5da193a388cd,0.239,7.5,6,0,2
98527,cc6ff396-c8b2-47f3-9969-dc89b005a544,0.531,5.6,3,0,2
98528,220b0626-e46d-49f2-9310-65d027f59a50,0.260,4.2,5,1,2
98529,c3c0ccb0-024e-4d03-9f00-786fecbb5f04,0.388,4.7,5,0,2
98530,f893556b-3d0c-4b0c-9feb-34310e87ed90,0.302,2.9,5,0,2
98531,07f1f45d-f182-4634-a870-1383c29e9b69,0.245,4.4,6,0,2
98532,9d4d9526-2324-4422-a796-0a9279d965d4,1.000,147.8,1,1,2
98533,e57faa95-5f08-428e-9d98-f06efbabdf8e,0.007,498.2,3,1,2
98534,29ef79bb-154a-4970-b04e-83c6b87d5610,0.067,244.1,4,1,2
98535,431db3c3-63dd-4edd-afb7-d51fdbe96cfd,0.549,8.2,4,1,2
98537,b0843d42-2405-4793-ac55-be0e85898fdf,0.514,3.8,4,1,2
98539,feeefa92-42f4-4920-a31a-204f93d50072,0.481,3.2,3,1,2
98542,d1252853-cef8-4e22-bc55-086ecf74711a,0.526,1.8,2,1,2
98545,45173caa-22a8-47d3-9d93-7784c4004e1b,0.482,141.9,3,1,2
98549,e7c557f8-6a68-4da0-9430-6d28874ba4f3,0.202,183.3,3,1,2
98553,1fa3a567-a013-4137-a17a-ec7b065ef976,0.381,8.3,4,1,2
98554,241d5434-04dd-465e-8a8c-c6090d566e54,0.344,0.5,4,1,2
98555,1385826e-ab90-43a7-8650-640106829011,0.514,1.8,2,1,2
98558,cb17858c-9207-405e-aed8-76da305fd532,0.343,3.4,3,1,2
98561,818d435f-f34e-434c-9f8d-0d92f62aa689,0.496,57.6,3,1,2
98564,c0b7b856-2fb9-4f7a-a05b-e819b66639f1,0.172,4.5,6,1,2
98565,b427bffe-a2d5-4218-a775-86e248be63df,0.306,13.8,5,0,2
98566,2319cd58-e767-4855-8f94-aa660969cc17,0.248,1.2,5,1,2
98569,7ab9111d-c261-4b07-8ecd-c3d662bc558e,0.177,7.3,8,0,2
98570,f708416d-95df-4306-ab6a-f4083093fee1,0.166,15.5,8,1,2
98579,72727a2c-f3d3-40fa-be0a-bbb5221781fc,0.008,564.3,2,1,2
98580,99834845-3d07-4df4-8c6b-0b8638d6cbd6,0.992,107.9,2,1,2
98584,f2e2263d-e153-4bd3-ad6b-cf3b9ccbd60f,0.348,75.4,3,1,2
98585,1bb1932f-d204-4749-a92a-498f7f5e09a8,0.395,6.0,5,0,2
98586,524e6850-d666-4b47-a192-fecf5235da02,0.149,89.2,7,1,2
98587,4b6c0964-ad39-4ae5-b587-2dc0314e6a38,0.153,33.1,7,1,2
98588,b0d223b1-0013-4c2c-94c8-573f37e65be1,0.168,5.5,7,0,2
98590,2c0d0fa2-9455-425f-8328-b7b657d74674,1.000,6.9,1,1,2
98593,96eadc09-bea0-4cb1-901c-57acf77819be,0.417,5.6,4,1,2
98596,b1ee3f43-f848-4cd4-abbe-fcfa1648dece,1.000,106.6,1,1,2
98608,0b946b28-033b-41d0-a68d-c6507ee4bf2a,0.732,148.2,5,1,2
98609,fc64bb90-2333-411a-a738-d6478ad13504,0.456,25.7,6,0,2
98610,26e22f72-c221-4d9b-84f9-6d24baf51b3b,0.396,11.4,5,1,2
98611,fbf6565c-d4e9-468b-b17f-29fb4e535b3c,0.184,2.8,9,0,2
98612,2845a2d4-23cb-4fa6-acaa-a1631636fe62,0.540,14.9,2,0,2
98615,41bc3b0a-5875-4664-b9ba-9503bae0c290,1.000,115.3,1,1,2
98616,3b7a10bc-8523-4098-99d3-1e4bda2d56a1,0.392,0.7,4,0,2
98619,6fac03cd-8ab3-488a-951f-d829075b7b35,0.340,10.7,3,0,2
98622,98122a52-b16d-4429-ba33-1fe984854d22,0.242,22.2,5,1,2
98625,eadbb149-345f-42b9-b080-c7f0925c7d48,0.198,21.9,7,0,2
98628,b2845594-9b52-4d9c-9928-485819d4637f,0.544,11.1,6,1,2
98631,d31108ea-b490-4209-a0c2-44863b3198c1,0.825,8.9,2,1,2
98632,cbd114b0-fbe6-4097-8dcc-8b49061d7b91,0.527,4.6,2,1,2
98633,8c395650-2c31-4f1f-b22f-750470ec5919,0.356,10.8,3,0,2
98636,3fd769dc-76d7-48a3-a4c6-415e742b4957,0.991,0.2,2,1,2
98637,f685db9d-b791-45ca-bc61-4725bc98a9df,0.948,2.5,2,1,2
98638,338c2a30-17f2-4699-b1b2-c8bb85c4fe45,1.000,59.8,1,1,2
98642,69912434-0c48-49ff-a701-7cc8f5236cec,0.257,10.4,6,1,2
98645,e871799b-260f-4b9f-b61b-351de52207d1,0.226,10.3,8,1,2
98648,99f4b82d-9c50-47ae-b3cc-f210ee4c7145,0.984,5.0,3,1,2
98649,a0a56ff2-9eb5-4b52-9c23-67bc480eeaf9,0.144,157.5,7,1,2
98650,cd831a5d-ef36-4f1e-8224-990f72088bb5,0.229,48.7,7,1,2
98651,b187e28e-30fa-4816-93c8-69a141474272,0.248,5.2,5,0,2
98654,418442dd-2fee-4b90-9fbc-1716dde3bfbf,0.370,25.2,4,1,2
98657,bc371aec-7bc5-4b4f-87f2-406a90e1f232,0.523,3.5,2,1,2
98660,273d1694-d252-4c2c-b3c1-504b0809a688,0.410,1.7,4,0,2
98661,3706c282-ddc8-4a27-a80e-5f9ad5d286c0,0.267,3.7,5,1,2
98664,e2186761-dc31-411b-9a7f-29758c66507c,0.840,162.3,2,1,2
98665,25b4453b-ba6f-423a-b795-7c7c4b582e79,0.481,87.5,3,1,2
98666,06ca14a5-76ed-4081-b9d0-016dd9ccc9d8,0.330,31.6,4,1,2
98667,73f12c91-0637-4053-9c50-4650877323e1,0.342,1.2,4,1,2
98670,f61523f5-1c6e-4c9d-9963-875862b13ac9,0.347,164.3,4,1,2
98671,46000031-b146-4810-ae78-9a352b31067f,0.282,6.7,6,1,2
98674,1b931a35-ba3b-4b79-9e03-15e85af27bf2,0.613,4.8,4,1,2
98677,19988fe9-a64f-4cc5-8ddf-0ea7a05889df,0.276,3.6,6,1,2
98680,400030cb-f972-4d96-bfdc-465bb47c975a,0.511,18.6,2,1,2
98683,12ab32cd-e2ef-49eb-b73d-ee7a47b7e3bf,0.511,2.4,2,1,2
98687,34dd8b6c-b7d6-4b43-bb18-3997cd8d397d,0.474,0.9,3,1,2
98688,d2244949-ece9-4063-bbba-2f226a6ec342,0.638,11.2,4,1,2
98689,719a4f4b-3272-49c9-8cdd-b3879a6f2bae,0.301,19.9,5,1,2
98690,2f72492e-878b-4734-82e7-fcbd2a38e2c4,0.565,109.5,2,0,2
98693,7b770357-4557-43c7-b57f-6aeafaeb8b14,0.336,4.5,5,0,2
98696,8bdc4635-f5fa-461b-938a-e7876e2fe785,0.282,14.1,5,0,2
98699,87e6ea04-5d7d-488f-84c6-47abdfea47cb,0.606,47.3,4,1,2
98700,b211689b-be60-49c1-8f86-064c72a6e9c2,0.403,10.7,3,1,2
98703,6f63ccdc-226d-4494-8a20-b00a545cb751,0.429,7.0,5,0,2
98705,d8f52578-c64e-4dbd-9f0c-2af937ac9377,0.333,1.9,5,1,2
98706,c99c266c-2583-4cef-8835-263923b8195a,0.518,17.4,3,1,2
98709,8018f46f-2c74-4332-aa4d-a6c38ecbc1eb,0.978,3.9,3,1,2
98710,e83bb44c-71d7-4ffc-8252-bd7915d6c457,0.326,4.8,5,0,2
98713,cd3273f0-6aa6-434c-817c-af215fa01168,0.505,0.5,2,1,2
98716,8c62fcb0-6038-47ed-93fc-4541e15da335,0.727,25.9,2,1,2
98719,a1fa37ba-23e7-4ff0-928f-ba9a98fb913d,0.441,3.3,4,1,2
98722,8cb68836-aec1-4c51-8987-430f9cdde3f7,0.997,24.9,2,1,2
98723,e42c483e-4a23-49ce-b6a0-43fa1fc4166f,0.317,9.1,4,1,2
98724,11d7ddee-844e-4fe3-915b-4c462a707db6,0.505,8.4,2,0,2
98725,19ae5a1e-bdce-41f5-8038-d1ae6ae25663,0.352,3.3,3,0,2
98728,6ebc4fb6-9adf-4664-b5f2-fea2d91b1a4c,0.543,54.0,3,1,2
98734,f19be984-dcae-413e-a2cc-46f4a7b53696,0.318,9.4,6,1,2
98735,b7dadcb6-d463-40f4-9dc2-48a5fe7b88f8,0.201,3.0,6,1,2
98738,29b76e0d-f051-400c-b72f-c68b3d2c4ac6,0.240,13.6,8,0,2
98739,1bd740e8-58d1-4784-9ead-cb6f0fb95bee,0.298,3.6,6,1,2
98742,0648fe57-2969-495e-b161-55910f72a9cd,0.341,13.2,3,0,2
98743,4f06825e-41fd-41b5-8144-f5f75d0344fa,0.351,11.5,3,1,2
98744,aa09383f-5f30-49c3-9e6b-69ee9ac9c6f7,0.523,4.3,2,0,2
98747,78c64f80-5686-4047-a50b-ef51f64fa358,0.959,30.2,2,0,2
98750,ac3ce5ec-bda2-439e-b6be-e0016b6308d4,0.265,0.0,4,0,2
98753,21431b78-9549-4261-a80d-667f28278027,0.438,13.3,3,1,2
98754,36f7180e-dae9-47be-84bc-1da611e90f98,0.518,11.2,3,0,2
98755,66e47ae5-8209-4ccb-8cb9-a8f3af679200,0.362,4.0,4,0,2
98758,171bfcf3-3876-4e01-8be5-b622876359dc,0.532,2.8,2,1,2
98761,0a31fba8-0fbc-4c48-a2e7-6c72b4405cc9,0.219,8.9,5,0,2
98769,38b51f88-08dc-431d-a149-10462e4411ee,0.229,4.9,5,0,2
98772,298aaeb9-575a-4b90-860e-80a295557967,0.331,9.2,4,0,2
98784,3d6dfe05-cab3-4982-b5e7-3319111ada60,0.583,91.7,3,1,2
98785,868b8090-8ee0-4f74-9d66-60e1fbb798cb,0.452,12.7,3,1,2
98787,82dc4ca9-fdb6-4d97-9296-d8479cf30c3c,0.357,46.3,4,1,2
98788,deab2f40-ed3f-4709-bf87-de4e910892d0,0.366,40.3,3,1,2
98789,99a63f1d-5d07-4211-b10b-aaf36dee25b2,1.000,6.9,1,1,2
98790,0c5cb914-30a5-4c61-a600-775393c3588a,0.501,2.0,3,0,2
98791,6b75f93f-be4e-4ba0-979a-c39a6e041bb3,0.842,17.6,3,0,2
98792,5489cedb-2b14-4fbd-b9b6-5c498ac1ae9a,0.437,16.0,3,0,2
98793,56fae1e0-cc26-4317-89ab-1a3e73bdd86e,0.567,15.9,2,1,2
98794,59e1de67-6cea-4e88-9cfb-6310ee4ebfd0,0.418,35.6,3,1,2
98796,91e71ae2-bea2-4854-ba60-173e06cbd668,0.293,281.2,2,1,2
98797,c6950cb2-5b6e-443b-87af-f0aaf2cd8c20,0.478,87.0,3,1,2
98798,491b6db4-c319-4111-9deb-c5f8235421d8,0.318,3.7,4,1,2
98799,f4da0809-00f0-4611-aa1f-564d7a78fda9,0.331,23.2,3,0,2
98800,4ee120d6-df6d-45c5-ad8f-963767bdfe23,0.033,476.2,2,1,2
98801,18227aeb-3bd8-4861-b752-f301fca8db06,0.332,4.8,6,1,2
98802,8039df18-4a92-4dd0-a53d-e384cf326720,0.365,22.2,6,0,2
98803,a66dbf47-28be-49ba-a1a3-14fdb9dfc0db,0.770,8.9,4,1,2
98804,009cd280-9996-4383-adfb-b4f05d733cef,0.340,133.7,3,1,2
98805,d04949bc-005f-4621-8f51-d50268763289,0.496,5.8,4,0,2
98806,3621f779-5731-4f68-8097-18c6e6c29747,1.000,22.2,1,1,2
98807,fec3f3d4-afc4-4a73-81c8-ec006c7e2521,0.688,5.9,3,1,2
98808,73fbc8bc-8a9c-42c1-8891-3c70fa659f57,0.343,2.2,4,0,2
98809,379709a8-7590-41d5-aa1c-61c8b801459a,0.703,20.6,4,1,2
98810,3bed4c9c-995c-44e3-8b2f-4ec3f375e95c,0.269,8.9,5,1,2
98811,aa163e90-b143-4113-ab1c-6b894df0326a,1.000,456.4,1,1,2
98812,22051a2f-129c-4b93-8bb1-b2af5891cf3c,0.491,0.3,3,0,2
98813,7db3bc5e-0fef-4641-9984-48e64d3c2dbf,0.438,9.8,3,1,2
98814,377023a9-6ddc-4fd5-a865-3dc055f0c50c,1.000,4.5,1,1,2
98817,4e14aff1-1be4-4f1f-9c0e-718479035987,0.286,17.1,8,0,2
98818,20b16a69-a63a-4025-8914-9c2f626a36a7,0.157,3.4,10,1,2
98819,7ba51515-9ab2-42b9-952a-edb7ea0f7d4c,0.183,2.5,7,0,2
98820,dc9a34e4-e2df-4248-b74f-51df99b62afb,0.360,4.8,4,1,2
98821,7b7836f9-4873-4916-9c16-e1741911ec7f,1.000,244.4,1,1,2
98823,1ef2eb5e-db3e-47a9-8bfd-f56f497dc420,1.000,147.2,1,1,2
98824,c254932c-20eb-441e-b9c5-27773305dc05,0.341,2.4,5,0,2
98825,af264653-65af-4323-88e0-beb7c4bb7f2d,0.498,137.5,2,1,2
98826,46ac3f1e-18b5-4b27-ac4a-b17961c9e989,0.475,14.6,3,1,2
98828,934635c1-2cf6-42bf-a85c-6b2003efc878,0.292,83.3,4,1,2
98829,39c2fdcc-e3f7-4ae3-bbb0-423af7fa5573,0.304,3.0,4,0,2
98830,31d59828-66e1-400b-8329-738da4e13ea7,0.364,20.2,6,0,2
98832,d9d52c06-9291-41d1-9613-4a359efad5c6,0.178,35.6,6,1,2
98833,14557ac0-edc4-4147-80eb-4bbdb080b57f,0.167,3.7,7,1,2
98834,09824c5e-0e8e-470c-b7a5-313c79a53aff,0.312,5.8,4,1,2
98835,1cb9e154-9575-42eb-82d0-16e6734144e4,1.000,34.6,1,1,2
98836,928da199-9fbb-4827-9b42-fad4a911b5d2,0.695,5.4,2,1,2
98837,c7e6253d-7112-4a0b-b086-30dd08cf463e,0.502,42.6,2,1,2
98839,45ccdcbf-d090-4424-867c-92baf077ce22,0.939,25.6,4,1,2
98840,47e9dda6-42a7-4a31-ae7b-c4e250d78e46,0.496,16.0,5,0,2
98841,5e71d545-06d9-4aaf-873e-432f04df92c4,1.000,31.0,1,1,2
98842,330e4da7-0a2b-4ae9-810f-dbae1dbe963d,0.331,24.9,3,1,2
98844,4a172263-c737-49c7-8d01-2eac041d8925,0.475,9.6,3,1,2
98845,0f6f2722-5789-49ac-affb-b1d67ad8594e,0.280,1.9,4,1,2
98846,10ffcbc5-2b09-477b-b658-731ae35832a2,0.407,16.7,4,0,2
98847,43e61c1a-7f48-48a9-94bb-42ff13e862c1,0.406,4.8,4,0,2
98848,86c9553b-38e6-478a-b8d9-9e40f2530c1d,0.632,14.8,3,1,2
98851,f06e56bb-d7c9-4507-8d7b-713f97770a81,0.353,22.4,5,1,2
98852,2e8a07ed-ce1a-48ff-85ed-bf609b68b7d2,0.463,1.8,4,1,2
98853,d5312cc9-b20e-4d6d-ad02-640887cb3421,0.323,6.0,5,1,2
98854,73ca69e3-fe5c-440b-9266-c11de1dfb584,0.152,17.0,8,0,2
98855,b28898a2-c0a5-4796-a206-72c7ac42d521,0.320,2.6,4,1,2
98856,14dbd34f-ced4-45fb-a066-a8d485579583,0.347,0.3,3,1,2
98857,69c95a8a-fff4-41b3-a487-52c2103b18f7,0.510,15.4,2,0,2
98858,a197d15a-df4a-4303-ac8d-13f73013051d,0.508,26.7,3,1,2
98861,a5556f90-b0e8-4309-915e-aa4a9d82bf5f,0.323,10.7,4,1,2
98862,7d7043d4-9184-4604-91c2-4437ac0f7e9f,0.270,8.7,4,1,2
98863,da353d4b-5f99-41c3-8f2a-b6068ad88d58,0.695,8.6,2,1,2
98864,d6ded684-051b-41ae-84ad-e37613daeed5,0.406,51.8,3,0,2
98865,c3eaf04b-fa0f-47bd-b1f0-bafeb928c52a,0.729,1.1,2,0,2
98866,e9881176-1306-44d5-8c1e-f2ae27acedac,0.346,8.4,4,0,2
98868,e6063693-0a4d-439b-ba22-477b1361cf67,0.504,16.4,2,1,2
98869,472ac6f2-e674-4e32-9e1c-7909bbb716ae,0.094,200.6,6,0,2
98870,fc0a19cc-ab26-442b-ae35-5ca22b2fbba9,0.356,6.6,9,1,2
98871,5e29d62b-f5c1-4eb1-a040-a229e8547a39,0.263,26.5,9,0,2
98872,bbccc990-8a63-487d-9f97-ccece75a7a12,0.298,7.5,5,0,2
98873,52d34ae1-b290-4067-b3ed-fb61aa6b6069,1.000,8.8,1,1,2
98874,02339263-be9e-4a3f-b42d-71a7d86695e1,0.982,26.9,2,1,2
98876,68fe0220-ede8-4543-9b8b-edc42f779af6,0.817,2.1,3,1,2
98878,8888cff2-08af-4c5a-a75a-a61fd539f80a,0.579,3.4,3,1,2
98879,89921c48-3bce-44f8-8754-62f205ff7cbe,0.682,2.6,2,1,2
98885,4d5a0a21-9745-44c5-a00c-aaa000582668,0.436,25.5,3,1,2
98888,cd48d85a-5e2d-40c0-907d-13bed4fb2587,0.263,1.7,5,1,2
98891,305e2fcf-2f6f-4ea0-a427-fd8704838188,0.534,9.2,2,1,2
98894,cee2d4a1-f691-447e-997d-6c430499d3cd,0.535,16.8,2,1,2
98897,098e6df9-0dbb-4dfc-b504-6088fe2b546e,0.392,7.4,3,1,2
98898,90782e38-1f1e-4eab-a7f3-d19bf6316438,0.263,0.3,4,0,2
98901,83f08c52-8525-4adb-84c1-c8786ba0bcfb,0.328,11.6,5,1,2
98902,f750dc34-c949-4cd8-be56-ebd00276a263,0.284,7.2,5,1,2
98903,41983373-ff5a-4473-b490-92afef90d77b,0.746,17.5,2,1,2
98906,f32e5563-24b6-4898-b8b3-4dfca39c018c,0.375,1.8,5,1,2
98907,b69b58f6-6196-437f-8b7a-a57b7cdbf71e,0.412,45.4,3,1,2
98910,2482362f-e60d-4043-ac0b-9882ba3bbee5,0.554,21.0,3,0,2
98911,ca4ad160-55cb-4e59-b7ee-910147946ee2,0.507,4.7,2,1,2
98917,1c9f4c55-ff4a-456d-b706-66fd4e80252f,0.364,2.7,4,0,2
98918,bdefc753-0141-4f4b-a6c4-294a7cf0c93a,0.935,10.4,2,1,2
98921,0011eb2f-c360-4c49-bee1-97747dd2e847,0.341,14.7,3,1,2
98924,821ef0d7-2ea9-4537-bd51-901dae567192,1.000,1.7,1,1,2
98925,e7e550af-5962-4849-9abc-2a74274ea75e,1.000,8.4,1,1,2
98928,d1782df5-c319-414d-8cca-963e6d00c206,0.368,6.8,3,1,2
98929,176e5ff3-7ad6-4856-86e4-df5e46bf8aac,0.345,2.1,3,1,2
98930,671020bb-83b0-4c58-9f01-156df40ef451,1.000,3.6,1,1,2
98933,afc44782-5460-46bb-ae4c-cb4bf7e796d5,0.794,39.5,3,0,2
98936,75b060cb-ff53-4e3e-aa9b-b0a5cf2ca6bd,0.317,4.9,5,1,2
98937,045e3621-24c6-4600-be9a-e7ccbd2f01dd,0.512,26.5,2,1,2
98940,59e72019-2f95-4bde-b8cb-09a6d35de473,0.468,6.2,3,0,2
98943,2df0e3ab-736f-4cc9-b325-dfbb086eb48f,1.000,23.8,1,1,2
98945,77dd8617-aaf4-475c-b346-9990f887ef81,1.000,11.1,1,0,2
98948,156bce37-5470-4e3d-b914-2b06b362efa2,1.000,8.4,1,1,2
98951,b72812c3-fc34-4332-8fdf-a6b21f9709ce,0.571,27.3,5,0,2
98953,92648180-def3-4fbc-a0d4-9cf869a7e23b,0.490,39.3,4,1,2
98955,d4f91b6d-a9cf-4c53-ad82-09239979cb6d,0.211,14.6,5,1,2
98956,07c8a420-d75c-491c-b665-937219106044,0.548,13.3,2,0,2
98957,8fb68f91-ec37-443d-8a36-d9fe0998413c,0.498,29.9,3,0,2
98958,dddfb03a-8045-4950-b2ce-942bf7905e52,0.519,56.6,2,1,2
98959,c886bfd9-9f44-48c7-ae5b-a39694dc276b,0.510,8.0,2,0,2
98960,4bf5924e-5291-4a34-8695-181ff73c85b3,0.337,17.7,3,0,2
98961,4a45c8f6-14bf-429c-9d89-4e68ad20e625,1.000,0.1,1,1,2
98962,02401c5a-8c8e-463f-b4fe-0fe326bdbf52,1.000,82.3,1,1,2
98964,cb9f9560-1ae6-418a-9589-a3bb100acf60,1.000,137.7,1,1,2
98965,bf3ca1b3-a431-4355-b39d-654161d1a8b4,0.424,10.0,3,1,2
98966,574cd8e9-7bfd-45cf-ba5d-0e132b0026e5,0.293,8.1,5,0,2
98967,a245b222-d367-4a97-b862-a516179a05cb,0.578,1.6,2,1,2
98968,a17b74d6-3f16-4e79-bd73-3b8f7f2f246d,0.469,49.6,5,1,2
98970,c52cf06a-d5fd-4ba1-b49b-98bfb9a028b4,0.498,130.6,4,1,2
98971,dd85fc73-25e2-490c-90ba-1a8d1726c3f7,0.337,12.3,5,0,2
98973,c98b106e-a751-417a-bea5-129142fdfcc1,0.854,36.3,2,1,2
98974,a12ef3fc-1942-4203-9cd1-d94a84ee0d7a,0.467,9.4,3,1,2
98976,5eced584-64e6-4c4e-9c53-4aee937717f2,0.420,34.6,6,1,2
98977,f8941a64-82c1-4016-b4f6-71d17d3efedc,0.353,14.4,7,1,2
98978,1721c935-a2cc-463b-9427-d9a1d21f5e0e,0.781,8.3,3,0,2
98979,4c5151f6-154f-4d5d-b96c-7b2a531afd29,0.289,2.6,7,1,2
98980,355e0795-9b74-42ca-9f42-4f83eb920bcc,0.282,21.5,6,1,2
98981,b91a57ed-9316-473a-9d8f-d4da7673bead,0.340,26.3,4,1,2
98982,08e1d5f4-17d1-4f52-8033-9123b54d620b,0.280,82.4,4,1,2
98983,9ea82488-9481-4507-b832-892e42b49cdc,0.501,0.3,2,1,2
98984,cc730e45-34e8-4f94-b588-382ade770d2e,0.003,566.0,5,1,2
98985,56e9d289-e646-4246-b925-e1913aeb9544,0.340,9.9,6,1,2
98986,816d8a3d-0597-42a3-b791-c6a1abe6cf3b,0.566,64.1,4,0,2
98989,fdd3837b-40cd-4dd2-9c63-442de80ec6cc,0.170,14.6,7,0,2
98990,46130ab6-fd0d-44eb-8815-06065e02387d,0.412,12.3,4,1,2
98991,b254abbf-885e-4525-bade-0fc0d4f7d1a6,0.170,1.5,7,1,2
98992,acb3bf48-7dcc-435a-a55d-0f589d38ad6b,0.379,4.8,7,1,2
98993,f2ebfd5f-1e27-4638-a756-0b5e828a3098,0.393,176.4,4,1,2
98994,6764e741-9561-4a18-b2ca-01df172ef007,0.175,154.5,4,1,2
98995,fc1320e3-b0fa-4239-8e7e-4aa20ccfab10,0.549,27.8,3,0,2
98997,b01ad9b7-d7e0-4c33-87f7-7ecfc5a2fb09,0.502,1.4,2,1,2
98998,853752a2-f2b4-49c6-9a1e-fd312befd92f,0.280,83.7,6,1,2
98999,cbb7591a-2e8a-4bb8-8f10-4fd4f840ffef,0.439,52.3,4,0,2
99000,48729e7d-5d80-4c73-a2d7-363a6930c56a,0.227,0.4,7,1,2
99001,b2657d71-7825-4b3f-94cd-ad2c2af77956,0.272,4.6,4,1,2
99008,7d453613-d4bf-4968-b93c-c983f55e37c5,0.417,22.0,4,1,2
99009,e6fb2557-10c9-40f4-b0e3-984b6d779fce,0.505,38.6,2,1,2
99010,6a1a7751-c48c-4274-8536-1c0442dcd997,0.349,0.2,3,1,2
99013,3cf96754-1316-43dc-a041-539b49160815,0.478,16.2,3,0,2
99016,ac0aad0e-e71d-426b-9989-3094ba89c188,0.531,13.3,4,0,2
99017,33b55442-9cb8-47f2-812b-430f61c08c6a,0.407,22.8,4,1,2
99020,7a0b7311-8362-49c6-9264-2591435ddb94,0.683,2.5,2,1,2
99021,b76bd0f0-e284-42af-9773-02e83b67be62,0.571,0.5,2,1,2
99024,d0173e08-30d2-4e20-8632-fbb8a6be8ddc,0.472,2.7,3,1,2
99025,6e6812b0-d2f2-4cfe-bccf-3be17ba96b9d,0.524,13.0,2,1,2
99028,a014bd28-320e-4478-8671-eb634912c5fe,0.630,4.7,2,1,2
99031,77b9e5b4-1082-43dc-a4bb-2de75ac751d6,0.401,13.8,4,1,2
99034,e21fe9c0-9746-4377-b732-f20c76c2fff2,1.000,1.3,1,1,2
99035,88f461f7-53a8-44ae-b88d-dfe522cdbb37,0.337,24.4,3,0,2
99038,a0e428ec-75bc-4625-b15e-54d3b34955af,0.285,12.5,4,0,2
99041,1e3b2e8b-f22e-4269-aa3d-e303d45c6204,0.674,32.9,2,1,2
99042,970ce67f-fd50-43ca-81c2-91ce9784bf7f,0.503,1.2,2,1,2
99045,cbfbc547-bba2-47a0-b4de-47b98078e4c4,0.299,31.1,4,1,2
99046,6c986607-bed9-4a41-89e1-014ff2c582fb,0.218,4.0,5,0,2
99048,74b63fab-c215-49f2-93e3-07835c5e70c0,0.341,11.1,5,1,2
99049,b74ae5c1-7918-45cf-81fd-d4bbe0d5f602,0.290,12.8,5,0,2
99050,3c70d31b-1ea2-470b-a256-e0ef73104380,0.265,3.1,5,0,2
99051,6911adcc-ee0a-41d8-9993-56b020d433ff,0.201,9.2,6,0,2
99052,4d8e5ee6-e9a7-4749-adab-c305162f96bc,0.266,0.7,4,1,2
99053,7524aea2-ac1a-4df6-8272-851683deb188,0.889,46.3,2,1,2
99054,cebd8846-7fdf-4c10-8f84-849035012751,1.000,46.5,1,1,2
99055,6c00e9f0-c2ba-41fc-97cf-df7f19cb963b,0.335,28.8,3,1,2
99056,4edbe652-6b2f-401d-a0b4-dcc7c52f46ab,0.517,29.2,4,0,2
99057,d43ec5b6-91d9-4eb0-b09d-01d55f29f403,0.338,10.1,3,1,2
99058,ce8b8fad-491b-4853-b9f0-68ddfa35e39b,0.337,9.3,3,0,2
99060,644453a8-b8d3-49cc-967b-990d9d2ce5db,0.105,153.8,6,1,2
99061,7d51e309-e00c-4300-b056-6bf7d39ea828,0.311,0.0,4,0,2
99062,09e77b29-218b-4ea5-bd5b-f22e1a47f772,0.010,592.7,2,1,2
99063,cd5fb6be-1c21-4a81-9d8a-5b8c881a3ff4,0.500,0.3,3,0,2
99064,c999a47d-fefc-457f-b679-2537b50b31c3,0.660,9.9,2,1,2
99065,d443831b-248b-42bb-9790-d5fbba1f392f,0.897,26.1,2,1,2
99066,9e12e5a8-fd13-471f-92b0-b58fbc39af34,0.538,4.5,2,1,2
99067,ad960b18-f82b-43d2-99dd-2be218e0ebeb,1.000,14.2,1,1,2
99068,a375d64b-20e5-4dc1-baf9-1ca6378356f0,0.500,10.7,2,1,2
99069,f51c4729-67e1-41c6-9fd0-8209fde4ba7d,0.492,18.9,3,0,2
99070,e6d96315-4a47-4a67-b2d3-e60744add0fc,0.259,2.8,4,1,2
99071,4afda069-7ecd-4db1-9b32-7556a222b631,0.572,7.1,4,1,2
99072,59e7efc9-7e53-4bc1-97e6-b079328a8f1e,0.400,15.0,4,1,2
99073,83b96e50-c2fa-40e9-a8ff-4a9e2627edc1,0.122,102.0,6,0,2
99074,b5eef11b-28ec-4f05-bc5c-bf7e9e4e35c5,0.233,2.7,8,1,2
99075,c70a61a8-d8cc-466d-8af5-c6586a6ede85,0.281,12.2,5,1,2
99079,6cc6d827-19ad-48d0-bc63-3bc9d2a23c97,0.447,15.1,3,1,2
99080,65e37517-7766-48a0-88d3-ec38df036656,0.524,8.2,2,1,2
99081,613cb7a7-049f-4f3c-8abd-791c98ac981f,0.335,67.4,3,1,2
99082,9b32bdae-4603-4e47-88d6-f9c07c51949c,0.322,6.3,4,0,2
99083,9a082bdf-0138-4dc6-9fdd-24ec3a5eccb6,0.696,77.6,2,0,2
99084,f859f468-aee1-4c63-bd1f-de3c6d1b5a65,0.325,5.8,4,1,2
99085,11e50244-4906-49f5-ba6e-a210ab4d26f8,0.421,152.5,2,1,2
99086,e71dcc38-c0a3-4b27-8bae-97a28e6c6593,0.249,7.0,6,0,2
99087,76ecf126-d0e9-4fb7-9a61-ceb95cb04e8d,0.213,27.0,5,1,2
99088,0ea11e71-3e6d-46ee-b90a-fbc23a5e04a9,0.666,61.7,3,1,2
99089,bd93df34-6fb2-494d-8313-988a8adefefa,0.211,110.2,4,1,2
99090,c91924b4-2545-4e35-bb8d-eca9285c42e3,0.270,15.1,5,1,2
99091,ff7d324e-bab5-4256-8c24-9d728586b939,0.327,4.7,5,0,2
99092,4c065249-d389-4507-ae06-9230986ea487,0.257,21.5,4,0,2
99093,1e8463e0-50da-4f5d-a48d-56886c4fe390,0.341,7.6,5,1,2
99094,5710ed04-f4ae-4a4b-b8cb-b955b018683f,0.249,9.3,6,1,2
99095,314a0c7c-414a-46e9-8f99-6bcdad729fac,0.431,15.8,3,1,2
99096,a9995c5e-8cf6-49ff-9029-b790923a66f8,0.220,10.7,10,1,2
99097,95a8dcec-2f51-4c46-b5ea-39ee398b4f9a,0.159,24.3,10,1,2
99098,5e2ec894-c6db-4ee6-9b37-b027e1e9798c,0.107,3.6,11,1,2
99099,c871eb6a-1d70-456d-b5dc-64bf863681f5,0.117,3.1,10,1,2
99100,def88127-eb2d-42b4-a090-7e292dda75a7,0.232,1.8,6,1,2
99101,1476b6d9-4aec-4185-bf48-4a25a62c0dbc,0.517,8.1,2,0,2
99102,bafa51e2-2bc6-4390-b895-f259873edaf4,0.256,1.2,6,0,2
99103,d3f843ab-4b10-4142-b98d-9f7ae1b40ec5,0.241,97.2,5,1,2
99104,5f421d35-e16a-419a-ac3d-da95aed1a485,0.220,12.8,7,1,2
99106,ac0e440f-ad9d-4a34-8b5e-d0ce44045c35,0.292,1.3,5,1,2
99107,df99c6bb-8511-4517-ad31-4b69580e4da5,0.671,7.9,2,1,2
99110,dbc30c34-929a-40dd-874d-f3aa56b66c3c,0.856,51.0,4,1,2
99111,e84632b3-83ca-4309-bd9b-cad76bb2d9f9,0.250,11.2,8,0,2
99112,00b0dbf7-37e8-4659-8f58-be66ff8ce1bf,0.229,2.6,5,1,2
99113,e8770ebf-1e80-4a81-93bf-97904a3b1612,0.526,31.4,3,0,2
99114,5da7b6ec-a031-45e8-87a3-84af4672ef55,0.907,13.6,2,0,2
99115,c4f9f3b3-77f3-403f-b860-453936ad69be,0.348,2.0,3,1,2
99116,dcd778fd-7f63-44fd-ab72-f791abc58318,0.316,11.1,5,1,2
99117,bcb601a6-ba39-43bd-a4f8-8e5960fcbd83,0.311,4.0,5,1,2
99118,3c030c64-6fc3-41f1-9aaf-78e175d3ebec,0.503,0.6,2,1,2
99119,6c05045b-1e00-4472-8268-d814a75703c5,0.219,5.3,6,0,2
99121,19277041-af55-472f-abe8-e8f03d021629,0.254,2.3,4,1,2
99122,d6d5742a-b616-4e88-b9a9-8223d27ba57e,0.435,25.6,3,1,2
99123,2d27af19-1a15-4daa-894c-f4bddecd7765,0.331,40.9,4,1,2
99124,40c6c1c2-9bc3-4cc4-97cf-9f563ebf3a4d,0.319,4.8,5,0,2
99125,650b69e0-4e84-4186-ba02-d8b60fb02e36,0.469,17.3,3,0,2
99126,0c7f7a82-4673-4016-9483-a0c4ef80068b,0.200,13.4,7,1,2
99128,a333b522-20a5-400c-bcdb-6bc5ff9bc5d1,0.489,122.4,2,1,2
99129,63c4678d-0a49-4e38-b60d-b932f950ac7b,0.511,14.4,2,1,2
99130,3786d3eb-4217-4047-8b38-8d68e790ce27,0.507,6.0,2,1,2
99131,f418cef3-33cd-438a-8dda-b65d3f23138b,0.403,5.5,4,0,2
99132,f41d9afe-58a6-4550-bfb8-6ab03ab8b282,0.640,6.3,3,1,2
99133,4e95f4af-472a-4afc-9aea-965cc25a1141,0.988,4.9,2,0,2
99134,d383f244-e525-4e22-ac8f-946d8caeac0e,0.375,4.6,4,0,2
99135,d39ff06c-d23b-4605-a2f8-eef48d18a706,0.874,5.8,2,1,2
99137,6c397d31-d235-49d6-947e-74cd7669e187,0.415,18.9,3,0,2
99138,e41c25d5-f072-4d10-8e9d-4bcda1f08071,0.467,7.1,3,1,2
99139,434eae92-dbe6-4264-939d-3d513db946c1,0.377,5.9,4,1,2
99140,23fb9ea4-4b92-459d-85fa-23e396b21ea0,0.301,28.4,4,1,2
99146,aaf8bbea-3ba3-4111-9d45-f61fbd6ba7d5,0.501,7.0,2,0,2
99147,913196b3-55a7-495e-b994-048c5eca2e04,0.505,15.1,2,1,2
99150,f2bb5438-e71f-4780-8d5f-593eb71dae4f,0.478,23.9,4,0,2
99153,9e9dc55c-c191-4349-957f-8cb49234bf03,0.242,3.8,7,0,2
99156,6c6a0dcc-5623-49c5-b2fe-91095c1e6d02,0.756,4.8,2,1,2
99157,fc010475-8900-4966-a48c-4fa6fd70793a,0.824,110.7,2,0,2
99160,9a485c5b-25f8-4e28-9478-077abcad0c88,0.938,4.3,2,1,2
99161,7c67872d-24ed-4a87-953e-6252f1240a48,0.653,19.8,2,0,2
99164,2b5dad5a-68ff-447c-a59b-e56212301db0,0.330,1.6,5,0,2
99165,adf49e54-58f2-46c8-bd79-f9572237336f,0.510,7.3,3,1,2
99168,fef22ff9-041e-4869-bc61-c8eaefbf94f7,0.247,23.6,6,0,2
99171,7a87d617-21c6-4e27-8403-da2f677f1db7,0.501,2.5,2,1,2
99174,8f283e09-8b8c-49fc-9943-b5e6cc3bd4a7,0.811,7.0,3,1,2
99175,09830a4b-dedd-441f-adf1-226fcfb0303e,0.587,57.5,3,0,2
99180,d723dbd2-a76f-4849-b48c-6dba5881c33a,0.587,6.1,2,1,2
99183,750e4739-9a05-4aa4-8901-691a3e16d0ba,0.230,2.8,6,1,2
99186,1ead3357-8643-4077-8254-8b0a2cb0aeb3,0.986,86.5,3,1,2
99187,0b9c3de7-d588-4b32-8ef6-52576e4bcc13,0.505,6.6,4,0,2
99188,7d504bee-9260-4644-93b8-ec76e0e77b82,0.423,0.9,5,0,2
99189,7c189089-0b17-40a4-b58d-63809ed3154a,0.144,3.1,8,0,2
99191,d47c929a-b194-4cef-904e-bd603f639824,0.703,13.6,3,0,2
99192,9536853f-4660-41eb-93b6-4896a97e867d,0.339,34.9,4,1,2
99195,a9c73d6f-1220-4cd4-adf5-4871d88bc1bb,0.286,0.1,4,1,2
99198,9faed39f-66b2-4e19-af68-f30bac13b72d,0.510,0.4,3,1,2
99199,4a28deda-f0b7-4002-a4ae-5a1753990cab,0.431,140.4,5,1,2
99200,4304dc95-0bbb-4388-a3a2-2f4bbd8d494a,0.328,9.4,7,0,2
99201,8289bb95-b168-4394-bacd-194da415e8a1,0.449,4.3,5,1,2
99204,bdbf6bf0-7747-4dca-9eff-1429b47a7cde,0.257,55.2,6,1,2
99205,60a09ac0-363d-4276-b8dd-0728d0641ddc,0.429,2.1,6,1,2
99206,78669770-b2f8-42f2-a2a0-dd3cbc655558,0.641,4.7,5,1,2
99212,c503a895-8c93-4640-9f1f-a9c4298b26b3,1.000,20.9,1,1,2
99215,4af4511b-87c8-4638-bffa-4de8c75d0038,0.148,1.2,9,1,2
99218,2255471a-a0ab-4d79-a81f-3f59e7dfe86e,0.343,4.1,4,0,2
99221,e8c47eae-f9c0-416a-9752-c4591267681c,0.433,22.2,4,1,2
99222,30a05387-9ccc-493e-ad4a-d75a917faf78,0.109,300.2,2,1,2
99223,e1abbd95-7337-494a-b091-0d66a1618e34,0.249,16.4,7,0,2
99224,eb31241c-22cf-4999-97a6-4c5325ec961f,0.177,4.5,9,0,2
99225,d693eac3-a8d7-4de4-b624-543c4cf15997,0.328,3.5,5,1,2
99228,1d18edd5-2b11-4357-90b0-91001f57acf3,0.235,103.8,4,0,2
99229,edafe30e-0f28-4972-aa54-75b752c92647,0.247,3.5,5,0,2
99232,9479961f-6d2c-45bb-8cf5-8a7c1e2ec1a0,0.997,134.5,3,1,2
99235,aaa95c2c-9067-48ef-9ce9-9695bd713ea9,0.299,5.8,8,0,2
99238,e3c672cc-bf23-4914-a52b-d2b98bce7d02,0.411,44.8,6,1,2
99239,01f987cf-689c-485d-800a-2f8d81d71295,0.318,14.7,6,0,2
99242,c3be5185-0313-47ba-a81f-dad6fe7dc6dc,0.304,16.9,4,1,2
99248,0cc3d337-4995-4074-b2c4-5ed50cf1bcc6,0.451,4.4,3,1,2
99252,96e791d8-e310-4186-ad6b-5c07388f7f26,0.415,9.2,5,1,2
99255,5952f522-3edd-4bf7-afd6-21a918a8b5ec,0.715,38.3,5,1,2
99258,40608e83-65a6-4bbf-ab87-568d5004fbff,0.347,0.2,4,1,2
99261,88d7a67d-b8f4-48c0-9a33-3c2c73d0fce1,0.631,14.7,5,1,2
99262,bde56970-d9c6-45f3-81b8-e76f02a120ab,0.201,81.6,6,1,2
99263,b7cbc8ee-9ec5-45f0-a6b2-72e252db548b,0.178,0.4,7,1,2
99266,dc2345a9-6d30-4e3f-b4ba-6c92b1e47b56,1.000,19.4,1,0,2
99270,ab85da17-4987-4826-bd38-168c240f8d37,0.374,10.6,5,1,2
99273,6a242955-1cd2-4490-836f-8c3641eaad77,0.021,377.5,4,1,2
99274,73f5920c-8a96-4c10-857e-41bf9583ce16,0.955,3.2,4,1,2
99277,dfdc127b-3a59-4a53-8ac4-f167475fb0ca,0.333,12.6,4,1,2
99280,7d8416dd-608e-4207-a65c-58fc604fded3,0.985,20.7,2,1,2
99283,01d2ed69-2956-4871-ae6f-77b82e3f2841,0.452,0.2,5,0,2
99287,11f84b35-79ba-4686-84af-538e3bb33aa6,0.161,3.0,7,0,2
99289,fb9e008f-bf2b-4c07-b253-198f82db9ea0,0.029,452.0,3,1,2
99290,140f6734-9e89-4ec9-bcb2-796607738474,0.941,97.2,3,1,2
99291,3af85f83-28c9-4477-a693-acb0cde555ab,0.912,2.7,3,1,2
99294,d5057c52-549b-43fc-951f-effc84a5431a,0.163,32.8,9,1,2
99295,0178684a-eea7-4baf-aa70-28a019faebe4,0.321,22.7,5,1,2
99298,129d7304-d0f1-4828-9d4f-0eddcd0d5297,0.500,17.9,6,1,2
99299,d61cce8e-4744-4faf-9199-704480631ae6,0.652,4.2,5,1,2
99300,d9418df4-7997-4904-8970-2176863ab6c8,0.814,23.4,4,0,2
99303,68d6a2d1-cc41-4e06-9d76-ae6ae8049044,0.371,5.3,4,1,2
99306,26f1c100-9144-4a75-b991-bf750ca40b3c,0.116,236.7,3,1,2
99307,9ee7452a-1254-4406-bbd8-0330ebb39453,0.348,12.2,6,1,2
99311,f867d960-3f6b-4c53-9aa6-c2901b6dc49b,0.502,49.6,2,0,2
99314,b6fa0986-7704-4bdf-a414-cb0c556513a5,0.350,0.6,5,0,2
99317,5d1f4fec-29d0-4675-93a6-74aff125de9a,0.760,20.6,5,0,2
99318,d5c39d20-61c7-49be-a430-5f40875ee560,0.254,0.3,6,0,2
99321,1a3f94cb-5c65-4705-9e69-c2aea3ce0942,0.995,23.1,2,1,2
99324,348f901b-f1fd-44c9-8aa8-8c064f03920b,0.280,5.9,5,0,2
99325,6561405f-a1ce-4c98-938e-a2657719979a,0.233,70.3,4,1,2
99328,2844a6b2-a7e2-447a-a01c-3515173e8248,1.000,19.9,1,1,2
99331,7b3556ec-31d2-40dd-9cec-078569888ea6,0.176,17.7,7,0,2
99337,fe99ac67-07ae-4458-be63-867b372c3409,0.524,7.0,2,1,2
99340,34417967-65ac-4ca9-b449-b7700c2402ad,0.505,7.4,2,0,2
99343,d0ee6520-9e55-4f83-9a88-a6344e54283b,0.244,13.4,6,0,2
99346,afc9c927-9de4-4276-a1b6-83dac0ae8912,0.956,4.8,2,1,2
99349,95f3ca91-e41f-4ac5-8446-72dd8b726152,0.422,0.7,5,0,2
99350,7b276094-7777-4c41-8c86-fb6dcb8cc50f,0.365,5.2,4,1,2
99351,81f0c6cb-247c-40f0-87a6-72ce805a96f4,0.554,23.9,3,1,2
99352,dee04686-0be8-4acb-8c14-9cbd08b36f26,0.432,7.4,3,1,2
99361,2e4d4f6e-d174-468f-9ae1-c1a570c06c0b,0.421,1.6,3,1,2
99364,3a128498-241b-4577-bd87-9fa614f6614d,0.507,18.8,2,1,2
99367,13222907-6b7d-45b8-b4b1-1ba327dd8840,0.801,29.3,2,1,2
99368,f258603b-527b-42c9-81a8-8c5afb305929,0.990,28.7,2,1,2
99371,16dd9c13-0a47-4473-8410-8b7c96c2568e,0.378,5.2,4,0,2
99372,21b8a78d-b75c-401c-973e-18ad828f8d8b,0.459,6.1,3,1,2
99373,a4ddf73e-2ed5-4062-ba10-3b490eab08cf,0.508,15.4,2,0,2
99377,f4ce3599-5f30-4b2a-8eb4-ae3377f28080,0.504,18.4,3,0,2
99378,9c654d43-3521-49d0-a4df-269626758614,0.513,24.3,3,1,2
99381,47b1dd24-2449-461b-bc38-07cbb8b68aae,0.079,433.2,2,1,2
99382,1a953382-8137-42b9-9e40-64d61439d2bc,0.921,31.7,2,1,2
99387,0e54d137-b0a0-426e-b1b3-6ae21834fe88,0.360,14.4,3,0,2
99388,94c7c1be-0b01-432f-b7bc-71b57587480a,0.261,9.0,4,1,2
99391,1f6d15b4-44c1-48fa-a16e-fc5c33618e55,0.194,4.1,6,1,2
99394,b5dd12e4-8d83-47b2-834c-615fe617844e,0.541,9.0,2,1,2
99397,5317b299-0c27-4880-8dd7-24d9b1fff065,0.211,68.5,6,1,2
99398,8dc18c6a-ecea-46c2-9752-bde40c29d8aa,0.207,6.9,8,0,2
99399,d7bd349b-a462-48f4-a2f0-0aedad9fe93a,0.161,1.1,9,0,2
99400,2c654bca-5773-4768-997a-c61a7294ac02,0.301,8.8,5,1,2
99401,3c61e892-e447-43f4-a7b8-70c79d137c94,0.454,0.2,3,1,2
99405,369e5208-94e6-4ea7-9cd2-a784ccacfd2e,0.173,172.0,4,1,2
99406,9f42e165-c6dd-49af-99a1-ee03dc43d911,0.138,2.7,8,0,2
99409,c2bc63c2-89fa-4779-bb9f-74d85e53236c,0.300,73.8,4,1,2
99410,0ff088bb-1b2d-4509-8737-cb3f59e88e75,0.223,1.4,5,0,2
99413,da2e5d3a-0cbc-4140-a579-1854df7f4092,0.435,9.8,4,1,2
99416,a733af1b-2b4e-4689-b253-f7bb98e8dee7,0.402,14.7,5,1,2
99419,b4efc658-8090-49e6-9a0c-538754c42bf1,0.516,32.7,2,1,2
99422,26c657cb-5b0f-4372-b4c9-b7f8b971506d,0.238,190.3,5,0,2
99425,b2d4277a-c76f-4962-838a-fcc423bfcb97,0.406,2.3,6,0,2
99426,59dd06e5-4ee8-4a60-a49c-fab87c3610c5,0.261,12.9,5,1,2
99429,1c9d6185-7d65-4df5-9b90-02942ae6b1b5,0.864,11.3,2,1,2
99430,701f7fb9-7ab6-411e-9cd7-3c29716d752d,0.402,5.3,4,1,2
99431,16adf91e-0598-4a59-9d75-f458d1f7980e,0.861,30.4,2,1,2
99432,d8073c6a-90f7-4e0b-b870-d4d5955ef321,0.640,15.8,2,1,2
99435,31bf2612-44a6-40b8-994e-8c7f7b7b3d19,0.164,138.5,4,1,2
99438,bbdcf9e6-f94f-4f5a-87fb-470630d94a23,0.237,0.1,5,1,2
99441,8271ff06-7314-4a56-944e-4c80102d0467,0.954,16.1,2,1,2
99444,6df5cbbb-988f-467e-85c9-528d40f58254,0.368,25.5,3,1,2
99450,13ff6565-7b0f-4064-9da9-ca73f16b1358,0.311,0.5,5,1,2
99453,692a8c46-324e-434e-909d-78ca4c4b4279,0.347,7.1,6,1,2
99454,d97916dd-39c2-4d2e-a296-8ec79316f7f5,0.312,5.4,7,1,2
99455,d2fe61fd-80db-43fc-b340-9132fa762d80,0.334,27.2,4,0,2
99456,fc8ae0c7-0d9f-444d-9cad-191be1bde188,0.398,11.1,3,1,2
99457,112b34a7-601c-4280-afff-cdd8df4bdb79,0.311,49.1,4,1,2
99460,76274e4f-ccea-449f-becc-d585c87f2f48,0.252,5.1,4,1,2
99463,f05c7de0-ab05-46de-80da-10af7ace4ec4,0.293,59.8,5,1,2
99466,b1132543-1ac4-44e4-b357-3446f72cabea,0.987,40.7,2,0,2
99467,d7f5f82c-c66f-4f5e-bc77-ee85846b72c4,0.336,0.2,4,1,2
99485,6bb1e401-f307-4ee7-9091-6d209fb56cb4,0.382,23.0,4,0,2
99488,365b4503-c75a-4485-8e4c-d0e29bc00bb6,0.785,1.1,3,0,2
99489,152b9d05-b6d8-4568-a6b4-bd758ad0b698,0.585,15.4,4,0,2
99490,dd4e1067-c275-440e-b8c6-48cb0656b1e1,0.495,6.0,4,1,2
99491,1185ceeb-1a04-4486-bf1c-e36320818681,0.336,9.3,3,1,2
99494,af196db3-0e9f-4e4c-b7d0-0ea8358e89e5,0.165,169.3,3,1,2
99495,a9092f12-962f-4f7f-b7b9-3149a4a9be62,0.411,4.8,4,1,2
99496,8f122118-b228-41e8-b064-49472ffca3ed,0.372,12.3,4,1,2
99497,455e2c36-ad59-4569-8095-04150a6bc02a,0.508,17.6,2,1,2
99500,55a7aadd-a4a5-43c0-8769-40f9821333be,0.510,0.4,2,1,2
99503,a8d1a2e6-b861-4f81-8ad7-70fd222196b5,0.220,14.9,5,1,2
99506,1767bcfc-b6b5-480a-91b9-d6d788578436,0.505,13.5,2,1,2
99509,a68bf78b-de6e-4751-88b2-8ab2f6a46930,1.000,4.7,1,1,2
99513,f64c4abb-b646-4664-8379-7ff4c259fa70,0.253,24.1,6,1,2
99515,52f01231-75ae-4716-97a6-a3ca923fc7f1,0.429,19.3,3,1,2
99518,8f4a07ed-2364-4dd8-922a-ff09162b7d0d,1.000,28.8,1,1,2
99519,a2d74f17-bef1-4add-bf42-1004d0181590,0.506,57.8,5,0,2
99520,af42cd56-ac94-4add-ac1b-d5e4021eeebc,0.286,13.4,4,1,2
99521,2b35cf0f-5c2d-4596-a388-265e75a2be54,0.474,4.8,4,1,2
99522,2c72ac45-a932-4790-b314-ae673cdcb9cd,0.509,7.7,2,1,2
99523,a3883e8f-7abb-4db5-a344-5401824b61cb,0.380,12.6,4,0,2
99524,592165d3-6fc0-47ad-9ef6-0d85c04beae0,0.269,12.2,5,1,2
99525,792b9046-5fa1-440d-8bde-0045920f2bfa,0.600,3.9,2,1,2
99526,bd789481-ddbe-416e-895f-c9ff90eb769e,0.781,36.6,4,1,2
99527,01a2eb49-631b-4ce1-80a1-1f1bfce5adc0,0.319,4.6,5,1,2
99528,b4f06d06-d2d9-4459-be41-7d91171d545d,0.317,1.6,6,1,2
99529,2d48cf2d-b5a2-4625-af02-346678177537,0.259,25.3,6,0,2
99531,9fa1915e-4f02-46c1-8778-0cf665e5d452,0.430,24.7,4,1,2
99532,4865cd3e-b681-45f8-b095-187a23722f4b,0.532,8.8,4,0,2
99533,36f358a9-c18f-4dd2-b949-c3cb0317e520,0.346,35.4,4,1,2
99534,aba3d367-b3cc-4988-8b61-c0b78ae49fe4,0.937,1.8,2,1,2
99535,738987ba-9fbd-4160-8a5d-14a16262f6b0,0.425,8.1,3,0,2
99537,6aa4e296-4f54-4ded-9510-3623bafde935,1.000,24.4,1,1,2
99538,835bed39-5c17-4efa-93b6-c1be9106d177,0.350,2.0,3,0,2
99539,045a2cfe-9fdf-4d7f-b3dc-ed79309f7b49,0.334,18.1,4,1,2
99542,a505d670-5ef0-48fa-b3d6-3fbf4ce738f2,0.358,13.2,4,0,2
99549,e6129d34-1fd5-4065-a3e2-ec86faefd97c,0.446,35.9,4,0,2
99552,8c372987-87a6-4949-86e2-18000b62a3a2,0.204,119.6,4,1,2
99553,65e7b28e-ac62-466d-b46d-626d20a83369,0.343,29.9,4,1,2
99554,77dd1e52-47f0-49aa-953b-405a231c69c4,0.347,0.4,4,1,2
99555,d5dfb596-a34f-4933-b658-b14919de29cf,0.333,5.2,4,1,2
99559,0b53ec27-f064-488d-8b74-f1513cb39a64,0.280,7.6,4,0,2
99562,b82016bf-be50-4bf0-a1da-ec41313a2d29,1.000,17.5,1,1,2
99565,c1ba2825-887d-4a3a-80ee-d6d0e86e8eef,1.000,3.5,1,1,2
99566,fcb82e3e-9c6c-40a7-a5aa-aa9bc8ab64ee,0.338,6.0,3,1,2
99567,ee8eeea4-321b-4400-ab52-9b6b523b91e6,0.302,3.1,4,1,2
99570,dfe2f361-dfe4-456b-a586-1ccbe58c68c2,0.255,0.6,7,0,2
99573,ff1922b3-a920-42a9-a10c-e43262c63d0c,0.839,31.9,2,1,2
99576,9261190f-fc7e-4ddd-9a2c-8b22d3a3dea8,0.532,11.0,3,1,2
99581,fd512add-7a7e-4c62-b5a8-b27e444c1f5b,1.000,243.3,1,1,2
99584,d3089142-d3e9-4ccb-b752-9192434c9b45,0.288,0.1,7,0,2
99585,f8be0b8a-3600-4687-a66f-4c4c5f9ab0eb,0.208,12.8,6,1,2
99586,45acad01-7b13-4845-bf0c-2ba5e86b7f05,0.195,2.3,6,1,2
99587,0d63a8fe-dfe1-49e2-ad11-43ef67f99cb3,0.574,2.4,2,1,2
99590,d8766c6d-ef6c-4a2f-9081-fe9e69c3ca8c,1.000,12.2,1,1,2
99593,2cc944df-b384-4a59-82a7-96b1a7e31f20,1.000,151.0,1,1,2
99594,c6807032-dca0-4d95-b5ae-e2ed2fa09d2c,0.337,0.1,3,0,2
99597,6ab366fe-1bbb-4898-bd98-5dbe047d83ce,0.331,10.2,4,1,2
99598,ec6eee59-1802-46de-b6a8-f78f4317547b,0.258,0.1,4,0,2
99602,85559c2a-79d0-4133-920d-4ed537cf671b,0.187,288.6,3,1,2
99603,b41d3997-a9a2-44d5-975a-49db5d185243,0.454,2.1,4,0,2
99606,1eb305d8-edd3-4cb0-bafe-c0143abe14ff,0.960,5.8,2,1,2
99607,6cc1c033-d160-41f5-990c-5dae37e13059,0.513,8.5,5,1,2
99610,417ae857-5652-45ce-8402-909fb939f872,0.444,27.8,4,1,2
99611,b8ac6e86-d8a5-4a13-ba83-999af80d8398,0.217,8.6,6,1,2
99614,0e240c00-f187-408c-ad62-0a636c18edc4,0.211,0.5,6,1,2
99615,446e407c-cc24-4731-9530-a632cc2bdccf,0.499,1.2,4,1,2
99616,6c571853-ecea-497a-9739-4df161831c68,0.337,154.2,3,1,2
99617,793f36c8-ee70-4b3c-b9d8-5c62b8dc4b24,0.353,7.7,5,0,2
99618,24790c68-4792-4df5-8963-4fb04bfc8c81,0.290,10.7,5,1,2
99619,e6d3fbe2-bb52-4fbc-b9e0-d6f500ce845d,0.341,9.8,4,1,2
99620,e126120e-2f9b-463c-b4c1-895c26f0db49,0.254,4.6,5,1,2
99627,98cede4a-35c2-44f2-8a8e-b697b2840ca6,0.253,2.9,9,0,2
99628,43559e01-f75e-42f6-8f82-f410f47bf0b5,0.178,9.6,7,1,2
99629,a9c0e667-f857-46e5-a7cb-be19db14db52,0.242,2.8,5,1,2
99632,366599c8-c5bd-4aa5-8fec-0c43724c15cd,1.000,6.0,1,1,2
99635,1adc8ef7-2c40-4b77-9385-13cc70842eae,0.409,44.3,3,1,2
99636,a116953c-7b10-4dca-9dfa-92b21c019fda,0.499,9.8,4,0,2
99637,c38aa9ce-f6bd-4bab-b64c-3dd89eeea4a8,0.336,32.9,4,1,2
99638,f82a97d6-dd38-4f50-9cdc-21a5f7918a10,0.309,2.4,5,1,2
99639,6de6dd50-7f4f-42e1-b6fe-863bd04931f3,0.496,97.7,2,1,2
99640,1d36af20-f2ed-4e99-8aa5-f0b531821e44,0.260,1.2,4,1,2
99643,792974be-7426-4db0-ba8e-bf17a1f6d3ea,0.482,12.4,5,1,2
99644,0fe099f5-90f2-4b9f-a56f-7b44df196a74,0.311,43.8,6,1,2
99645,7c77df90-3bc5-46fb-a477-4b2eb448af14,0.351,10.7,6,1,2
99646,8557e48b-003b-408a-93ba-4a21ed6de33a,0.573,105.7,3,1,2
99647,6af47af6-21eb-4530-b6d7-d096c90e7564,0.314,9.4,6,0,2
99648,0cf66377-4b83-445a-a11b-999c71c6265b,0.170,16.9,8,0,2
99651,58bf2f02-bdeb-4821-b028-fee020016d05,0.828,6.4,2,1,2
99654,50c7314b-8ee0-4e71-a4fa-05b0bcfc5448,0.336,19.3,5,1,2
99655,77e76440-2d86-4309-86e3-dd45d1c54a14,0.772,18.0,3,1,2
99658,007b7521-026f-4e53-a5ef-76c34afe41da,0.308,12.9,6,0,2
99661,a17ef2c2-5882-4662-ac2c-2bda090feac5,0.507,7.9,4,0,2
99664,b82488f8-03c4-4a74-9b80-513708bf40ac,0.507,17.6,2,1,2
99668,a86f176f-0f6d-4d73-8f20-7a22399a64c1,0.845,13.4,4,1,2
99669,aa07a4e9-f4b2-49ae-8808-472b86075013,0.253,2.6,6,1,2
99672,924f7505-17b3-4689-b950-275222f2b505,0.467,29.1,5,0,2
99673,e8362b94-31a4-4cc7-b2f4-0af1cd95eb60,0.582,123.2,3,1,2
99674,6fa0bf4b-5d7c-4e7e-8970-ef49af0d3cc5,0.509,7.7,2,1,2
99677,cdf058c2-11d2-4389-bddd-11c948e0ba0b,0.135,4.7,8,1,2
99681,2da259c3-c5a4-4aa8-9f83-6ef0698de946,1.000,9.5,1,1,2
99684,eca66330-5ada-488c-a5e1-410b1bb34338,0.360,0.1,3,1,2
99685,7745b5f8-6b09-4864-9ca3-53dce1ec40cc,0.503,1.5,2,1,2
99688,2800aaf2-ef9d-4318-b9f0-edf6224837ee,0.348,10.3,5,1,2
99691,21d7456a-eca8-4f06-a8bb-417f621593fe,0.546,1.0,3,1,2
99694,52c085ab-f738-4eb4-8684-fd842dd9be20,0.256,15.3,7,0,2
99697,aadafe1b-0185-44b1-acff-a94c9a1bdc38,0.504,12.7,3,1,2
99703,8dc2d972-21ec-4537-ac09-b0bab3252404,0.372,105.5,4,1,2
99713,75a07589-1bcb-4485-bb87-e0787eb273fe,0.329,141.5,3,1,2
99716,dfccdca2-3cf2-4c41-a299-691980eec986,0.320,0.4,5,1,2
99718,cf685663-75b1-4b44-bad7-38738e8bca64,0.299,14.5,6,0,2
99721,05b54361-f852-4b62-9db3-ebdc80cbb8fe,0.560,2.1,2,1,2
99724,dd1bbdc7-fb37-47ec-ba59-15224cc8b990,0.368,18.3,3,1,2
99727,ee865427-1ad2-45cf-a780-2922bb481aa8,0.426,0.9,5,1,2
99738,f4a63e0c-214a-4956-a12b-9d456f0a2388,0.481,4.1,3,1,2
99741,82d02107-d6d1-4102-9747-c716cd0a2665,0.502,0.9,2,1,2
99744,2956f042-2b84-4467-b411-dd25d8bd4c84,0.259,32.6,5,1,2
99747,e1ea526b-75f3-455a-bfde-547ca90ccc8b,0.293,6.0,4,1,2
99748,b8116cd5-62ad-4467-963f-b79769444067,1.000,4.8,1,1,2
99752,d52d1df1-ef3a-4093-82c7-735948371bc6,0.848,4.2,3,0,2
99753,e399a5a1-3cf3-472d-906c-b119e08512b7,0.388,1.0,3,1,2
99756,0032abfd-3338-4c9f-8981-765ced95d458,0.506,5.6,2,1,2
99759,346c334a-5502-45e8-a244-0a14d7aaa63f,0.848,4.0,2,0,2
99761,321fff85-23d2-487a-9838-18cbd9a1f939,1.000,9.4,1,1,2
99764,d6e0c1b4-1bbe-4888-a8bd-8c0a78ae6b9f,0.941,103.5,3,1,2
99767,14dc818e-0ff2-4c5a-8c90-4edd9752d7f3,0.269,48.4,4,0,2
99770,2ecdbcf6-558b-432b-9b66-af4312534c26,0.409,10.9,3,0,2
99771,d390364b-1dc4-4188-a1fb-8b3376ab9b6f,0.653,8.3,2,0,2
99772,becdf2be-53dd-4b0a-acb4-a7a1e56e07e0,0.997,1.6,2,1,2
99775,241de6f5-2eed-423a-9bc1-490bd4cac53d,0.895,23.3,2,1,2
99779,6c2d0d01-a61f-4008-a0dc-c02a90c0a390,0.377,3.5,6,0,2
99782,ca97f81d-508e-442b-8ce3-ab837fab5258,0.226,3.8,6,1,2
99791,a04352e7-f78b-4d18-bffb-2ac6f5d190f8,0.272,12.4,5,1,2
99795,3cef878c-f31c-4b84-8151-89e13b464e82,0.480,42.0,2,1,2
99796,9407cb45-835f-4e41-8de1-5112d89ef86f,0.519,5.9,3,0,2
99799,2fe27b4b-a7ca-4e0b-869c-ee2a7c833786,0.268,7.0,4,1,2
99802,847edb27-6d15-40a5-8917-4827de593b99,0.700,0.5,3,0,2
99803,e9d52c6f-304e-4916-b881-83363ee02213,0.212,1.6,6,1,2
99804,af7af8f9-a86a-4fa5-8aa4-b73d949baa45,0.704,18.1,2,1,2
99807,642784bc-2f0c-411b-b28e-deb052c282b2,0.450,2.2,3,1,2
99810,fc0b0e3b-3e1f-49c4-895b-bac99abf20b4,0.428,5.9,5,0,2
99811,d8f53f93-b1f6-47be-b5be-da2fb231d423,0.267,2.8,4,1,2
99814,979e8e5d-b6ce-4e9c-8261-b7bd6d48e4f7,0.927,26.0,2,1,2
99817,b9a70ad2-bba6-440f-bec0-0c94fd9ce1ec,0.555,26.9,2,1,2
99818,73af5068-b74e-48cf-bf58-ddd50da17930,0.444,44.1,2,1,2
99819,3aa1b39a-0a82-4ffc-a3a1-c6614c4c49d6,0.360,5.1,3,0,2
99825,7e7c7626-0b9d-48f6-9bda-a3354808d56e,0.010,488.8,3,1,2
99826,bd578939-e6ff-48f0-ae69-270214b6d600,0.301,156.5,3,1,2
99827,66e7fd3c-c3a3-45d2-9ea3-715152184f2e,0.689,3.0,3,1,2
99828,18335a5f-3ccb-4003-9838-585ab1c6acb4,0.396,107.9,6,0,2
99831,ef988a9b-0404-41ac-a79b-e0c730e1f41e,0.177,5.6,7,1,2
99835,3c318fb1-ba2e-4eed-8cf1-da2882b0c69f,0.206,11.4,10,0,2
99836,946933df-43ef-4605-b4db-c4c0f4c8aeb5,0.262,1.6,9,0,2
99837,a93ab3da-b0a7-4bd3-a0dd-bb3b52b06b2e,0.182,20.3,9,1,2
99838,fda9090e-cf32-4fa4-a9ff-9f7e1eac1fee,0.155,0.7,10,1,2
99841,69636323-159d-4668-9faf-8c903685d631,0.493,4.4,4,1,2
99844,07fab06b-615e-42da-9a63-564dbca52752,0.149,133.5,6,1,2
99847,6ab3ddd7-cc8d-4e50-be78-8bf62d506736,0.422,29.0,4,1,2
99851,d47871af-4c32-40e4-908e-58ca1c03f3bc,0.395,81.3,4,1,2
99852,269ff62d-2ce0-4f1d-a67e-dae0f8f50752,0.180,0.0,8,0,2
99853,8f209a03-f0ed-4213-9301-814cae57ec0b,0.155,15.4,8,0,2
99854,22de8248-4a5c-4376-a3a8-be35ba482912,0.325,14.4,5,0,2
99857,7465ed08-0c99-48a9-b906-b3deaba84d51,0.484,4.7,4,1,2
99858,41e9ecbb-bf94-4fdf-b1bc-0bcf13fdad40,0.327,120.4,3,1,2
99859,bb3d5dd2-67c9-482a-afd0-f6a1533de52d,0.282,3.0,6,1,2
99860,92832488-ae81-4d49-9056-60fc031c9350,0.223,3.6,5,1,2
99863,61fb4f4f-c8bd-4174-b34e-b44c4954ce21,0.406,47.5,3,1,2
99867,4752af03-170b-4a74-a558-f74dfe64e5f3,0.379,221.7,2,1,2
99869,4006f6c7-79f5-4b33-94ec-937dffa612de,0.621,37.3,2,1,2
99875,7a77aa04-303d-487c-8e91-edf6408c1115,0.631,22.7,3,1,2
99878,3c3f9d81-bca8-45bb-9ab7-40a6785f7eda,0.234,0.5,5,1,2
99884,97c4ca82-aee0-40ee-9806-fc7df7a2731d,0.254,21.0,7,1,2
99887,00fb0994-7c70-45de-a572-baf5c6c505b7,0.302,35.8,5,1,2
99896,6ec66e65-84cc-4c32-8078-b314e1ae5843,0.364,5.6,3,1,2
99899,14c412ad-a943-4420-acb7-7e3eac6f6a07,0.500,5.5,2,1,2
99902,20dcc458-b784-4a60-ad7a-92b67c86ecf5,0.354,25.2,4,1,2
99905,e5c5ceef-87b1-4634-9d28-f96b2e2a4cc2,0.443,6.4,5,1,2
99906,0e9a1297-4f29-4a2e-bc7f-bc81fc727b88,0.211,10.5,5,1,2
99909,44f315ac-f85c-4b38-8d3d-3d43eb92d211,0.336,4.5,5,1,2
99916,3459fdc0-f4b6-4c63-b36e-30f040bcfb4a,0.510,0.2,2,1,2
99919,2cccc2b2-c157-472f-9c39-ebcc61a1b3db,1.000,7.9,1,1,2
99922,cc827c95-93ba-4633-8386-d9c4977eeff8,0.496,20.6,3,1,2
99925,79fbdfcd-06f7-4a76-bca5-4b1c41f92948,0.731,25.8,2,0,2
99926,1966c4cd-128c-4e1d-8f16-7e80346f6882,0.314,3.9,4,0,2
99929,81f2bff7-1cee-4fb4-8a33-52659082f834,1.000,182.4,1,1,2
99932,1c126c70-133c-4b9f-9ea5-935f8ca67543,1.000,3.9,1,1,2
99935,9a3fccd8-9982-4131-98ff-98fab5e5b882,1.000,14.8,1,1,2
99938,8345a953-2cba-4375-bae7-a5a007a12439,1.000,25.6,1,0,2
99941,ad92219a-42e6-469a-8584-35a112ae665c,0.502,2.3,3,1,2
99944,53c293e4-9aeb-474c-b033-f07d39c479ad,0.562,26.8,2,1,2
99948,1d75c263-ac05-4cd3-aaad-793c3033159a,0.362,13.0,3,1,2
99951,8ce568f9-59b4-4202-bae4-67628b8ae436,0.345,48.5,3,1,2
99952,2c76f667-49e6-4a14-bddf-d96cceffb494,0.264,17.1,4,0,2
99955,72c90638-df7a-4199-8b35-7883fc1f6620,0.492,41.7,2,1,2
99956,dcd141bf-6efc-4298-bb48-a85386fb57b3,0.341,2.8,3,1,2
99959,d5b684a4-b8e1-43a9-b5bd-1e8c63ed2368,0.204,18.3,7,1,2
99960,ec5af3f1-9c2b-4dc6-aac1-c0962b21a8e9,0.363,8.0,4,0,2
99963,1b14a91b-5282-44bb-b702-5f2b8d401bbf,0.381,9.4,5,0,2
99966,5250fd7b-af57-458a-80ac-e1b81ce31a02,0.423,10.3,4,1,2
99969,aa1532e7-12b7-43c6-aac2-4c9c8ac8e701,0.134,13.6,9,1,2
99972,33058205-862e-4c1f-a703-76b557e36b7e,0.459,8.1,4,1,2
99973,cd512f5e-217b-4c03-92fa-b83dc1cbc086,0.218,15.2,6,0,2
99976,ce3bf262-8239-424d-a583-bae10b835e23,1.000,4.2,1,1,2
99979,38c9c19e-8230-42fb-850e-2f8ca5c75f38,0.189,1.9,6,0,2
99983,cc11a92b-d7be-4516-b85b-f6c1e994b2fb,1.000,13.1,1,0,2
99984,c74cf614-02b3-4d15-a59d-965c4fd88a1c,1.000,111.6,1,0,2
99985,7a7f579f-c6ac-4292-9dd2-80b938d5a37b,0.508,4.7,2,1,2
99988,b75bc5db-d9d1-4140-b087-c32c980df3d8,0.491,19.5,4,0,2
99991,d2e84b51-4bb7-4390-934c-b9443edf5c34,0.769,8.9,3,1,2
99997,ef54759e-96bd-42d4-ab8b-db6bfc7b706a,0.469,229.0,3,1,2
99998,7d32c1f6-2678-4d72-aecb-e44d44cbccaf,0.498,47.6,3,1,2
99999,97baae96-a0d0-4435-a2aa-db1783ea3c8a,0.353,6.0,4,1,2
